#0 building with "desktop-linux" instance using docker driver

#1 [internal] load build definition from Dockerfile
#1 transferring dockerfile: 936B done
#1 DONE 0.0s

#2 [internal] load metadata for docker.io/library/eclipse-temurin:21-jre
#2 ...

#3 [internal] load metadata for docker.io/library/maven:3.9.9-eclipse-temurin-21
#3 DONE 1.3s

#2 [internal] load metadata for docker.io/library/eclipse-temurin:21-jre
#2 DONE 2.2s

#4 [internal] load .dockerignore
#4 transferring context: 2B done
#4 DONE 0.0s

#5 [builder 1/6] FROM docker.io/library/maven:3.9.9-eclipse-temurin-21@sha256:3a4ab3276a087bf276f79cae96b1af04f53731bec53fb2e651aca79e4b10211e
#5 DONE 0.0s

#6 [builder 2/6] WORKDIR /app
#6 CACHED

#7 [internal] load build context
#7 transferring context: 3.84kB 0.0s done
#7 DONE 0.0s

#8 [builder 3/6] COPY pom.xml .
#8 DONE 0.1s

#9 [stage-1 1/3] FROM docker.io/library/eclipse-temurin:21-jre@sha256:273396ed5998598ed1091e8d72711c2d36980a0e65103859c55a4e977a41ffd3
#9 resolve docker.io/library/eclipse-temurin:21-jre@sha256:273396ed5998598ed1091e8d72711c2d36980a0e65103859c55a4e977a41ffd3 0.0s done
#9 sha256:167490fa9606dbb83d0cb23b5013c864e78c81897777e78ad459cb9dd6e5cb0c 0B / 160B 0.1s
#9 sha256:a02d0b03cb7d0cc968dd4eb1834ba99ad04d0e1988c2a2176c72ce304db7d72d 9.01kB / 9.01kB done
#9 sha256:6ab9212ef3d529a99e7ec46ac5e9817496cfceed40ac780fc5cae867f9a50c36 0B / 19.93MB 0.1s
#9 sha256:8852b592a066427ad5c1c3a6eb4143f649e9bed197bec2704b6979da6708b7e9 0B / 52.32MB 0.1s
#9 sha256:273396ed5998598ed1091e8d72711c2d36980a0e65103859c55a4e977a41ffd3 5.92kB / 5.92kB done
#9 sha256:a812e3dfd73599255db249eb32d74f019adb54a2f51c121a5f2c75ab40eb841f 2.14kB / 2.14kB done
#9 sha256:6ab9212ef3d529a99e7ec46ac5e9817496cfceed40ac780fc5cae867f9a50c36 1.05MB / 19.93MB 0.8s
#9 sha256:167490fa9606dbb83d0cb23b5013c864e78c81897777e78ad459cb9dd6e5cb0c 160B / 160B 0.9s done
#9 sha256:1399a00b7a0ddc643aa0d1feb1b97bceef53418a5a31854c194210f2f877c54e 0B / 2.28kB 0.9s
#9 sha256:6ab9212ef3d529a99e7ec46ac5e9817496cfceed40ac780fc5cae867f9a50c36 2.10MB / 19.93MB 1.0s
#9 sha256:6ab9212ef3d529a99e7ec46ac5e9817496cfceed40ac780fc5cae867f9a50c36 3.15MB / 19.93MB 1.3s
#9 sha256:1399a00b7a0ddc643aa0d1feb1b97bceef53418a5a31854c194210f2f877c54e 2.28kB / 2.28kB 1.2s done
#9 sha256:6ab9212ef3d529a99e7ec46ac5e9817496cfceed40ac780fc5cae867f9a50c36 4.19MB / 19.93MB 1.6s
#9 sha256:6ab9212ef3d529a99e7ec46ac5e9817496cfceed40ac780fc5cae867f9a50c36 5.24MB / 19.93MB 1.9s
#9 sha256:8852b592a066427ad5c1c3a6eb4143f649e9bed197bec2704b6979da6708b7e9 3.15MB / 52.32MB 2.1s
#9 sha256:6ab9212ef3d529a99e7ec46ac5e9817496cfceed40ac780fc5cae867f9a50c36 6.29MB / 19.93MB 2.3s
#9 sha256:6ab9212ef3d529a99e7ec46ac5e9817496cfceed40ac780fc5cae867f9a50c36 7.34MB / 19.93MB 2.6s
#9 sha256:6ab9212ef3d529a99e7ec46ac5e9817496cfceed40ac780fc5cae867f9a50c36 8.39MB / 19.93MB 3.2s
#9 sha256:8852b592a066427ad5c1c3a6eb4143f649e9bed197bec2704b6979da6708b7e9 6.29MB / 52.32MB 3.3s
#9 sha256:6ab9212ef3d529a99e7ec46ac5e9817496cfceed40ac780fc5cae867f9a50c36 9.44MB / 19.93MB 3.6s
#9 sha256:6ab9212ef3d529a99e7ec46ac5e9817496cfceed40ac780fc5cae867f9a50c36 10.49MB / 19.93MB 4.0s
#9 sha256:6ab9212ef3d529a99e7ec46ac5e9817496cfceed40ac780fc5cae867f9a50c36 11.53MB / 19.93MB 4.5s
#9 sha256:8852b592a066427ad5c1c3a6eb4143f649e9bed197bec2704b6979da6708b7e9 9.44MB / 52.32MB 4.6s
#9 sha256:6ab9212ef3d529a99e7ec46ac5e9817496cfceed40ac780fc5cae867f9a50c36 12.58MB / 19.93MB 4.9s
#9 sha256:6ab9212ef3d529a99e7ec46ac5e9817496cfceed40ac780fc5cae867f9a50c36 13.63MB / 19.93MB 5.3s
#9 sha256:6ab9212ef3d529a99e7ec46ac5e9817496cfceed40ac780fc5cae867f9a50c36 14.68MB / 19.93MB 5.6s
#9 sha256:8852b592a066427ad5c1c3a6eb4143f649e9bed197bec2704b6979da6708b7e9 12.58MB / 52.32MB 5.9s
#9 sha256:6ab9212ef3d529a99e7ec46ac5e9817496cfceed40ac780fc5cae867f9a50c36 15.73MB / 19.93MB 6.0s
#9 sha256:6ab9212ef3d529a99e7ec46ac5e9817496cfceed40ac780fc5cae867f9a50c36 16.78MB / 19.93MB 6.2s
#9 sha256:6ab9212ef3d529a99e7ec46ac5e9817496cfceed40ac780fc5cae867f9a50c36 17.83MB / 19.93MB 6.6s
#9 sha256:6ab9212ef3d529a99e7ec46ac5e9817496cfceed40ac780fc5cae867f9a50c36 18.87MB / 19.93MB 7.1s
#9 sha256:8852b592a066427ad5c1c3a6eb4143f649e9bed197bec2704b6979da6708b7e9 15.73MB / 52.32MB 7.1s
#9 sha256:6ab9212ef3d529a99e7ec46ac5e9817496cfceed40ac780fc5cae867f9a50c36 19.93MB / 19.93MB 7.3s
#9 sha256:6ab9212ef3d529a99e7ec46ac5e9817496cfceed40ac780fc5cae867f9a50c36 19.93MB / 19.93MB 7.4s done
#9 extracting sha256:6ab9212ef3d529a99e7ec46ac5e9817496cfceed40ac780fc5cae867f9a50c36
#9 sha256:8852b592a066427ad5c1c3a6eb4143f649e9bed197bec2704b6979da6708b7e9 18.87MB / 52.32MB 8.0s
#9 extracting sha256:6ab9212ef3d529a99e7ec46ac5e9817496cfceed40ac780fc5cae867f9a50c36 0.8s done
#9 sha256:8852b592a066427ad5c1c3a6eb4143f649e9bed197bec2704b6979da6708b7e9 22.02MB / 52.32MB 8.5s
#9 sha256:8852b592a066427ad5c1c3a6eb4143f649e9bed197bec2704b6979da6708b7e9 25.17MB / 52.32MB 9.0s
#9 sha256:8852b592a066427ad5c1c3a6eb4143f649e9bed197bec2704b6979da6708b7e9 28.31MB / 52.32MB 9.6s
#9 ...

#10 [builder 4/6] RUN mvn dependency:go-offline -B
#10 1.455 [INFO] Scanning for projects...
#10 1.606 [INFO] Downloading from central: https://repo.maven.apache.org/maven2/org/springframework/boot/spring-boot-starter-parent/4.0.7/spring-boot-starter-parent-4.0.7.pom
#10 2.271 [INFO] Downloaded from central: https://repo.maven.apache.org/maven2/org/springframework/boot/spring-boot-starter-parent/4.0.7/spring-boot-starter-parent-4.0.7.pom (14 kB at 20 kB/s)
#10 2.290 [INFO] Downloading from central: https://repo.maven.apache.org/maven2/org/springframework/boot/spring-boot-dependencies/4.0.7/spring-boot-dependencies-4.0.7.pom
#10 2.360 [INFO] Downloaded from central: https://repo.maven.apache.org/maven2/org/springframework/boot/spring-boot-dependencies/4.0.7/spring-boot-dependencies-4.0.7.pom (138 kB at 2.0 MB/s)
#10 2.397 [INFO] Downloading from central: https://repo.maven.apache.org/maven2/org/apache/activemq/activemq-bom/6.1.8/activemq-bom-6.1.8.pom
#10 2.454 [INFO] Downloaded from central: https://repo.maven.apache.org/maven2/org/apache/activemq/activemq-bom/6.1.8/activemq-bom-6.1.8.pom (7.9 kB at 138 kB/s)
#10 2.457 [INFO] Downloading from central: https://repo.maven.apache.org/maven2/org/apache/activemq/artemis-bom/2.43.0/artemis-bom-2.43.0.pom
#10 2.595 [INFO] Downloaded from central: https://repo.maven.apache.org/maven2/org/apache/activemq/artemis-bom/2.43.0/artemis-bom-2.43.0.pom (9.4 kB at 68 kB/s)
#10 2.598 [INFO] Downloading from central: https://repo.maven.apache.org/maven2/org/apache/activemq/artemis-project/2.43.0/artemis-project-2.43.0.pom
#10 2.644 [INFO] Downloaded from central: https://repo.maven.apache.org/maven2/org/apache/activemq/artemis-project/2.43.0/artemis-project-2.43.0.pom (56 kB at 1.2 MB/s)
#10 2.651 [INFO] Downloading from central: https://repo.maven.apache.org/maven2/org/apache/apache/35/apache-35.pom
#10 2.700 [INFO] Downloaded from central: https://repo.maven.apache.org/maven2/org/apache/apache/35/apache-35.pom (24 kB at 495 kB/s)
#10 2.705 [INFO] Downloading from central: https://repo.maven.apache.org/maven2/org/assertj/assertj-bom/3.27.7/assertj-bom-3.27.7.pom
#10 2.781 [INFO] Downloaded from central: https://repo.maven.apache.org/maven2/org/assertj/assertj-bom/3.27.7/assertj-bom-3.27.7.pom (3.3 kB at 44 kB/s)
#10 2.784 [INFO] Downloading from central: https://repo.maven.apache.org/maven2/io/zipkin/reporter2/zipkin-reporter-bom/3.5.3/zipkin-reporter-bom-3.5.3.pom
#10 2.911 [INFO] Downloaded from central: https://repo.maven.apache.org/maven2/io/zipkin/reporter2/zipkin-reporter-bom/3.5.3/zipkin-reporter-bom-3.5.3.pom (6.1 kB at 48 kB/s)
#10 2.916 [INFO] Downloading from central: https://repo.maven.apache.org/maven2/io/zipkin/brave/brave-bom/6.3.1/brave-bom-6.3.1.pom
#10 3.018 [INFO] Downloaded from central: https://repo.maven.apache.org/maven2/io/zipkin/brave/brave-bom/6.3.1/brave-bom-6.3.1.pom (11 kB at 111 kB/s)
#10 3.021 [INFO] Downloading from central: https://repo.maven.apache.org/maven2/org/apache/cassandra/java-driver-bom/4.19.3/java-driver-bom-4.19.3.pom
#10 3.110 [INFO] Downloaded from central: https://repo.maven.apache.org/maven2/org/apache/cassandra/java-driver-bom/4.19.3/java-driver-bom-4.19.3.pom (5.5 kB at 61 kB/s)
#10 3.116 [INFO] Downloading from central: https://repo.maven.apache.org/maven2/org/apache/groovy/groovy-bom/5.0.6/groovy-bom-5.0.6.pom
#10 3.169 [INFO] Downloaded from central: https://repo.maven.apache.org/maven2/org/apache/groovy/groovy-bom/5.0.6/groovy-bom-5.0.6.pom (27 kB at 524 kB/s)
#10 3.179 [INFO] Downloading from central: https://repo.maven.apache.org/maven2/org/infinispan/infinispan-bom/15.2.6.Final/infinispan-bom-15.2.6.Final.pom
#10 3.283 [INFO] Downloaded from central: https://repo.maven.apache.org/maven2/org/infinispan/infinispan-bom/15.2.6.Final/infinispan-bom-15.2.6.Final.pom (17 kB at 168 kB/s)
#10 3.291 [INFO] Downloading from central: https://repo.maven.apache.org/maven2/org/infinispan/infinispan-build-configuration-parent/15.2.6.Final/infinispan-build-configuration-parent-15.2.6.Final.pom
#10 3.392 [INFO] Downloaded from central: https://repo.maven.apache.org/maven2/org/infinispan/infinispan-build-configuration-parent/15.2.6.Final/infinispan-build-configuration-parent-15.2.6.Final.pom (17 kB at 168 kB/s)
#10 3.398 [INFO] Downloading from central: https://repo.maven.apache.org/maven2/com/fasterxml/jackson/jackson-bom/2.21.4/jackson-bom-2.21.4.pom
#10 3.481 [INFO] Downloaded from central: https://repo.maven.apache.org/maven2/com/fasterxml/jackson/jackson-bom/2.21.4/jackson-bom-2.21.4.pom (20 kB at 241 kB/s)
#10 3.486 [INFO] Downloading from central: https://repo.maven.apache.org/maven2/com/fasterxml/jackson/jackson-parent/2.21/jackson-parent-2.21.pom
#10 3.584 [INFO] Downloaded from central: https://repo.maven.apache.org/maven2/com/fasterxml/jackson/jackson-parent/2.21/jackson-parent-2.21.pom (6.9 kB at 69 kB/s)
#10 3.588 [INFO] Downloading from central: https://repo.maven.apache.org/maven2/com/fasterxml/oss-parent/75/oss-parent-75.pom
#10 3.667 [INFO] Downloaded from central: https://repo.maven.apache.org/maven2/com/fasterxml/oss-parent/75/oss-parent-75.pom (24 kB at 304 kB/s)
#10 3.677 [INFO] Downloading from central: https://repo.maven.apache.org/maven2/tools/jackson/jackson-bom/3.1.4/jackson-bom-3.1.4.pom
#10 3.784 [INFO] Downloaded from central: https://repo.maven.apache.org/maven2/tools/jackson/jackson-bom/3.1.4/jackson-bom-3.1.4.pom (20 kB at 184 kB/s)
#10 3.789 [INFO] Downloading from central: https://repo.maven.apache.org/maven2/com/fasterxml/oss-parent/79/oss-parent-79.pom
#10 3.875 [INFO] Downloaded from central: https://repo.maven.apache.org/maven2/com/fasterxml/oss-parent/79/oss-parent-79.pom (24 kB at 284 kB/s)
#10 3.882 [INFO] Downloading from central: https://repo.maven.apache.org/maven2/org/glassfish/jersey/jersey-bom/4.0.2/jersey-bom-4.0.2.pom
#10 3.978 [INFO] Downloaded from central: https://repo.maven.apache.org/maven2/org/glassfish/jersey/jersey-bom/4.0.2/jersey-bom-4.0.2.pom (24 kB at 247 kB/s)
#10 3.985 [INFO] Downloading from central: https://repo.maven.apache.org/maven2/org/eclipse/ee4j/project/1.0.9/project-1.0.9.pom
#10 4.078 [INFO] Downloaded from central: https://repo.maven.apache.org/maven2/org/eclipse/ee4j/project/1.0.9/project-1.0.9.pom (16 kB at 172 kB/s)
#10 4.085 [INFO] Downloading from central: https://repo.maven.apache.org/maven2/org/eclipse/jetty/ee11/jetty-ee11-bom/12.1.10/jetty-ee11-bom-12.1.10.pom
#10 4.169 [INFO] Downloaded from central: https://repo.maven.apache.org/maven2/org/eclipse/jetty/ee11/jetty-ee11-bom/12.1.10/jetty-ee11-bom-12.1.10.pom (9.4 kB at 112 kB/s)
#10 4.174 [INFO] Downloading from central: https://repo.maven.apache.org/maven2/org/eclipse/jetty/jetty-bom/12.1.10/jetty-bom-12.1.10.pom
#10 4.232 [INFO] Downloaded from central: https://repo.maven.apache.org/maven2/org/eclipse/jetty/jetty-bom/12.1.10/jetty-bom-12.1.10.pom (17 kB at 293 kB/s)
#10 4.238 [INFO] Downloading from central: https://repo.maven.apache.org/maven2/org/jooq/jooq-bom/3.19.35/jooq-bom-3.19.35.pom
#10 4.317 [INFO] Downloaded from central: https://repo.maven.apache.org/maven2/org/jooq/jooq-bom/3.19.35/jooq-bom-3.19.35.pom (4.7 kB at 60 kB/s)
#10 4.323 [INFO] Downloading from central: https://repo.maven.apache.org/maven2/org/junit/junit-bom/6.0.3/junit-bom-6.0.3.pom
#10 4.368 [INFO] Downloaded from central: https://repo.maven.apache.org/maven2/org/junit/junit-bom/6.0.3/junit-bom-6.0.3.pom (5.1 kB at 114 kB/s)
#10 4.373 [INFO] Downloading from central: https://repo.maven.apache.org/maven2/org/jetbrains/kotlin/kotlin-bom/2.2.21/kotlin-bom-2.2.21.pom
#10 4.429 [INFO] Downloaded from central: https://repo.maven.apache.org/maven2/org/jetbrains/kotlin/kotlin-bom/2.2.21/kotlin-bom-2.2.21.pom (9.4 kB at 169 kB/s)
#10 4.434 [INFO] Downloading from central: https://repo.maven.apache.org/maven2/org/jetbrains/kotlinx/kotlinx-coroutines-bom/1.10.2/kotlinx-coroutines-bom-1.10.2.pom
#10 4.506 [INFO] Downloaded from central: https://repo.maven.apache.org/maven2/org/jetbrains/kotlinx/kotlinx-coroutines-bom/1.10.2/kotlinx-coroutines-bom-1.10.2.pom (4.3 kB at 59 kB/s)
#10 4.511 [INFO] Downloading from central: https://repo.maven.apache.org/maven2/org/jetbrains/kotlinx/kotlinx-serialization-bom/1.9.0/kotlinx-serialization-bom-1.9.0.pom
#10 4.557 [INFO] Downloaded from central: https://repo.maven.apache.org/maven2/org/jetbrains/kotlinx/kotlinx-serialization-bom/1.9.0/kotlinx-serialization-bom-1.9.0.pom (4.0 kB at 85 kB/s)
#10 4.561 [INFO] Downloading from central: https://repo.maven.apache.org/maven2/org/apache/logging/log4j/log4j-bom/2.25.4/log4j-bom-2.25.4.pom
#10 4.649 [INFO] Downloaded from central: https://repo.maven.apache.org/maven2/org/apache/logging/log4j/log4j-bom/2.25.4/log4j-bom-2.25.4.pom (12 kB at 141 kB/s)
#10 4.655 [INFO] Downloading from central: https://repo.maven.apache.org/maven2/io/micrometer/micrometer-bom/1.16.6/micrometer-bom-1.16.6.pom
#10 4.705 [INFO] Downloaded from central: https://repo.maven.apache.org/maven2/io/micrometer/micrometer-bom/1.16.6/micrometer-bom-1.16.6.pom (8.6 kB at 168 kB/s)
#10 4.710 [INFO] Downloading from central: https://repo.maven.apache.org/maven2/org/mockito/mockito-bom/5.20.0/mockito-bom-5.20.0.pom
#10 4.755 [INFO] Downloaded from central: https://repo.maven.apache.org/maven2/org/mockito/mockito-bom/5.20.0/mockito-bom-5.20.0.pom (3.0 kB at 66 kB/s)
#10 4.758 [INFO] Downloading from central: https://repo.maven.apache.org/maven2/org/mongodb/mongodb-driver-bom/5.6.5/mongodb-driver-bom-5.6.5.pom
#10 4.796 [INFO] Downloaded from central: https://repo.maven.apache.org/maven2/org/mongodb/mongodb-driver-bom/5.6.5/mongodb-driver-bom-5.6.5.pom (4.2 kB at 110 kB/s)
#10 4.799 [INFO] Downloading from central: https://repo.maven.apache.org/maven2/org/neo4j/driver/neo4j-java-driver-bom/6.1.0/neo4j-java-driver-bom-6.1.0.pom
#10 4.839 [INFO] Downloaded from central: https://repo.maven.apache.org/maven2/org/neo4j/driver/neo4j-java-driver-bom/6.1.0/neo4j-java-driver-bom-6.1.0.pom (2.3 kB at 58 kB/s)
#10 4.843 [INFO] Downloading from central: https://repo.maven.apache.org/maven2/org/neo4j/bolt/neo4j-bolt-connection-bom/11.0.2/neo4j-bolt-connection-bom-11.0.2.pom
#10 4.885 [INFO] Downloaded from central: https://repo.maven.apache.org/maven2/org/neo4j/bolt/neo4j-bolt-connection-bom/11.0.2/neo4j-bolt-connection-bom-11.0.2.pom (2.5 kB at 58 kB/s)
#10 4.889 [INFO] Downloading from central: https://repo.maven.apache.org/maven2/io/netty/netty-bom/4.2.15.Final/netty-bom-4.2.15.Final.pom
#10 4.934 [INFO] Downloaded from central: https://repo.maven.apache.org/maven2/io/netty/netty-bom/4.2.15.Final/netty-bom-4.2.15.Final.pom (19 kB at 427 kB/s)
#10 4.937 [INFO] Downloading from central: https://repo.maven.apache.org/maven2/org/sonatype/oss/oss-parent/7/oss-parent-7.pom
#10 4.966 [INFO] Downloaded from central: https://repo.maven.apache.org/maven2/org/sonatype/oss/oss-parent/7/oss-parent-7.pom (4.8 kB at 166 kB/s)
#10 4.972 [INFO] Downloading from central: https://repo.maven.apache.org/maven2/io/opentelemetry/opentelemetry-bom/1.55.0/opentelemetry-bom-1.55.0.pom
#10 5.006 [INFO] Downloaded from central: https://repo.maven.apache.org/maven2/io/opentelemetry/opentelemetry-bom/1.55.0/opentelemetry-bom-1.55.0.pom (6.0 kB at 173 kB/s)
#10 5.011 [INFO] Downloading from central: https://repo.maven.apache.org/maven2/io/prometheus/prometheus-metrics-bom/1.4.3/prometheus-metrics-bom-1.4.3.pom
#10 5.052 [INFO] Downloaded from central: https://repo.maven.apache.org/maven2/io/prometheus/prometheus-metrics-bom/1.4.3/prometheus-metrics-bom-1.4.3.pom (5.8 kB at 139 kB/s)
#10 5.056 [INFO] Downloading from central: https://repo.maven.apache.org/maven2/io/prometheus/client_java_parent/1.4.3/client_java_parent-1.4.3.pom
#10 5.141 [INFO] Downloaded from central: https://repo.maven.apache.org/maven2/io/prometheus/client_java_parent/1.4.3/client_java_parent-1.4.3.pom (4.3 kB at 51 kB/s)
#10 5.147 [INFO] Downloading from central: https://repo.maven.apache.org/maven2/io/prometheus/simpleclient_bom/0.16.0/simpleclient_bom-0.16.0.pom
#10 5.227 [INFO] Downloaded from central: https://repo.maven.apache.org/maven2/io/prometheus/simpleclient_bom/0.16.0/simpleclient_bom-0.16.0.pom (6.0 kB at 74 kB/s)
#10 5.231 [INFO] Downloading from central: https://repo.maven.apache.org/maven2/io/prometheus/parent/0.16.0/parent-0.16.0.pom
#10 5.309 [INFO] Downloaded from central: https://repo.maven.apache.org/maven2/io/prometheus/parent/0.16.0/parent-0.16.0.pom (13 kB at 163 kB/s)
#10 5.315 [INFO] Downloading from central: https://repo.maven.apache.org/maven2/org/apache/pulsar/pulsar-bom/4.1.3/pulsar-bom-4.1.3.pom
#10 5.392 [INFO] Downloaded from central: https://repo.maven.apache.org/maven2/org/apache/pulsar/pulsar-bom/4.1.3/pulsar-bom-4.1.3.pom (25 kB at 327 kB/s)
#10 5.400 [INFO] Downloading from central: https://repo.maven.apache.org/maven2/com/querydsl/querydsl-bom/5.1.0/querydsl-bom-5.1.0.pom
#10 5.450 [INFO] Downloaded from central: https://repo.maven.apache.org/maven2/com/querydsl/querydsl-bom/5.1.0/querydsl-bom-5.1.0.pom (7.2 kB at 143 kB/s)
#10 5.452 [INFO] Downloading from central: https://repo.maven.apache.org/maven2/io/projectreactor/reactor-bom/2025.0.6/reactor-bom-2025.0.6.pom
#10 5.535 [INFO] Downloaded from central: https://repo.maven.apache.org/maven2/io/projectreactor/reactor-bom/2025.0.6/reactor-bom-2025.0.6.pom (4.6 kB at 55 kB/s)
#10 5.538 [INFO] Downloading from central: https://repo.maven.apache.org/maven2/io/rsocket/rsocket-bom/1.1.5/rsocket-bom-1.1.5.pom
#10 5.582 [INFO] Downloaded from central: https://repo.maven.apache.org/maven2/io/rsocket/rsocket-bom/1.1.5/rsocket-bom-1.1.5.pom (2.4 kB at 54 kB/s)
#10 5.585 [INFO] Downloading from central: https://repo.maven.apache.org/maven2/org/seleniumhq/selenium/selenium-bom/4.37.0/selenium-bom-4.37.0.pom
#10 5.638 [INFO] Downloaded from central: https://repo.maven.apache.org/maven2/org/seleniumhq/selenium/selenium-bom/4.37.0/selenium-bom-4.37.0.pom (5.8 kB at 108 kB/s)
#10 5.642 [INFO] Downloading from central: https://repo.maven.apache.org/maven2/org/springframework/amqp/spring-amqp-bom/4.0.4/spring-amqp-bom-4.0.4.pom
#10 5.711 [INFO] Downloaded from central: https://repo.maven.apache.org/maven2/org/springframework/amqp/spring-amqp-bom/4.0.4/spring-amqp-bom-4.0.4.pom (4.1 kB at 59 kB/s)
#10 5.716 [INFO] Downloading from central: https://repo.maven.apache.org/maven2/org/springframework/batch/spring-batch-bom/6.0.4/spring-batch-bom-6.0.4.pom
#10 5.775 [INFO] Downloaded from central: https://repo.maven.apache.org/maven2/org/springframework/batch/spring-batch-bom/6.0.4/spring-batch-bom-6.0.4.pom (3.2 kB at 53 kB/s)
#10 5.779 [INFO] Downloading from central: https://repo.maven.apache.org/maven2/org/springframework/data/spring-data-bom/2025.1.6/spring-data-bom-2025.1.6.pom
#10 5.860 [INFO] Downloaded from central: https://repo.maven.apache.org/maven2/org/springframework/data/spring-data-bom/2025.1.6/spring-data-bom-2025.1.6.pom (5.5 kB at 75 kB/s)
#10 5.860 [INFO] Downloading from central: https://repo.maven.apache.org/maven2/org/springframework/spring-framework-bom/7.0.8/spring-framework-bom-7.0.8.pom
#10 5.896 [INFO] Downloaded from central: https://repo.maven.apache.org/maven2/org/springframework/spring-framework-bom/7.0.8/spring-framework-bom-7.0.8.pom (5.7 kB at 138 kB/s)
#10 5.900 [INFO] Downloading from central: https://repo.maven.apache.org/maven2/org/springframework/integration/spring-integration-bom/7.0.5/spring-integration-bom-7.0.5.pom
#10 5.943 [INFO] Downloaded from central: https://repo.maven.apache.org/maven2/org/springframework/integration/spring-integration-bom/7.0.5/spring-integration-bom-7.0.5.pom (10 kB at 236 kB/s)
#10 5.946 [INFO] Downloading from central: https://repo.maven.apache.org/maven2/org/springframework/pulsar/spring-pulsar-bom/2.0.6/spring-pulsar-bom-2.0.6.pom
#10 6.002 [INFO] Downloaded from central: https://repo.maven.apache.org/maven2/org/springframework/pulsar/spring-pulsar-bom/2.0.6/spring-pulsar-bom-2.0.6.pom (2.7 kB at 49 kB/s)
#10 6.007 [INFO] Downloading from central: https://repo.maven.apache.org/maven2/org/springframework/restdocs/spring-restdocs-bom/4.0.1/spring-restdocs-bom-4.0.1.pom
#10 6.072 [INFO] Downloaded from central: https://repo.maven.apache.org/maven2/org/springframework/restdocs/spring-restdocs-bom/4.0.1/spring-restdocs-bom-4.0.1.pom (2.4 kB at 36 kB/s)
#10 6.076 [INFO] Downloading from central: https://repo.maven.apache.org/maven2/org/springframework/security/spring-security-bom/7.0.6/spring-security-bom-7.0.6.pom
#10 6.190 [INFO] Downloaded from central: https://repo.maven.apache.org/maven2/org/springframework/security/spring-security-bom/7.0.6/spring-security-bom-7.0.6.pom (6.7 kB at 59 kB/s)
#10 6.193 [INFO] Downloading from central: https://repo.maven.apache.org/maven2/org/springframework/session/spring-session-bom/4.0.4/spring-session-bom-4.0.4.pom
#10 6.248 [INFO] Downloaded from central: https://repo.maven.apache.org/maven2/org/springframework/session/spring-session-bom/4.0.4/spring-session-bom-4.0.4.pom (2.5 kB at 46 kB/s)
#10 6.251 [INFO] Downloading from central: https://repo.maven.apache.org/maven2/org/springframework/ws/spring-ws-bom/5.0.2/spring-ws-bom-5.0.2.pom
#10 6.327 [INFO] Downloaded from central: https://repo.maven.apache.org/maven2/org/springframework/ws/spring-ws-bom/5.0.2/spring-ws-bom-5.0.2.pom (2.3 kB at 30 kB/s)
#10 6.331 [INFO] Downloading from central: https://repo.maven.apache.org/maven2/org/testcontainers/testcontainers-bom/2.0.5/testcontainers-bom-2.0.5.pom
#10 6.380 [INFO] Downloaded from central: https://repo.maven.apache.org/maven2/org/testcontainers/testcontainers-bom/2.0.5/testcontainers-bom-2.0.5.pom (12 kB at 255 kB/s)
#10 6.411 [INFO] Downloading from central: https://repo.maven.apache.org/maven2/org/springframework/boot/spring-boot-maven-plugin/4.0.7/spring-boot-maven-plugin-4.0.7.pom
#10 6.457 [INFO] Downloaded from central: https://repo.maven.apache.org/maven2/org/springframework/boot/spring-boot-maven-plugin/4.0.7/spring-boot-maven-plugin-4.0.7.pom (4.0 kB at 89 kB/s)
#10 6.463 [INFO] Downloading from central: https://repo.maven.apache.org/maven2/org/springframework/boot/spring-boot-maven-plugin/4.0.7/spring-boot-maven-plugin-4.0.7.jar
#10 6.601 [INFO] Downloaded from central: https://repo.maven.apache.org/maven2/org/springframework/boot/spring-boot-maven-plugin/4.0.7/spring-boot-maven-plugin-4.0.7.jar (139 kB at 1.0 MB/s)
#10 6.607 [INFO] Downloading from central: https://repo.maven.apache.org/maven2/org/apache/maven/plugins/maven-clean-plugin/3.5.0/maven-clean-plugin-3.5.0.pom
#10 6.691 [INFO] Downloaded from central: https://repo.maven.apache.org/maven2/org/apache/maven/plugins/maven-clean-plugin/3.5.0/maven-clean-plugin-3.5.0.pom (5.7 kB at 68 kB/s)
#10 6.693 [INFO] Downloading from central: https://repo.maven.apache.org/maven2/org/apache/maven/plugins/maven-plugins/44/maven-plugins-44.pom
#10 6.732 [INFO] Downloaded from central: https://repo.maven.apache.org/maven2/org/apache/maven/plugins/maven-plugins/44/maven-plugins-44.pom (8.4 kB at 214 kB/s)
#10 6.734 [INFO] Downloading from central: https://repo.maven.apache.org/maven2/org/apache/maven/maven-parent/44/maven-parent-44.pom
#10 6.775 [INFO] Downloaded from central: https://repo.maven.apache.org/maven2/org/apache/maven/maven-parent/44/maven-parent-44.pom (52 kB at 1.3 MB/s)
#10 6.779 [INFO] Downloading from central: https://repo.maven.apache.org/maven2/org/apache/apache/34/apache-34.pom
#10 6.837 [INFO] Downloaded from central: https://repo.maven.apache.org/maven2/org/apache/apache/34/apache-34.pom (24 kB at 418 kB/s)
#10 6.844 [INFO] Downloading from central: https://repo.maven.apache.org/maven2/org/junit/junit-bom/5.12.1/junit-bom-5.12.1.pom
#10 6.932 [INFO] Downloaded from central: https://repo.maven.apache.org/maven2/org/junit/junit-bom/5.12.1/junit-bom-5.12.1.pom (5.6 kB at 65 kB/s)
#10 6.937 [INFO] Downloading from central: https://repo.maven.apache.org/maven2/org/apache/maven/plugins/maven-clean-plugin/3.5.0/maven-clean-plugin-3.5.0.jar
#10 7.015 [INFO] Downloaded from central: https://repo.maven.apache.org/maven2/org/apache/maven/plugins/maven-clean-plugin/3.5.0/maven-clean-plugin-3.5.0.jar (37 kB at 471 kB/s)
#10 7.019 [INFO] Downloading from central: https://repo.maven.apache.org/maven2/org/apache/maven/plugins/maven-resources-plugin/3.3.1/maven-resources-plugin-3.3.1.pom
#10 7.063 [INFO] Downloaded from central: https://repo.maven.apache.org/maven2/org/apache/maven/plugins/maven-resources-plugin/3.3.1/maven-resources-plugin-3.3.1.pom (8.2 kB at 185 kB/s)
#10 7.065 [INFO] Downloading from central: https://repo.maven.apache.org/maven2/org/apache/maven/plugins/maven-plugins/39/maven-plugins-39.pom
#10 7.209 [INFO] Downloaded from central: https://repo.maven.apache.org/maven2/org/apache/maven/plugins/maven-plugins/39/maven-plugins-39.pom (8.1 kB at 57 kB/s)
#10 7.212 [INFO] Downloading from central: https://repo.maven.apache.org/maven2/org/apache/maven/maven-parent/39/maven-parent-39.pom
#10 7.250 [INFO] Downloaded from central: https://repo.maven.apache.org/maven2/org/apache/maven/maven-parent/39/maven-parent-39.pom (48 kB at 1.3 MB/s)
#10 7.255 [INFO] Downloading from central: https://repo.maven.apache.org/maven2/org/apache/apache/29/apache-29.pom
#10 7.281 [INFO] Downloaded from central: https://repo.maven.apache.org/maven2/org/apache/apache/29/apache-29.pom (21 kB at 767 kB/s)
#10 7.285 [INFO] Downloading from central: https://repo.maven.apache.org/maven2/org/apache/maven/plugins/maven-resources-plugin/3.3.1/maven-resources-plugin-3.3.1.jar
#10 7.336 [INFO] Downloaded from central: https://repo.maven.apache.org/maven2/org/apache/maven/plugins/maven-resources-plugin/3.3.1/maven-resources-plugin-3.3.1.jar (31 kB at 607 kB/s)
#10 7.339 [INFO] Downloading from central: https://repo.maven.apache.org/maven2/org/apache/maven/plugins/maven-jar-plugin/3.4.2/maven-jar-plugin-3.4.2.pom
#10 7.370 [INFO] Downloaded from central: https://repo.maven.apache.org/maven2/org/apache/maven/plugins/maven-jar-plugin/3.4.2/maven-jar-plugin-3.4.2.pom (7.7 kB at 256 kB/s)
#10 7.372 [INFO] Downloading from central: https://repo.maven.apache.org/maven2/org/apache/maven/plugins/maven-plugins/42/maven-plugins-42.pom
#10 7.397 [INFO] Downloaded from central: https://repo.maven.apache.org/maven2/org/apache/maven/plugins/maven-plugins/42/maven-plugins-42.pom (7.7 kB at 296 kB/s)
#10 7.399 [INFO] Downloading from central: https://repo.maven.apache.org/maven2/org/apache/maven/maven-parent/42/maven-parent-42.pom
#10 7.435 [INFO] Downloaded from central: https://repo.maven.apache.org/maven2/org/apache/maven/maven-parent/42/maven-parent-42.pom (50 kB at 1.4 MB/s)
#10 7.437 [INFO] Downloading from central: https://repo.maven.apache.org/maven2/org/apache/apache/32/apache-32.pom
#10 7.483 [INFO] Downloaded from central: https://repo.maven.apache.org/maven2/org/apache/apache/32/apache-32.pom (24 kB at 526 kB/s)
#10 7.485 [INFO] Downloading from central: https://repo.maven.apache.org/maven2/org/junit/junit-bom/5.10.2/junit-bom-5.10.2.pom
#10 7.519 [INFO] Downloaded from central: https://repo.maven.apache.org/maven2/org/junit/junit-bom/5.10.2/junit-bom-5.10.2.pom (5.6 kB at 166 kB/s)
#10 7.521 [INFO] Downloading from central: https://repo.maven.apache.org/maven2/org/apache/maven/plugins/maven-jar-plugin/3.4.2/maven-jar-plugin-3.4.2.jar
#10 7.559 [INFO] Downloaded from central: https://repo.maven.apache.org/maven2/org/apache/maven/plugins/maven-jar-plugin/3.4.2/maven-jar-plugin-3.4.2.jar (34 kB at 896 kB/s)
#10 7.562 [INFO] Downloading from central: https://repo.maven.apache.org/maven2/org/apache/maven/plugins/maven-compiler-plugin/3.14.1/maven-compiler-plugin-3.14.1.pom
#10 7.599 [INFO] Downloaded from central: https://repo.maven.apache.org/maven2/org/apache/maven/plugins/maven-compiler-plugin/3.14.1/maven-compiler-plugin-3.14.1.pom (9.9 kB at 267 kB/s)
#10 7.601 [INFO] Downloading from central: https://repo.maven.apache.org/maven2/org/apache/maven/plugins/maven-plugins/45/maven-plugins-45.pom
#10 7.637 [INFO] Downloaded from central: https://repo.maven.apache.org/maven2/org/apache/maven/plugins/maven-plugins/45/maven-plugins-45.pom (8.4 kB at 232 kB/s)
#10 7.639 [INFO] Downloading from central: https://repo.maven.apache.org/maven2/org/apache/maven/maven-parent/45/maven-parent-45.pom
#10 7.693 [INFO] Downloaded from central: https://repo.maven.apache.org/maven2/org/apache/maven/maven-parent/45/maven-parent-45.pom (53 kB at 979 kB/s)
#10 7.696 [INFO] Downloading from central: https://repo.maven.apache.org/maven2/org/junit/junit-bom/5.13.1/junit-bom-5.13.1.pom
#10 7.721 [INFO] Downloaded from central: https://repo.maven.apache.org/maven2/org/junit/junit-bom/5.13.1/junit-bom-5.13.1.pom (5.6 kB at 226 kB/s)
#10 7.723 [INFO] Downloading from central: https://repo.maven.apache.org/maven2/org/apache/maven/plugins/maven-compiler-plugin/3.14.1/maven-compiler-plugin-3.14.1.jar
#10 7.781 [INFO] Downloaded from central: https://repo.maven.apache.org/maven2/org/apache/maven/plugins/maven-compiler-plugin/3.14.1/maven-compiler-plugin-3.14.1.jar (84 kB at 1.4 MB/s)
#10 7.784 [INFO] Downloading from central: https://repo.maven.apache.org/maven2/org/apache/maven/plugins/maven-surefire-plugin/3.5.6/maven-surefire-plugin-3.5.6.pom
#10 7.834 [INFO] Downloaded from central: https://repo.maven.apache.org/maven2/org/apache/maven/plugins/maven-surefire-plugin/3.5.6/maven-surefire-plugin-3.5.6.pom (4.9 kB at 97 kB/s)
#10 7.836 [INFO] Downloading from central: https://repo.maven.apache.org/maven2/org/apache/maven/surefire/surefire/3.5.6/surefire-3.5.6.pom
#10 7.875 [INFO] Downloaded from central: https://repo.maven.apache.org/maven2/org/apache/maven/surefire/surefire/3.5.6/surefire-3.5.6.pom (19 kB at 492 kB/s)
#10 7.877 [INFO] Downloading from central: https://repo.maven.apache.org/maven2/org/apache/maven/maven-parent/47/maven-parent-47.pom
#10 7.969 [INFO] Downloaded from central: https://repo.maven.apache.org/maven2/org/apache/maven/maven-parent/47/maven-parent-47.pom (54 kB at 589 kB/s)
#10 7.970 [INFO] Downloading from central: https://repo.maven.apache.org/maven2/org/apache/apache/37/apache-37.pom
#10 8.024 [INFO] Downloaded from central: https://repo.maven.apache.org/maven2/org/apache/apache/37/apache-37.pom (26 kB at 474 kB/s)
#10 8.026 [INFO] Downloading from central: https://repo.maven.apache.org/maven2/org/junit/junit-bom/5.12.2/junit-bom-5.12.2.pom
#10 8.087 [INFO] Downloaded from central: https://repo.maven.apache.org/maven2/org/junit/junit-bom/5.12.2/junit-bom-5.12.2.pom (5.6 kB at 93 kB/s)
#10 8.089 [INFO] Downloading from central: https://repo.maven.apache.org/maven2/org/apache/maven/plugins/maven-surefire-plugin/3.5.6/maven-surefire-plugin-3.5.6.jar
#10 8.169 [INFO] Downloaded from central: https://repo.maven.apache.org/maven2/org/apache/maven/plugins/maven-surefire-plugin/3.5.6/maven-surefire-plugin-3.5.6.jar (47 kB at 600 kB/s)
#10 8.172 [INFO] Downloading from central: https://repo.maven.apache.org/maven2/org/apache/maven/plugins/maven-install-plugin/3.1.4/maven-install-plugin-3.1.4.pom
#10 8.230 [INFO] Downloaded from central: https://repo.maven.apache.org/maven2/org/apache/maven/plugins/maven-install-plugin/3.1.4/maven-install-plugin-3.1.4.pom (8.1 kB at 142 kB/s)
#10 8.232 [INFO] Downloading from central: https://repo.maven.apache.org/maven2/org/apache/maven/plugins/maven-plugins/43/maven-plugins-43.pom
#10 8.275 [INFO] Downloaded from central: https://repo.maven.apache.org/maven2/org/apache/maven/plugins/maven-plugins/43/maven-plugins-43.pom (7.5 kB at 174 kB/s)
#10 8.277 [INFO] Downloading from central: https://repo.maven.apache.org/maven2/org/apache/maven/maven-parent/43/maven-parent-43.pom
#10 8.338 [INFO] Downloaded from central: https://repo.maven.apache.org/maven2/org/apache/maven/maven-parent/43/maven-parent-43.pom (50 kB at 825 kB/s)
#10 8.351 [INFO] Downloading from central: https://repo.maven.apache.org/maven2/org/apache/apache/33/apache-33.pom
#10 8.380 [INFO] Downloaded from central: https://repo.maven.apache.org/maven2/org/apache/apache/33/apache-33.pom (24 kB at 864 kB/s)
#10 8.385 [INFO] Downloading from central: https://repo.maven.apache.org/maven2/org/junit/junit-bom/5.10.3/junit-bom-5.10.3.pom
#10 8.425 [INFO] Downloaded from central: https://repo.maven.apache.org/maven2/org/junit/junit-bom/5.10.3/junit-bom-5.10.3.pom (5.6 kB at 141 kB/s)
#10 8.427 [INFO] Downloading from central: https://repo.maven.apache.org/maven2/org/apache/maven/plugins/maven-install-plugin/3.1.4/maven-install-plugin-3.1.4.jar
#10 8.462 [INFO] Downloaded from central: https://repo.maven.apache.org/maven2/org/apache/maven/plugins/maven-install-plugin/3.1.4/maven-install-plugin-3.1.4.jar (33 kB at 931 kB/s)
#10 8.466 [INFO] Downloading from central: https://repo.maven.apache.org/maven2/org/apache/maven/plugins/maven-deploy-plugin/3.1.4/maven-deploy-plugin-3.1.4.pom
#10 8.510 [INFO] Downloaded from central: https://repo.maven.apache.org/maven2/org/apache/maven/plugins/maven-deploy-plugin/3.1.4/maven-deploy-plugin-3.1.4.pom (9.2 kB at 209 kB/s)
#10 8.514 [INFO] Downloading from central: https://repo.maven.apache.org/maven2/org/apache/maven/plugins/maven-deploy-plugin/3.1.4/maven-deploy-plugin-3.1.4.jar
#10 8.553 [INFO] Downloaded from central: https://repo.maven.apache.org/maven2/org/apache/maven/plugins/maven-deploy-plugin/3.1.4/maven-deploy-plugin-3.1.4.jar (40 kB at 1.0 MB/s)
#10 8.556 [INFO] Downloading from central: https://repo.maven.apache.org/maven2/org/apache/maven/plugins/maven-site-plugin/3.12.1/maven-site-plugin-3.12.1.pom
#10 8.615 [INFO] Downloaded from central: https://repo.maven.apache.org/maven2/org/apache/maven/plugins/maven-site-plugin/3.12.1/maven-site-plugin-3.12.1.pom (20 kB at 337 kB/s)
#10 8.619 [INFO] Downloading from central: https://repo.maven.apache.org/maven2/org/apache/maven/plugins/maven-plugins/36/maven-plugins-36.pom
#10 8.674 [INFO] Downloaded from central: https://repo.maven.apache.org/maven2/org/apache/maven/plugins/maven-plugins/36/maven-plugins-36.pom (9.9 kB at 180 kB/s)
#10 8.677 [INFO] Downloading from central: https://repo.maven.apache.org/maven2/org/apache/maven/maven-parent/36/maven-parent-36.pom
#10 8.729 [INFO] Downloaded from central: https://repo.maven.apache.org/maven2/org/apache/maven/maven-parent/36/maven-parent-36.pom (45 kB at 874 kB/s)
#10 8.733 [INFO] Downloading from central: https://repo.maven.apache.org/maven2/org/apache/apache/26/apache-26.pom
#10 8.788 [INFO] Downloaded from central: https://repo.maven.apache.org/maven2/org/apache/apache/26/apache-26.pom (21 kB at 373 kB/s)
#10 8.795 [INFO] Downloading from central: https://repo.maven.apache.org/maven2/org/apache/maven/plugins/maven-site-plugin/3.12.1/maven-site-plugin-3.12.1.jar
#10 8.886 [INFO] Downloaded from central: https://repo.maven.apache.org/maven2/org/apache/maven/plugins/maven-site-plugin/3.12.1/maven-site-plugin-3.12.1.jar (119 kB at 1.3 MB/s)
#10 8.902 [INFO] Downloading from central: https://repo.maven.apache.org/maven2/org/codehaus/mojo/build-helper-maven-plugin/3.6.1/build-helper-maven-plugin-3.6.1.pom
#10 8.951 [INFO] Downloaded from central: https://repo.maven.apache.org/maven2/org/codehaus/mojo/build-helper-maven-plugin/3.6.1/build-helper-maven-plugin-3.6.1.pom (8.1 kB at 162 kB/s)
#10 8.954 [INFO] Downloading from central: https://repo.maven.apache.org/maven2/org/codehaus/mojo/mojo-parent/91/mojo-parent-91.pom
#10 8.985 [INFO] Downloaded from central: https://repo.maven.apache.org/maven2/org/codehaus/mojo/mojo-parent/91/mojo-parent-91.pom (38 kB at 1.2 MB/s)
#10 8.997 [INFO] Downloading from central: https://repo.maven.apache.org/maven2/org/junit/junit-bom/5.13.0/junit-bom-5.13.0.pom
#10 9.038 [INFO] Downloaded from central: https://repo.maven.apache.org/maven2/org/junit/junit-bom/5.13.0/junit-bom-5.13.0.pom (5.6 kB at 141 kB/s)
#10 9.039 [INFO] Downloading from central: https://repo.maven.apache.org/maven2/org/codehaus/mojo/build-helper-maven-plugin/3.6.1/build-helper-maven-plugin-3.6.1.jar
#10 9.130 [INFO] Downloaded from central: https://repo.maven.apache.org/maven2/org/codehaus/mojo/build-helper-maven-plugin/3.6.1/build-helper-maven-plugin-3.6.1.jar (72 kB at 828 kB/s)
#10 9.130 [INFO] Downloading from central: https://repo.maven.apache.org/maven2/org/cyclonedx/cyclonedx-maven-plugin/2.9.1/cyclonedx-maven-plugin-2.9.1.pom
#10 9.183 [INFO] Downloaded from central: https://repo.maven.apache.org/maven2/org/cyclonedx/cyclonedx-maven-plugin/2.9.1/cyclonedx-maven-plugin-2.9.1.pom (19 kB at 359 kB/s)
#10 9.189 [INFO] Downloading from central: https://repo.maven.apache.org/maven2/org/junit/junit-bom/5.11.2/junit-bom-5.11.2.pom
#10 9.237 [INFO] Downloaded from central: https://repo.maven.apache.org/maven2/org/junit/junit-bom/5.11.2/junit-bom-5.11.2.pom (5.6 kB at 109 kB/s)
#10 9.239 [INFO] Downloading from central: https://repo.maven.apache.org/maven2/org/cyclonedx/cyclonedx-maven-plugin/2.9.1/cyclonedx-maven-plugin-2.9.1.jar
#10 9.293 [INFO] Downloaded from central: https://repo.maven.apache.org/maven2/org/cyclonedx/cyclonedx-maven-plugin/2.9.1/cyclonedx-maven-plugin-2.9.1.jar (52 kB at 960 kB/s)
#10 9.295 [INFO] Downloading from central: https://repo.maven.apache.org/maven2/org/flywaydb/flyway-maven-plugin/11.14.1/flyway-maven-plugin-11.14.1.pom
#10 9.418 [INFO] Downloaded from central: https://repo.maven.apache.org/maven2/org/flywaydb/flyway-maven-plugin/11.14.1/flyway-maven-plugin-11.14.1.pom (3.8 kB at 31 kB/s)
#10 9.421 [INFO] Downloading from central: https://repo.maven.apache.org/maven2/org/flywaydb/flyway-parent/11.14.1/flyway-parent-11.14.1.pom
#10 9.491 [INFO] Downloaded from central: https://repo.maven.apache.org/maven2/org/flywaydb/flyway-parent/11.14.1/flyway-parent-11.14.1.pom (34 kB at 479 kB/s)
#10 9.498 [INFO] Downloading from central: https://repo.maven.apache.org/maven2/org/flywaydb/flyway-maven-plugin/11.14.1/flyway-maven-plugin-11.14.1.jar
#10 9.598 [INFO] Downloaded from central: https://repo.maven.apache.org/maven2/org/flywaydb/flyway-maven-plugin/11.14.1/flyway-maven-plugin-11.14.1.jar (108 kB at 1.1 MB/s)
#10 9.618 [INFO] Downloading from central: https://repo.maven.apache.org/maven2/io/github/git-commit-id/git-commit-id-maven-plugin/9.0.2/git-commit-id-maven-plugin-9.0.2.pom
#10 9.666 [INFO] Downloaded from central: https://repo.maven.apache.org/maven2/io/github/git-commit-id/git-commit-id-maven-plugin/9.0.2/git-commit-id-maven-plugin-9.0.2.pom (28 kB at 562 kB/s)
#10 9.669 [INFO] Downloading from central: https://repo.maven.apache.org/maven2/org/sonatype/oss/oss-parent/9/oss-parent-9.pom
#10 9.731 [INFO] Downloaded from central: https://repo.maven.apache.org/maven2/org/sonatype/oss/oss-parent/9/oss-parent-9.pom (6.6 kB at 108 kB/s)
#10 9.739 [INFO] Downloading from central: https://repo.maven.apache.org/maven2/io/github/git-commit-id/git-commit-id-maven-plugin/9.0.2/git-commit-id-maven-plugin-9.0.2.jar
#10 9.798 [INFO] Downloaded from central: https://repo.maven.apache.org/maven2/io/github/git-commit-id/git-commit-id-maven-plugin/9.0.2/git-commit-id-maven-plugin-9.0.2.jar (55 kB at 913 kB/s)
#10 9.803 [INFO] Downloading from central: https://repo.maven.apache.org/maven2/org/jooq/jooq-codegen-maven/3.19.35/jooq-codegen-maven-3.19.35.pom
#10 9.855 [INFO] Downloaded from central: https://repo.maven.apache.org/maven2/org/jooq/jooq-codegen-maven/3.19.35/jooq-codegen-maven-3.19.35.pom (3.9 kB at 76 kB/s)
#10 9.858 [INFO] Downloading from central: https://repo.maven.apache.org/maven2/org/jooq/jooq-parent/3.19.35/jooq-parent-3.19.35.pom
#10 9.911 [INFO] Downloaded from central: https://repo.maven.apache.org/maven2/org/jooq/jooq-parent/3.19.35/jooq-parent-3.19.35.pom (41 kB at 772 kB/s)
#10 9.916 [INFO] Downloading from central: https://repo.maven.apache.org/maven2/org/jooq/jooq-codegen-maven/3.19.35/jooq-codegen-maven-3.19.35.jar
#10 9.976 [INFO] Downloaded from central: https://repo.maven.apache.org/maven2/org/jooq/jooq-codegen-maven/3.19.35/jooq-codegen-maven-3.19.35.jar (18 kB at 301 kB/s)
#10 9.979 [INFO] Downloading from central: https://repo.maven.apache.org/maven2/org/jetbrains/kotlin/kotlin-maven-plugin/2.2.21/kotlin-maven-plugin-2.2.21.pom
#10 10.04 [INFO] Downloaded from central: https://repo.maven.apache.org/maven2/org/jetbrains/kotlin/kotlin-maven-plugin/2.2.21/kotlin-maven-plugin-2.2.21.pom (7.9 kB at 137 kB/s)
#10 10.04 [INFO] Downloading from central: https://repo.maven.apache.org/maven2/org/jetbrains/kotlin/kotlin-project/2.2.21/kotlin-project-2.2.21.pom
#10 10.12 [INFO] Downloaded from central: https://repo.maven.apache.org/maven2/org/jetbrains/kotlin/kotlin-project/2.2.21/kotlin-project-2.2.21.pom (15 kB at 196 kB/s)
#10 10.12 [INFO] Downloading from central: https://repo.maven.apache.org/maven2/org/jetbrains/kotlin/kotlin-maven-plugin/2.2.21/kotlin-maven-plugin-2.2.21.jar
#10 10.18 [INFO] Downloaded from central: https://repo.maven.apache.org/maven2/org/jetbrains/kotlin/kotlin-maven-plugin/2.2.21/kotlin-maven-plugin-2.2.21.jar (77 kB at 1.3 MB/s)
#10 10.19 [INFO] Downloading from central: https://repo.maven.apache.org/maven2/org/liquibase/liquibase-maven-plugin/5.0.3/liquibase-maven-plugin-5.0.3.pom
#10 10.26 [INFO] Downloaded from central: https://repo.maven.apache.org/maven2/org/liquibase/liquibase-maven-plugin/5.0.3/liquibase-maven-plugin-5.0.3.pom (1.9 kB at 26 kB/s)
#10 10.26 [INFO] Downloading from central: https://repo.maven.apache.org/maven2/org/liquibase/liquibase-maven-plugin/5.0.3/liquibase-maven-plugin-5.0.3.jar
#10 10.38 [INFO] Downloaded from central: https://repo.maven.apache.org/maven2/org/liquibase/liquibase-maven-plugin/5.0.3/liquibase-maven-plugin-5.0.3.jar (105 kB at 922 kB/s)
#10 10.40 [INFO] Downloading from central: https://repo.maven.apache.org/maven2/org/apache/maven/plugins/maven-antrun-plugin/3.2.0/maven-antrun-plugin-3.2.0.pom
#10 10.43 [INFO] Downloaded from central: https://repo.maven.apache.org/maven2/org/apache/maven/plugins/maven-antrun-plugin/3.2.0/maven-antrun-plugin-3.2.0.pom (7.7 kB at 209 kB/s)
#10 10.44 [INFO] Downloading from central: https://repo.maven.apache.org/maven2/org/apache/maven/plugins/maven-antrun-plugin/3.2.0/maven-antrun-plugin-3.2.0.jar
#10 10.56 [INFO] Downloaded from central: https://repo.maven.apache.org/maven2/org/apache/maven/plugins/maven-antrun-plugin/3.2.0/maven-antrun-plugin-3.2.0.jar (41 kB at 344 kB/s)
#10 10.56 [INFO] Downloading from central: https://repo.maven.apache.org/maven2/org/apache/maven/plugins/maven-assembly-plugin/3.7.1/maven-assembly-plugin-3.7.1.pom
#10 10.64 [INFO] Downloaded from central: https://repo.maven.apache.org/maven2/org/apache/maven/plugins/maven-assembly-plugin/3.7.1/maven-assembly-plugin-3.7.1.pom (15 kB at 185 kB/s)
#10 10.64 [INFO] Downloading from central: https://repo.maven.apache.org/maven2/org/apache/maven/plugins/maven-plugins/41/maven-plugins-41.pom
#10 10.68 [INFO] Downloaded from central: https://repo.maven.apache.org/maven2/org/apache/maven/plugins/maven-plugins/41/maven-plugins-41.pom (7.4 kB at 204 kB/s)
#10 10.68 [INFO] Downloading from central: https://repo.maven.apache.org/maven2/org/apache/maven/maven-parent/41/maven-parent-41.pom
#10 10.73 [INFO] Downloaded from central: https://repo.maven.apache.org/maven2/org/apache/maven/maven-parent/41/maven-parent-41.pom (50 kB at 1.0 MB/s)
#10 10.73 [INFO] Downloading from central: https://repo.maven.apache.org/maven2/org/apache/apache/31/apache-31.pom
#10 10.80 [INFO] Downloaded from central: https://repo.maven.apache.org/maven2/org/apache/apache/31/apache-31.pom (24 kB at 368 kB/s)
#10 10.81 [INFO] Downloading from central: https://repo.maven.apache.org/maven2/org/apache/maven/plugins/maven-assembly-plugin/3.7.1/maven-assembly-plugin-3.7.1.jar
#10 11.03 [INFO] Downloaded from central: https://repo.maven.apache.org/maven2/org/apache/maven/plugins/maven-assembly-plugin/3.7.1/maven-assembly-plugin-3.7.1.jar (240 kB at 1.1 MB/s)
#10 11.04 [INFO] Downloading from central: https://repo.maven.apache.org/maven2/org/apache/maven/plugins/maven-dependency-plugin/3.9.0/maven-dependency-plugin-3.9.0.pom
#10 11.13 [INFO] Downloaded from central: https://repo.maven.apache.org/maven2/org/apache/maven/plugins/maven-dependency-plugin/3.9.0/maven-dependency-plugin-3.9.0.pom (19 kB at 222 kB/s)
#10 11.13 [INFO] Downloading from central: https://repo.maven.apache.org/maven2/org/apache/maven/plugins/maven-dependency-plugin/3.9.0/maven-dependency-plugin-3.9.0.jar
#10 11.37 [INFO] Downloaded from central: https://repo.maven.apache.org/maven2/org/apache/maven/plugins/maven-dependency-plugin/3.9.0/maven-dependency-plugin-3.9.0.jar (224 kB at 964 kB/s)
#10 11.39 [INFO] 
#10 11.39 [INFO] -----------------------< com.pm:patient-service >-----------------------
#10 11.39 [INFO] Building patient-service 0.0.1-SNAPSHOT
#10 11.39 [INFO]   from pom.xml
#10 11.39 [INFO] --------------------------------[ jar ]---------------------------------
#10 11.40 [INFO] 
#10 11.40 [INFO] --- dependency:3.9.0:go-offline (default-cli) @ patient-service ---
#10 11.41 [INFO] Downloading from central: https://repo.maven.apache.org/maven2/org/apache/maven/doxia/doxia-sink-api/2.0.0/doxia-sink-api-2.0.0.pom
#10 11.47 [INFO] Downloaded from central: https://repo.maven.apache.org/maven2/org/apache/maven/doxia/doxia-sink-api/2.0.0/doxia-sink-api-2.0.0.pom (1.4 kB at 23 kB/s)
#10 11.47 [INFO] Downloading from central: https://repo.maven.apache.org/maven2/org/apache/maven/doxia/doxia/2.0.0/doxia-2.0.0.pom
#10 11.54 [INFO] Downloaded from central: https://repo.maven.apache.org/maven2/org/apache/maven/doxia/doxia/2.0.0/doxia-2.0.0.pom (17 kB at 278 kB/s)
#10 11.54 [INFO] Downloading from central: https://repo.maven.apache.org/maven2/org/junit/junit-bom/5.11.1/junit-bom-5.11.1.pom
#10 11.59 [INFO] Downloaded from central: https://repo.maven.apache.org/maven2/org/junit/junit-bom/5.11.1/junit-bom-5.11.1.pom (5.6 kB at 105 kB/s)
#10 11.60 [INFO] Downloading from central: https://repo.maven.apache.org/maven2/org/apache/maven/reporting/maven-reporting-api/4.0.0/maven-reporting-api-4.0.0.pom
#10 11.67 [INFO] Downloaded from central: https://repo.maven.apache.org/maven2/org/apache/maven/reporting/maven-reporting-api/4.0.0/maven-reporting-api-4.0.0.pom (2.8 kB at 37 kB/s)
#10 11.68 [INFO] Downloading from central: https://repo.maven.apache.org/maven2/org/apache/maven/shared/maven-shared-components/43/maven-shared-components-43.pom
#10 11.79 [INFO] Downloaded from central: https://repo.maven.apache.org/maven2/org/apache/maven/shared/maven-shared-components/43/maven-shared-components-43.pom (3.8 kB at 35 kB/s)
#10 11.79 [INFO] Downloading from central: https://repo.maven.apache.org/maven2/org/apache/maven/reporting/maven-reporting-impl/4.0.0/maven-reporting-impl-4.0.0.pom
#10 11.86 [INFO] Downloaded from central: https://repo.maven.apache.org/maven2/org/apache/maven/reporting/maven-reporting-impl/4.0.0/maven-reporting-impl-4.0.0.pom (8.8 kB at 123 kB/s)
#10 11.87 [INFO] Downloading from central: https://repo.maven.apache.org/maven2/org/apache/maven/shared/maven-shared-utils/3.4.2/maven-shared-utils-3.4.2.pom
#10 11.91 [INFO] Downloaded from central: https://repo.maven.apache.org/maven2/org/apache/maven/shared/maven-shared-utils/3.4.2/maven-shared-utils-3.4.2.pom (5.9 kB at 137 kB/s)
#10 11.91 [INFO] Downloading from central: https://repo.maven.apache.org/maven2/org/apache/maven/shared/maven-shared-components/39/maven-shared-components-39.pom
#10 12.05 [INFO] Downloaded from central: https://repo.maven.apache.org/maven2/org/apache/maven/shared/maven-shared-components/39/maven-shared-components-39.pom (3.2 kB at 24 kB/s)
#10 12.05 [INFO] Downloading from central: https://repo.maven.apache.org/maven2/org/slf4j/slf4j-api/1.7.36/slf4j-api-1.7.36.pom
#10 12.09 [INFO] Downloaded from central: https://repo.maven.apache.org/maven2/org/slf4j/slf4j-api/1.7.36/slf4j-api-1.7.36.pom (2.7 kB at 76 kB/s)
#10 12.09 [INFO] Downloading from central: https://repo.maven.apache.org/maven2/org/slf4j/slf4j-parent/1.7.36/slf4j-parent-1.7.36.pom
#10 12.18 [INFO] Downloaded from central: https://repo.maven.apache.org/maven2/org/slf4j/slf4j-parent/1.7.36/slf4j-parent-1.7.36.pom (14 kB at 172 kB/s)
#10 12.18 [INFO] Downloading from central: https://repo.maven.apache.org/maven2/commons-io/commons-io/2.11.0/commons-io-2.11.0.pom
#10 12.22 [INFO] Downloaded from central: https://repo.maven.apache.org/maven2/commons-io/commons-io/2.11.0/commons-io-2.11.0.pom (20 kB at 470 kB/s)
#10 12.23 [INFO] Downloading from central: https://repo.maven.apache.org/maven2/org/apache/commons/commons-parent/52/commons-parent-52.pom
#10 12.31 [INFO] Downloaded from central: https://repo.maven.apache.org/maven2/org/apache/commons/commons-parent/52/commons-parent-52.pom (79 kB at 979 kB/s)
#10 12.31 [INFO] Downloading from central: https://repo.maven.apache.org/maven2/org/apache/apache/23/apache-23.pom
#10 12.40 [INFO] Downloaded from central: https://repo.maven.apache.org/maven2/org/apache/apache/23/apache-23.pom (18 kB at 202 kB/s)
#10 12.41 [INFO] Downloading from central: https://repo.maven.apache.org/maven2/org/junit/junit-bom/5.7.2/junit-bom-5.7.2.pom
#10 12.64 [INFO] Downloaded from central: https://repo.maven.apache.org/maven2/org/junit/junit-bom/5.7.2/junit-bom-5.7.2.pom (5.1 kB at 22 kB/s)
#10 12.65 [INFO] Downloading from central: https://repo.maven.apache.org/maven2/org/apache/maven/doxia/doxia-site-model/2.0.0/doxia-site-model-2.0.0.pom
#10 12.74 [INFO] Downloaded from central: https://repo.maven.apache.org/maven2/org/apache/maven/doxia/doxia-site-model/2.0.0/doxia-site-model-2.0.0.pom (5.8 kB at 61 kB/s)
#10 12.75 [INFO] Downloading from central: https://repo.maven.apache.org/maven2/org/apache/maven/doxia/doxia-sitetools/2.0.0/doxia-sitetools-2.0.0.pom
#10 12.84 [INFO] Downloaded from central: https://repo.maven.apache.org/maven2/org/apache/maven/doxia/doxia-sitetools/2.0.0/doxia-sitetools-2.0.0.pom (12 kB at 125 kB/s)
#10 12.85 [INFO] Downloading from central: https://repo.maven.apache.org/maven2/org/eclipse/sisu/org.eclipse.sisu.plexus/0.9.0.M4/org.eclipse.sisu.plexus-0.9.0.M4.pom
#10 12.93 [INFO] Downloaded from central: https://repo.maven.apache.org/maven2/org/eclipse/sisu/org.eclipse.sisu.plexus/0.9.0.M4/org.eclipse.sisu.plexus-0.9.0.M4.pom (17 kB at 223 kB/s)
#10 12.93 [INFO] Downloading from central: https://repo.maven.apache.org/maven2/org/eclipse/sisu/sisu-inject/0.9.0.M4/sisu-inject-0.9.0.M4.pom
#10 12.97 [INFO] Downloaded from central: https://repo.maven.apache.org/maven2/org/eclipse/sisu/sisu-inject/0.9.0.M4/sisu-inject-0.9.0.M4.pom (25 kB at 634 kB/s)
#10 12.98 [INFO] Downloading from central: https://repo.maven.apache.org/maven2/org/eclipse/sisu/org.eclipse.sisu.inject/0.9.0.M4/org.eclipse.sisu.inject-0.9.0.M4.pom
#10 13.05 [INFO] Downloaded from central: https://repo.maven.apache.org/maven2/org/eclipse/sisu/org.eclipse.sisu.inject/0.9.0.M4/org.eclipse.sisu.inject-0.9.0.M4.pom (18 kB at 260 kB/s)
#10 13.05 [INFO] Downloading from central: https://repo.maven.apache.org/maven2/org/ow2/asm/asm/9.8/asm-9.8.pom
#10 13.09 [INFO] Downloaded from central: https://repo.maven.apache.org/maven2/org/ow2/asm/asm/9.8/asm-9.8.pom (2.4 kB at 55 kB/s)
#10 13.09 [INFO] Downloading from central: https://repo.maven.apache.org/maven2/org/ow2/ow2/1.5.1/ow2-1.5.1.pom
#10 13.14 [INFO] Downloaded from central: https://repo.maven.apache.org/maven2/org/ow2/ow2/1.5.1/ow2-1.5.1.pom (11 kB at 240 kB/s)
#10 13.14 [INFO] Downloading from central: https://repo.maven.apache.org/maven2/org/codehaus/plexus/plexus-component-annotations/2.1.0/plexus-component-annotations-2.1.0.pom
#10 13.20 [INFO] Downloaded from central: https://repo.maven.apache.org/maven2/org/codehaus/plexus/plexus-component-annotations/2.1.0/plexus-component-annotations-2.1.0.pom (750 B at 13 kB/s)
#10 13.20 [INFO] Downloading from central: https://repo.maven.apache.org/maven2/org/codehaus/plexus/plexus-containers/2.1.0/plexus-containers-2.1.0.pom
#10 13.25 [INFO] Downloaded from central: https://repo.maven.apache.org/maven2/org/codehaus/plexus/plexus-containers/2.1.0/plexus-containers-2.1.0.pom (4.8 kB at 98 kB/s)
#10 13.25 [INFO] Downloading from central: https://repo.maven.apache.org/maven2/org/codehaus/plexus/plexus/5.1/plexus-5.1.pom
#10 13.30 [INFO] Downloaded from central: https://repo.maven.apache.org/maven2/org/codehaus/plexus/plexus/5.1/plexus-5.1.pom (23 kB at 433 kB/s)
#10 13.31 [INFO] Downloading from central: https://repo.maven.apache.org/maven2/org/codehaus/plexus/plexus-classworlds/2.6.0/plexus-classworlds-2.6.0.pom
#10 13.37 [INFO] Downloaded from central: https://repo.maven.apache.org/maven2/org/codehaus/plexus/plexus-classworlds/2.6.0/plexus-classworlds-2.6.0.pom (7.9 kB at 130 kB/s)
#10 13.37 [INFO] Downloading from central: https://repo.maven.apache.org/maven2/org/codehaus/plexus/plexus-utils/4.0.2/plexus-utils-4.0.2.pom
#10 13.42 [INFO] Downloaded from central: https://repo.maven.apache.org/maven2/org/codehaus/plexus/plexus-utils/4.0.2/plexus-utils-4.0.2.pom (13 kB at 229 kB/s)
#10 13.43 [INFO] Downloading from central: https://repo.maven.apache.org/maven2/javax/inject/javax.inject/1/javax.inject-1.pom
#10 13.47 [INFO] Downloaded from central: https://repo.maven.apache.org/maven2/javax/inject/javax.inject/1/javax.inject-1.pom (612 B at 14 kB/s)
#10 13.47 [INFO] Downloading from central: https://repo.maven.apache.org/maven2/org/codehaus/plexus/plexus-xml/3.0.1/plexus-xml-3.0.1.pom
#10 13.52 [INFO] Downloaded from central: https://repo.maven.apache.org/maven2/org/codehaus/plexus/plexus-xml/3.0.1/plexus-xml-3.0.1.pom (3.7 kB at 92 kB/s)
#10 13.52 [INFO] Downloading from central: https://repo.maven.apache.org/maven2/org/codehaus/plexus/plexus/18/plexus-18.pom
#10 13.58 [INFO] Downloaded from central: https://repo.maven.apache.org/maven2/org/codehaus/plexus/plexus/18/plexus-18.pom (29 kB at 464 kB/s)
#10 13.58 [INFO] Downloading from central: https://repo.maven.apache.org/maven2/org/apache/maven/doxia/doxia-core/2.0.0/doxia-core-2.0.0.pom
#10 13.64 [INFO] Downloaded from central: https://repo.maven.apache.org/maven2/org/apache/maven/doxia/doxia-core/2.0.0/doxia-core-2.0.0.pom (3.9 kB at 72 kB/s)
#10 13.64 [INFO] Downloading from central: https://repo.maven.apache.org/maven2/commons-io/commons-io/2.17.0/commons-io-2.17.0.pom
#10 13.67 [INFO] Downloaded from central: https://repo.maven.apache.org/maven2/commons-io/commons-io/2.17.0/commons-io-2.17.0.pom (20 kB at 742 kB/s)
#10 13.67 [INFO] Downloading from central: https://repo.maven.apache.org/maven2/org/apache/commons/commons-parent/74/commons-parent-74.pom
#10 13.71 [INFO] Downloaded from central: https://repo.maven.apache.org/maven2/org/apache/commons/commons-parent/74/commons-parent-74.pom (78 kB at 1.9 MB/s)
#10 13.72 [INFO] Downloading from central: https://repo.maven.apache.org/maven2/org/junit/junit-bom/5.11.0/junit-bom-5.11.0.pom
#10 13.74 [INFO] Downloaded from central: https://repo.maven.apache.org/maven2/org/junit/junit-bom/5.11.0/junit-bom-5.11.0.pom (5.6 kB at 269 kB/s)
#10 13.74 [INFO] Downloading from central: https://repo.maven.apache.org/maven2/org/apache/commons/commons-text/1.12.0/commons-text-1.12.0.pom
#10 13.76 [INFO] Downloaded from central: https://repo.maven.apache.org/maven2/org/apache/commons/commons-text/1.12.0/commons-text-1.12.0.pom (20 kB at 763 kB/s)
#10 13.77 [INFO] Downloading from central: https://repo.maven.apache.org/maven2/org/apache/commons/commons-parent/69/commons-parent-69.pom
#10 13.80 [INFO] Downloaded from central: https://repo.maven.apache.org/maven2/org/apache/commons/commons-parent/69/commons-parent-69.pom (77 kB at 2.3 MB/s)
#10 13.80 [INFO] Downloading from central: https://repo.maven.apache.org/maven2/org/apache/commons/commons-lang3/3.14.0/commons-lang3-3.14.0.pom
#10 13.83 [INFO] Downloaded from central: https://repo.maven.apache.org/maven2/org/apache/commons/commons-lang3/3.14.0/commons-lang3-3.14.0.pom (31 kB at 1.2 MB/s)
#10 13.83 [INFO] Downloading from central: https://repo.maven.apache.org/maven2/org/apache/commons/commons-parent/64/commons-parent-64.pom
#10 13.87 [INFO] Downloaded from central: https://repo.maven.apache.org/maven2/org/apache/commons/commons-parent/64/commons-parent-64.pom (78 kB at 2.1 MB/s)
#10 13.87 [INFO] Downloading from central: https://repo.maven.apache.org/maven2/org/apache/apache/30/apache-30.pom
#10 13.90 [INFO] Downloaded from central: https://repo.maven.apache.org/maven2/org/apache/apache/30/apache-30.pom (23 kB at 894 kB/s)
#10 13.90 [INFO] Downloading from central: https://repo.maven.apache.org/maven2/org/junit/junit-bom/5.10.0/junit-bom-5.10.0.pom
#10 13.92 [INFO] Downloaded from central: https://repo.maven.apache.org/maven2/org/junit/junit-bom/5.10.0/junit-bom-5.10.0.pom (5.6 kB at 282 kB/s)
#10 13.92 [INFO] Downloading from central: https://repo.maven.apache.org/maven2/org/apache/commons/commons-lang3/3.17.0/commons-lang3-3.17.0.pom
#10 13.95 [INFO] Downloaded from central: https://repo.maven.apache.org/maven2/org/apache/commons/commons-lang3/3.17.0/commons-lang3-3.17.0.pom (31 kB at 1.3 MB/s)
#10 13.95 [INFO] Downloading from central: https://repo.maven.apache.org/maven2/org/apache/commons/commons-parent/73/commons-parent-73.pom
#10 13.98 [INFO] Downloaded from central: https://repo.maven.apache.org/maven2/org/apache/commons/commons-parent/73/commons-parent-73.pom (78 kB at 2.4 MB/s)
#10 13.99 [INFO] Downloading from central: https://repo.maven.apache.org/maven2/org/apache/maven/doxia/doxia-integration-tools/2.0.0/doxia-integration-tools-2.0.0.pom
#10 14.01 [INFO] Downloaded from central: https://repo.maven.apache.org/maven2/org/apache/maven/doxia/doxia-integration-tools/2.0.0/doxia-integration-tools-2.0.0.pom (7.8 kB at 287 kB/s)
#10 14.03 [INFO] Downloading from central: https://repo.maven.apache.org/maven2/org/codehaus/plexus/plexus-i18n/1.0-beta-10/plexus-i18n-1.0-beta-10.pom
#10 14.05 [INFO] Downloaded from central: https://repo.maven.apache.org/maven2/org/codehaus/plexus/plexus-i18n/1.0-beta-10/plexus-i18n-1.0-beta-10.pom (2.1 kB at 94 kB/s)
#10 14.05 [INFO] Downloading from central: https://repo.maven.apache.org/maven2/org/codehaus/plexus/plexus-components/1.1.12/plexus-components-1.1.12.pom
#10 14.08 [INFO] Downloaded from central: https://repo.maven.apache.org/maven2/org/codehaus/plexus/plexus-components/1.1.12/plexus-components-1.1.12.pom (3.0 kB at 107 kB/s)
#10 14.08 [INFO] Downloading from central: https://repo.maven.apache.org/maven2/org/codehaus/plexus/plexus/1.0.10/plexus-1.0.10.pom
#10 14.10 [INFO] Downloaded from central: https://repo.maven.apache.org/maven2/org/codehaus/plexus/plexus/1.0.10/plexus-1.0.10.pom (8.2 kB at 375 kB/s)
#10 14.10 [INFO] Downloading from central: https://repo.maven.apache.org/maven2/org/codehaus/plexus/plexus-interpolation/1.27/plexus-interpolation-1.27.pom
#10 14.12 [INFO] Downloaded from central: https://repo.maven.apache.org/maven2/org/codehaus/plexus/plexus-interpolation/1.27/plexus-interpolation-1.27.pom (3.0 kB at 137 kB/s)
#10 14.13 [INFO] Downloading from central: https://repo.maven.apache.org/maven2/org/codehaus/plexus/plexus/16/plexus-16.pom
#10 14.15 [INFO] Downloaded from central: https://repo.maven.apache.org/maven2/org/codehaus/plexus/plexus/16/plexus-16.pom (28 kB at 1.2 MB/s)
#10 14.15 [INFO] Downloading from central: https://repo.maven.apache.org/maven2/org/junit/junit-bom/5.10.1/junit-bom-5.10.1.pom
#10 14.17 [INFO] Downloaded from central: https://repo.maven.apache.org/maven2/org/junit/junit-bom/5.10.1/junit-bom-5.10.1.pom (5.6 kB at 235 kB/s)
#10 14.18 [INFO] Downloading from central: https://repo.maven.apache.org/maven2/org/apache/maven/doxia/doxia-site-renderer/2.0.0/doxia-site-renderer-2.0.0.pom
#10 14.20 [INFO] Downloaded from central: https://repo.maven.apache.org/maven2/org/apache/maven/doxia/doxia-site-renderer/2.0.0/doxia-site-renderer-2.0.0.pom (7.4 kB at 321 kB/s)
#10 14.20 [INFO] Downloading from central: https://repo.maven.apache.org/maven2/org/apache/maven/doxia/doxia-skin-model/2.0.0/doxia-skin-model-2.0.0.pom
#10 14.22 [INFO] Downloaded from central: https://repo.maven.apache.org/maven2/org/apache/maven/doxia/doxia-skin-model/2.0.0/doxia-skin-model-2.0.0.pom (3.0 kB at 121 kB/s)
#10 14.23 [INFO] Downloading from central: https://repo.maven.apache.org/maven2/org/apache/maven/doxia/doxia-module-xhtml5/2.0.0/doxia-module-xhtml5-2.0.0.pom
#10 14.25 [INFO] Downloaded from central: https://repo.maven.apache.org/maven2/org/apache/maven/doxia/doxia-module-xhtml5/2.0.0/doxia-module-xhtml5-2.0.0.pom (2.9 kB at 116 kB/s)
#10 14.25 [INFO] Downloading from central: https://repo.maven.apache.org/maven2/org/apache/maven/doxia/doxia-modules/2.0.0/doxia-modules-2.0.0.pom
#10 14.28 [INFO] Downloaded from central: https://repo.maven.apache.org/maven2/org/apache/maven/doxia/doxia-modules/2.0.0/doxia-modules-2.0.0.pom (2.5 kB at 114 kB/s)
#10 14.28 [INFO] Downloading from central: https://repo.maven.apache.org/maven2/org/codehaus/plexus/plexus-velocity/2.2.0/plexus-velocity-2.2.0.pom
#10 14.30 [INFO] Downloaded from central: https://repo.maven.apache.org/maven2/org/codehaus/plexus/plexus-velocity/2.2.0/plexus-velocity-2.2.0.pom (4.1 kB at 176 kB/s)
#10 14.30 [INFO] Downloading from central: https://repo.maven.apache.org/maven2/org/codehaus/plexus/plexus/19/plexus-19.pom
#10 14.33 [INFO] Downloaded from central: https://repo.maven.apache.org/maven2/org/codehaus/plexus/plexus/19/plexus-19.pom (25 kB at 875 kB/s)
#10 14.34 [INFO] Downloading from central: https://repo.maven.apache.org/maven2/org/apache/velocity/velocity-engine-core/2.4/velocity-engine-core-2.4.pom
#10 14.36 [INFO] Downloaded from central: https://repo.maven.apache.org/maven2/org/apache/velocity/velocity-engine-core/2.4/velocity-engine-core-2.4.pom (12 kB at 413 kB/s)
#10 14.37 [INFO] Downloading from central: https://repo.maven.apache.org/maven2/org/apache/velocity/velocity-engine-parent/2.4/velocity-engine-parent-2.4.pom
#10 14.39 [INFO] Downloaded from central: https://repo.maven.apache.org/maven2/org/apache/velocity/velocity-engine-parent/2.4/velocity-engine-parent-2.4.pom (9.5 kB at 366 kB/s)
#10 14.39 [INFO] Downloading from central: https://repo.maven.apache.org/maven2/org/apache/velocity/velocity-master/7/velocity-master-7.pom
#10 14.42 [INFO] Downloaded from central: https://repo.maven.apache.org/maven2/org/apache/velocity/velocity-master/7/velocity-master-7.pom (7.9 kB at 330 kB/s)
#10 14.42 [INFO] Downloading from central: https://repo.maven.apache.org/maven2/org/apache/velocity/tools/velocity-tools-generic/3.1/velocity-tools-generic-3.1.pom
#10 14.45 [INFO] Downloaded from central: https://repo.maven.apache.org/maven2/org/apache/velocity/tools/velocity-tools-generic/3.1/velocity-tools-generic-3.1.pom (2.6 kB at 98 kB/s)
#10 14.45 [INFO] Downloading from central: https://repo.maven.apache.org/maven2/org/apache/velocity/tools/velocity-tools-parent/3.1/velocity-tools-parent-3.1.pom
#10 14.47 [INFO] Downloaded from central: https://repo.maven.apache.org/maven2/org/apache/velocity/tools/velocity-tools-parent/3.1/velocity-tools-parent-3.1.pom (8.0 kB at 321 kB/s)
#10 14.47 [INFO] Downloading from central: https://repo.maven.apache.org/maven2/org/apache/velocity/velocity-master/4/velocity-master-4.pom
#10 14.50 [INFO] Downloaded from central: https://repo.maven.apache.org/maven2/org/apache/velocity/velocity-master/4/velocity-master-4.pom (7.8 kB at 338 kB/s)
#10 14.50 [INFO] Downloading from central: https://repo.maven.apache.org/maven2/org/apache/velocity/velocity-engine-core/2.3/velocity-engine-core-2.3.pom
#10 14.53 [INFO] Downloaded from central: https://repo.maven.apache.org/maven2/org/apache/velocity/velocity-engine-core/2.3/velocity-engine-core-2.3.pom (10 kB at 361 kB/s)
#10 14.53 [INFO] Downloading from central: https://repo.maven.apache.org/maven2/org/apache/velocity/velocity-engine-parent/2.3/velocity-engine-parent-2.3.pom
#10 14.55 [INFO] Downloaded from central: https://repo.maven.apache.org/maven2/org/apache/velocity/velocity-engine-parent/2.3/velocity-engine-parent-2.3.pom (14 kB at 576 kB/s)
#10 14.56 [INFO] Downloading from central: https://repo.maven.apache.org/maven2/org/apache/commons/commons-lang3/3.11/commons-lang3-3.11.pom
#10 14.59 [INFO] Downloaded from central: https://repo.maven.apache.org/maven2/org/apache/commons/commons-lang3/3.11/commons-lang3-3.11.pom (30 kB at 910 kB/s)
#10 14.59 [INFO] Downloading from central: https://repo.maven.apache.org/maven2/org/apache/commons/commons-parent/51/commons-parent-51.pom
#10 14.63 [INFO] Downloaded from central: https://repo.maven.apache.org/maven2/org/apache/commons/commons-parent/51/commons-parent-51.pom (78 kB at 1.9 MB/s)
#10 14.64 [INFO] Downloading from central: https://repo.maven.apache.org/maven2/org/slf4j/slf4j-api/1.7.30/slf4j-api-1.7.30.pom
#10 14.66 [INFO] Downloaded from central: https://repo.maven.apache.org/maven2/org/slf4j/slf4j-api/1.7.30/slf4j-api-1.7.30.pom (3.8 kB at 148 kB/s)
#10 14.66 [INFO] Downloading from central: https://repo.maven.apache.org/maven2/org/slf4j/slf4j-parent/1.7.30/slf4j-parent-1.7.30.pom
#10 14.69 [INFO] Downloaded from central: https://repo.maven.apache.org/maven2/org/slf4j/slf4j-parent/1.7.30/slf4j-parent-1.7.30.pom (14 kB at 531 kB/s)
#10 14.69 [INFO] Downloading from central: https://repo.maven.apache.org/maven2/commons-beanutils/commons-beanutils/1.9.4/commons-beanutils-1.9.4.pom
#10 14.72 [INFO] Downloaded from central: https://repo.maven.apache.org/maven2/commons-beanutils/commons-beanutils/1.9.4/commons-beanutils-1.9.4.pom (18 kB at 692 kB/s)
#10 14.72 [INFO] Downloading from central: https://repo.maven.apache.org/maven2/org/apache/commons/commons-parent/47/commons-parent-47.pom
#10 14.76 [INFO] Downloaded from central: https://repo.maven.apache.org/maven2/org/apache/commons/commons-parent/47/commons-parent-47.pom (78 kB at 2.1 MB/s)
#10 14.76 [INFO] Downloading from central: https://repo.maven.apache.org/maven2/org/apache/apache/19/apache-19.pom
#10 14.79 [INFO] Downloaded from central: https://repo.maven.apache.org/maven2/org/apache/apache/19/apache-19.pom (15 kB at 574 kB/s)
#10 14.79 [INFO] Downloading from central: https://repo.maven.apache.org/maven2/commons-logging/commons-logging/1.2/commons-logging-1.2.pom
#10 14.82 [INFO] Downloaded from central: https://repo.maven.apache.org/maven2/commons-logging/commons-logging/1.2/commons-logging-1.2.pom (19 kB at 686 kB/s)
#10 14.82 [INFO] Downloading from central: https://repo.maven.apache.org/maven2/org/apache/commons/commons-parent/34/commons-parent-34.pom
#10 14.85 [INFO] Downloaded from central: https://repo.maven.apache.org/maven2/org/apache/commons/commons-parent/34/commons-parent-34.pom (56 kB at 1.9 MB/s)
#10 14.85 [INFO] Downloading from central: https://repo.maven.apache.org/maven2/org/apache/apache/13/apache-13.pom
#10 14.88 [INFO] Downloaded from central: https://repo.maven.apache.org/maven2/org/apache/apache/13/apache-13.pom (14 kB at 482 kB/s)
#10 14.88 [INFO] Downloading from central: https://repo.maven.apache.org/maven2/commons-collections/commons-collections/3.2.2/commons-collections-3.2.2.pom
#10 14.91 [INFO] Downloaded from central: https://repo.maven.apache.org/maven2/commons-collections/commons-collections/3.2.2/commons-collections-3.2.2.pom (12 kB at 477 kB/s)
#10 14.91 [INFO] Downloading from central: https://repo.maven.apache.org/maven2/org/apache/commons/commons-parent/39/commons-parent-39.pom
#10 14.95 [INFO] Downloaded from central: https://repo.maven.apache.org/maven2/org/apache/commons/commons-parent/39/commons-parent-39.pom (62 kB at 1.9 MB/s)
#10 14.95 [INFO] Downloading from central: https://repo.maven.apache.org/maven2/org/apache/apache/16/apache-16.pom
#10 14.98 [INFO] Downloaded from central: https://repo.maven.apache.org/maven2/org/apache/apache/16/apache-16.pom (15 kB at 616 kB/s)
#10 ...

#9 [stage-1 1/3] FROM docker.io/library/eclipse-temurin:21-jre@sha256:273396ed5998598ed1091e8d72711c2d36980a0e65103859c55a4e977a41ffd3
#9 sha256:8852b592a066427ad5c1c3a6eb4143f649e9bed197bec2704b6979da6708b7e9 52.32MB / 52.32MB 13.9s done
#9 extracting sha256:8852b592a066427ad5c1c3a6eb4143f649e9bed197bec2704b6979da6708b7e9 1.0s done
#9 extracting sha256:167490fa9606dbb83d0cb23b5013c864e78c81897777e78ad459cb9dd6e5cb0c done
#9 extracting sha256:1399a00b7a0ddc643aa0d1feb1b97bceef53418a5a31854c194210f2f877c54e done
#9 DONE 15.1s

#10 [builder 4/6] RUN mvn dependency:go-offline -B
#10 14.98 [INFO] Downloading from central: https://repo.maven.apache.org/maven2/org/apache/commons/commons-digester3/3.2/commons-digester3-3.2.pom
#10 15.01 [INFO] Downloaded from central: https://repo.maven.apache.org/maven2/org/apache/commons/commons-digester3/3.2/commons-digester3-3.2.pom (18 kB at 628 kB/s)
#10 15.01 [INFO] Downloading from central: https://repo.maven.apache.org/maven2/org/apache/commons/commons-parent/22/commons-parent-22.pom
#10 15.04 [INFO] Downloaded from central: https://repo.maven.apache.org/maven2/org/apache/commons/commons-parent/22/commons-parent-22.pom (42 kB at 1.4 MB/s)
#10 15.04 [INFO] Downloading from central: https://repo.maven.apache.org/maven2/org/apache/apache/9/apache-9.pom
#10 15.07 [INFO] Downloaded from central: https://repo.maven.apache.org/maven2/org/apache/apache/9/apache-9.pom (15 kB at 606 kB/s)
#10 15.07 [INFO] Downloading from central: https://repo.maven.apache.org/maven2/commons-beanutils/commons-beanutils/1.8.3/commons-beanutils-1.8.3.pom
#10 15.19 [INFO] Downloaded from central: https://repo.maven.apache.org/maven2/commons-beanutils/commons-beanutils/1.8.3/commons-beanutils-1.8.3.pom (11 kB at 97 kB/s)
#10 ...

#11 [stage-1 2/3] WORKDIR /app
#11 DONE 0.7s

#10 [builder 4/6] RUN mvn dependency:go-offline -B
#10 15.20 [INFO] Downloading from central: https://repo.maven.apache.org/maven2/org/apache/commons/commons-parent/14/commons-parent-14.pom
#10 15.28 [INFO] Downloaded from central: https://repo.maven.apache.org/maven2/org/apache/commons/commons-parent/14/commons-parent-14.pom (31 kB at 419 kB/s)
#10 15.28 [INFO] Downloading from central: https://repo.maven.apache.org/maven2/org/apache/apache/7/apache-7.pom
#10 15.31 [INFO] Downloaded from central: https://repo.maven.apache.org/maven2/org/apache/apache/7/apache-7.pom (14 kB at 401 kB/s)
#10 15.32 [INFO] Downloading from central: https://repo.maven.apache.org/maven2/commons-logging/commons-logging/1.1.1/commons-logging-1.1.1.pom
#10 15.35 [INFO] Downloaded from central: https://repo.maven.apache.org/maven2/commons-logging/commons-logging/1.1.1/commons-logging-1.1.1.pom (18 kB at 612 kB/s)
#10 15.35 [INFO] Downloading from central: https://repo.maven.apache.org/maven2/org/apache/commons/commons-parent/5/commons-parent-5.pom
#10 15.38 [INFO] Downloaded from central: https://repo.maven.apache.org/maven2/org/apache/commons/commons-parent/5/commons-parent-5.pom (16 kB at 553 kB/s)
#10 15.38 [INFO] Downloading from central: https://repo.maven.apache.org/maven2/org/apache/apache/4/apache-4.pom
#10 15.41 [INFO] Downloaded from central: https://repo.maven.apache.org/maven2/org/apache/apache/4/apache-4.pom (4.5 kB at 125 kB/s)
#10 15.42 [INFO] Downloading from central: https://repo.maven.apache.org/maven2/org/apache/commons/commons-lang3/3.10/commons-lang3-3.10.pom
#10 15.45 [INFO] Downloaded from central: https://repo.maven.apache.org/maven2/org/apache/commons/commons-lang3/3.10/commons-lang3-3.10.pom (31 kB at 955 kB/s)
#10 15.45 [INFO] Downloading from central: https://repo.maven.apache.org/maven2/org/apache/commons/commons-parent/50/commons-parent-50.pom
#10 15.51 [INFO] Downloaded from central: https://repo.maven.apache.org/maven2/org/apache/commons/commons-parent/50/commons-parent-50.pom (76 kB at 1.3 MB/s)
#10 15.51 [INFO] Downloading from central: https://repo.maven.apache.org/maven2/org/apache/apache/21/apache-21.pom
#10 15.54 [INFO] Downloaded from central: https://repo.maven.apache.org/maven2/org/apache/apache/21/apache-21.pom (17 kB at 684 kB/s)
#10 15.54 [INFO] Downloading from central: https://repo.maven.apache.org/maven2/com/github/cliftonlabs/json-simple/3.0.2/json-simple-3.0.2.pom
#10 15.57 [INFO] Downloaded from central: https://repo.maven.apache.org/maven2/com/github/cliftonlabs/json-simple/3.0.2/json-simple-3.0.2.pom (7.5 kB at 287 kB/s)
#10 15.57 [INFO] Downloading from central: https://repo.maven.apache.org/maven2/org/apache/maven/doxia/doxia-module-apt/2.0.0/doxia-module-apt-2.0.0.pom
#10 15.59 [INFO] Downloaded from central: https://repo.maven.apache.org/maven2/org/apache/maven/doxia/doxia-module-apt/2.0.0/doxia-module-apt-2.0.0.pom (2.9 kB at 119 kB/s)
#10 15.59 [INFO] Downloading from central: https://repo.maven.apache.org/maven2/org/apache/maven/doxia/doxia-module-xdoc/2.0.0/doxia-module-xdoc-2.0.0.pom
#10 15.62 [INFO] Downloaded from central: https://repo.maven.apache.org/maven2/org/apache/maven/doxia/doxia-module-xdoc/2.0.0/doxia-module-xdoc-2.0.0.pom (5.4 kB at 256 kB/s)
#10 15.63 [INFO] Downloading from central: https://repo.maven.apache.org/maven2/org/apache/maven/maven-archiver/3.6.2/maven-archiver-3.6.2.pom
#10 15.66 [INFO] Downloaded from central: https://repo.maven.apache.org/maven2/org/apache/maven/maven-archiver/3.6.2/maven-archiver-3.6.2.pom (4.4 kB at 157 kB/s)
#10 15.66 [INFO] Downloading from central: https://repo.maven.apache.org/maven2/org/apache/maven/shared/maven-shared-components/41/maven-shared-components-41.pom
#10 15.68 [INFO] Downloaded from central: https://repo.maven.apache.org/maven2/org/apache/maven/shared/maven-shared-components/41/maven-shared-components-41.pom (3.2 kB at 151 kB/s)
#10 15.68 [INFO] Downloading from central: https://repo.maven.apache.org/maven2/org/codehaus/plexus/plexus-archiver/4.9.2/plexus-archiver-4.9.2.pom
#10 15.72 [INFO] Downloaded from central: https://repo.maven.apache.org/maven2/org/codehaus/plexus/plexus-archiver/4.9.2/plexus-archiver-4.9.2.pom (6.0 kB at 150 kB/s)
#10 15.72 [INFO] Downloading from central: https://repo.maven.apache.org/maven2/org/codehaus/plexus/plexus/17/plexus-17.pom
#10 15.76 [INFO] Downloaded from central: https://repo.maven.apache.org/maven2/org/codehaus/plexus/plexus/17/plexus-17.pom (28 kB at 881 kB/s)
#10 15.76 [INFO] Downloading from central: https://repo.maven.apache.org/maven2/org/codehaus/plexus/plexus-io/3.4.2/plexus-io-3.4.2.pom
#10 15.78 [INFO] Downloaded from central: https://repo.maven.apache.org/maven2/org/codehaus/plexus/plexus-io/3.4.2/plexus-io-3.4.2.pom (3.9 kB at 161 kB/s)
#10 15.78 [INFO] Downloading from central: https://repo.maven.apache.org/maven2/commons-io/commons-io/2.15.1/commons-io-2.15.1.pom
#10 15.81 [INFO] Downloaded from central: https://repo.maven.apache.org/maven2/commons-io/commons-io/2.15.1/commons-io-2.15.1.pom (20 kB at 713 kB/s)
#10 15.82 [INFO] Downloading from central: https://repo.maven.apache.org/maven2/org/apache/commons/commons-parent/65/commons-parent-65.pom
#10 15.86 [INFO] Downloaded from central: https://repo.maven.apache.org/maven2/org/apache/commons/commons-parent/65/commons-parent-65.pom (78 kB at 1.6 MB/s)
#10 15.88 [INFO] Downloading from central: https://repo.maven.apache.org/maven2/org/apache/commons/commons-compress/1.26.1/commons-compress-1.26.1.pom
#10 15.90 [INFO] Downloaded from central: https://repo.maven.apache.org/maven2/org/apache/commons/commons-compress/1.26.1/commons-compress-1.26.1.pom (22 kB at 771 kB/s)
#10 15.91 [INFO] Downloading from central: https://repo.maven.apache.org/maven2/org/apache/commons/commons-parent/66/commons-parent-66.pom
#10 15.96 [INFO] Downloaded from central: https://repo.maven.apache.org/maven2/org/apache/commons/commons-parent/66/commons-parent-66.pom (77 kB at 1.6 MB/s)
#10 15.96 [INFO] Downloading from central: https://repo.maven.apache.org/maven2/commons-codec/commons-codec/1.16.1/commons-codec-1.16.1.pom
#10 15.99 [INFO] Downloaded from central: https://repo.maven.apache.org/maven2/commons-codec/commons-codec/1.16.1/commons-codec-1.16.1.pom (16 kB at 541 kB/s)
#10 15.99 [INFO] Downloading from central: https://repo.maven.apache.org/maven2/org/iq80/snappy/snappy/0.4/snappy-0.4.pom
#10 16.03 [INFO] Downloaded from central: https://repo.maven.apache.org/maven2/org/iq80/snappy/snappy/0.4/snappy-0.4.pom (15 kB at 441 kB/s)
#10 16.03 [INFO] Downloading from central: https://repo.maven.apache.org/maven2/org/tukaani/xz/1.9/xz-1.9.pom
#10 16.05 [INFO] Downloaded from central: https://repo.maven.apache.org/maven2/org/tukaani/xz/1.9/xz-1.9.pom (2.0 kB at 85 kB/s)
#10 16.06 [INFO] Downloading from central: https://repo.maven.apache.org/maven2/com/github/luben/zstd-jni/1.5.5-11/zstd-jni-1.5.5-11.pom
#10 16.08 [INFO] Downloaded from central: https://repo.maven.apache.org/maven2/com/github/luben/zstd-jni/1.5.5-11/zstd-jni-1.5.5-11.pom (2.0 kB at 84 kB/s)
#10 16.08 [INFO] Downloading from central: https://repo.maven.apache.org/maven2/org/apache/maven/resolver/maven-resolver-api/1.4.1/maven-resolver-api-1.4.1.pom
#10 16.11 [INFO] Downloaded from central: https://repo.maven.apache.org/maven2/org/apache/maven/resolver/maven-resolver-api/1.4.1/maven-resolver-api-1.4.1.pom (2.6 kB at 105 kB/s)
#10 16.11 [INFO] Downloading from central: https://repo.maven.apache.org/maven2/org/apache/maven/resolver/maven-resolver/1.4.1/maven-resolver-1.4.1.pom
#10 16.13 [INFO] Downloaded from central: https://repo.maven.apache.org/maven2/org/apache/maven/resolver/maven-resolver/1.4.1/maven-resolver-1.4.1.pom (18 kB at 727 kB/s)
#10 16.14 [INFO] Downloading from central: https://repo.maven.apache.org/maven2/org/apache/maven/maven-parent/33/maven-parent-33.pom
#10 16.17 [INFO] Downloaded from central: https://repo.maven.apache.org/maven2/org/apache/maven/maven-parent/33/maven-parent-33.pom (44 kB at 1.4 MB/s)
#10 16.17 [INFO] Downloading from central: https://repo.maven.apache.org/maven2/org/codehaus/plexus/plexus-archiver/4.10.1/plexus-archiver-4.10.1.pom
#10 16.19 [INFO] Downloaded from central: https://repo.maven.apache.org/maven2/org/codehaus/plexus/plexus-archiver/4.10.1/plexus-archiver-4.10.1.pom (7.0 kB at 316 kB/s)
#10 16.20 [INFO] Downloading from central: https://repo.maven.apache.org/maven2/org/codehaus/plexus/plexus/23/plexus-23.pom
#10 16.23 [INFO] Downloaded from central: https://repo.maven.apache.org/maven2/org/codehaus/plexus/plexus/23/plexus-23.pom (31 kB at 1.0 MB/s)
#10 16.23 [INFO] Downloading from central: https://repo.maven.apache.org/maven2/org/junit/junit-bom/5.13.4/junit-bom-5.13.4.pom
#10 16.25 [INFO] Downloaded from central: https://repo.maven.apache.org/maven2/org/junit/junit-bom/5.13.4/junit-bom-5.13.4.pom (5.7 kB at 246 kB/s)
#10 16.26 [INFO] Downloading from central: https://repo.maven.apache.org/maven2/org/codehaus/plexus/plexus-io/3.5.1/plexus-io-3.5.1.pom
#10 16.28 [INFO] Downloaded from central: https://repo.maven.apache.org/maven2/org/codehaus/plexus/plexus-io/3.5.1/plexus-io-3.5.1.pom (4.3 kB at 198 kB/s)
#10 16.28 [INFO] Downloading from central: https://repo.maven.apache.org/maven2/commons-io/commons-io/2.16.1/commons-io-2.16.1.pom
#10 16.32 [INFO] Downloaded from central: https://repo.maven.apache.org/maven2/commons-io/commons-io/2.16.1/commons-io-2.16.1.pom (20 kB at 577 kB/s)
#10 16.32 [INFO] Downloading from central: https://repo.maven.apache.org/maven2/commons-io/commons-io/2.20.0/commons-io-2.20.0.pom
#10 16.35 [INFO] Downloaded from central: https://repo.maven.apache.org/maven2/commons-io/commons-io/2.20.0/commons-io-2.20.0.pom (20 kB at 706 kB/s)
#10 16.35 [INFO] Downloading from central: https://repo.maven.apache.org/maven2/org/apache/commons/commons-parent/85/commons-parent-85.pom
#10 16.40 [INFO] Downloaded from central: https://repo.maven.apache.org/maven2/org/apache/commons/commons-parent/85/commons-parent-85.pom (78 kB at 1.6 MB/s)
#10 16.40 [INFO] Downloading from central: https://repo.maven.apache.org/maven2/org/apache/commons/commons-compress/1.28.0/commons-compress-1.28.0.pom
#10 16.43 [INFO] Downloaded from central: https://repo.maven.apache.org/maven2/org/apache/commons/commons-compress/1.28.0/commons-compress-1.28.0.pom (25 kB at 873 kB/s)
#10 16.43 [INFO] Downloading from central: https://repo.maven.apache.org/maven2/commons-codec/commons-codec/1.19.0/commons-codec-1.19.0.pom
#10 16.46 [INFO] Downloaded from central: https://repo.maven.apache.org/maven2/commons-codec/commons-codec/1.19.0/commons-codec-1.19.0.pom (18 kB at 667 kB/s)
#10 16.47 [INFO] Downloading from central: https://repo.maven.apache.org/maven2/org/apache/commons/commons-lang3/3.18.0/commons-lang3-3.18.0.pom
#10 16.50 [INFO] Downloaded from central: https://repo.maven.apache.org/maven2/org/apache/commons/commons-lang3/3.18.0/commons-lang3-3.18.0.pom (32 kB at 971 kB/s)
#10 16.50 [INFO] Downloading from central: https://repo.maven.apache.org/maven2/io/airlift/aircompressor/0.27/aircompressor-0.27.pom
#10 16.53 [INFO] Downloaded from central: https://repo.maven.apache.org/maven2/io/airlift/aircompressor/0.27/aircompressor-0.27.pom (5.8 kB at 230 kB/s)
#10 16.53 [INFO] Downloading from central: https://repo.maven.apache.org/maven2/io/airlift/airbase/112/airbase-112.pom
#10 16.57 [INFO] Downloaded from central: https://repo.maven.apache.org/maven2/io/airlift/airbase/112/airbase-112.pom (69 kB at 1.6 MB/s)
#10 16.57 [INFO] Downloading from central: https://repo.maven.apache.org/maven2/org/junit/junit-bom/5.8.0-M1/junit-bom-5.8.0-M1.pom
#10 16.60 [INFO] Downloaded from central: https://repo.maven.apache.org/maven2/org/junit/junit-bom/5.8.0-M1/junit-bom-5.8.0-M1.pom (5.7 kB at 237 kB/s)
#10 16.60 [INFO] Downloading from central: https://repo.maven.apache.org/maven2/org/tukaani/xz/1.10/xz-1.10.pom
#10 16.62 [INFO] Downloaded from central: https://repo.maven.apache.org/maven2/org/tukaani/xz/1.10/xz-1.10.pom (1.9 kB at 77 kB/s)
#10 16.63 [INFO] Downloading from central: https://repo.maven.apache.org/maven2/com/github/luben/zstd-jni/1.5.7-4/zstd-jni-1.5.7-4.pom
#10 16.65 [INFO] Downloaded from central: https://repo.maven.apache.org/maven2/com/github/luben/zstd-jni/1.5.7-4/zstd-jni-1.5.7-4.pom (2.0 kB at 84 kB/s)
#10 16.65 [INFO] Downloading from central: https://repo.maven.apache.org/maven2/org/apache/commons/commons-lang3/3.19.0/commons-lang3-3.19.0.pom
#10 16.69 [INFO] Downloaded from central: https://repo.maven.apache.org/maven2/org/apache/commons/commons-lang3/3.19.0/commons-lang3-3.19.0.pom (32 kB at 948 kB/s)
#10 16.69 [INFO] Downloading from central: https://repo.maven.apache.org/maven2/org/apache/commons/commons-parent/88/commons-parent-88.pom
#10 16.74 [INFO] Downloaded from central: https://repo.maven.apache.org/maven2/org/apache/commons/commons-parent/88/commons-parent-88.pom (80 kB at 1.6 MB/s)
#10 16.74 [INFO] Downloading from central: https://repo.maven.apache.org/maven2/org/codehaus/plexus/plexus-i18n/1.0.0/plexus-i18n-1.0.0.pom
#10 16.77 [INFO] Downloaded from central: https://repo.maven.apache.org/maven2/org/codehaus/plexus/plexus-i18n/1.0.0/plexus-i18n-1.0.0.pom (2.8 kB at 115 kB/s)
#10 16.77 [INFO] Downloading from central: https://repo.maven.apache.org/maven2/org/apache/maven/shared/maven-dependency-analyzer/1.16.0/maven-dependency-analyzer-1.16.0.pom
#10 16.79 [INFO] Downloaded from central: https://repo.maven.apache.org/maven2/org/apache/maven/shared/maven-dependency-analyzer/1.16.0/maven-dependency-analyzer-1.16.0.pom (6.3 kB at 273 kB/s)
#10 16.80 [INFO] Downloading from central: https://repo.maven.apache.org/maven2/org/apache/maven/shared/maven-shared-components/44/maven-shared-components-44.pom
#10 16.82 [INFO] Downloaded from central: https://repo.maven.apache.org/maven2/org/apache/maven/shared/maven-shared-components/44/maven-shared-components-44.pom (3.8 kB at 146 kB/s)
#10 16.83 [INFO] Downloading from central: https://repo.maven.apache.org/maven2/org/assertj/assertj-bom/3.27.3/assertj-bom-3.27.3.pom
#10 16.85 [INFO] Downloaded from central: https://repo.maven.apache.org/maven2/org/assertj/assertj-bom/3.27.3/assertj-bom-3.27.3.pom (3.7 kB at 167 kB/s)
#10 16.85 [INFO] Downloading from central: https://repo.maven.apache.org/maven2/org/apache/maven/shared/maven-dependency-tree/3.3.0/maven-dependency-tree-3.3.0.pom
#10 16.88 [INFO] Downloaded from central: https://repo.maven.apache.org/maven2/org/apache/maven/shared/maven-dependency-tree/3.3.0/maven-dependency-tree-3.3.0.pom (7.0 kB at 269 kB/s)
#10 16.88 [INFO] Downloading from central: https://repo.maven.apache.org/maven2/org/apache/maven/shared/maven-shared-components/42/maven-shared-components-42.pom
#10 16.92 [INFO] Downloaded from central: https://repo.maven.apache.org/maven2/org/apache/maven/shared/maven-shared-components/42/maven-shared-components-42.pom (3.8 kB at 99 kB/s)
#10 16.92 [INFO] Downloading from central: https://repo.maven.apache.org/maven2/org/apache/maven/resolver/maven-resolver-util/1.4.1/maven-resolver-util-1.4.1.pom
#10 16.95 [INFO] Downloaded from central: https://repo.maven.apache.org/maven2/org/apache/maven/resolver/maven-resolver-util/1.4.1/maven-resolver-util-1.4.1.pom (2.8 kB at 112 kB/s)
#10 16.95 [INFO] Downloading from central: https://repo.maven.apache.org/maven2/org/apache/maven/shared/maven-common-artifact-filters/3.4.0/maven-common-artifact-filters-3.4.0.pom
#10 16.98 [INFO] Downloaded from central: https://repo.maven.apache.org/maven2/org/apache/maven/shared/maven-common-artifact-filters/3.4.0/maven-common-artifact-filters-3.4.0.pom (5.4 kB at 215 kB/s)
#10 16.98 [INFO] Downloading from central: https://repo.maven.apache.org/maven2/org/apache/maven/shared/maven-artifact-transfer/0.13.1/maven-artifact-transfer-0.13.1.pom
#10 17.01 [INFO] Downloaded from central: https://repo.maven.apache.org/maven2/org/apache/maven/shared/maven-artifact-transfer/0.13.1/maven-artifact-transfer-0.13.1.pom (11 kB at 432 kB/s)
#10 17.01 [INFO] Downloading from central: https://repo.maven.apache.org/maven2/org/apache/maven/shared/maven-shared-components/34/maven-shared-components-34.pom
#10 17.03 [INFO] Downloaded from central: https://repo.maven.apache.org/maven2/org/apache/maven/shared/maven-shared-components/34/maven-shared-components-34.pom (5.1 kB at 243 kB/s)
#10 17.03 [INFO] Downloading from central: https://repo.maven.apache.org/maven2/org/apache/maven/maven-parent/34/maven-parent-34.pom
#10 17.06 [INFO] Downloaded from central: https://repo.maven.apache.org/maven2/org/apache/maven/maven-parent/34/maven-parent-34.pom (43 kB at 1.4 MB/s)
#10 17.07 [INFO] Downloading from central: https://repo.maven.apache.org/maven2/org/codehaus/plexus/plexus-component-annotations/2.0.0/plexus-component-annotations-2.0.0.pom
#10 17.09 [INFO] Downloaded from central: https://repo.maven.apache.org/maven2/org/codehaus/plexus/plexus-component-annotations/2.0.0/plexus-component-annotations-2.0.0.pom (750 B at 31 kB/s)
#10 17.10 [INFO] Downloading from central: https://repo.maven.apache.org/maven2/org/codehaus/plexus/plexus-containers/2.0.0/plexus-containers-2.0.0.pom
#10 17.12 [INFO] Downloaded from central: https://repo.maven.apache.org/maven2/org/codehaus/plexus/plexus-containers/2.0.0/plexus-containers-2.0.0.pom (4.8 kB at 209 kB/s)
#10 17.12 [INFO] Downloading from central: https://repo.maven.apache.org/maven2/org/apache/maven/shared/maven-common-artifact-filters/3.1.0/maven-common-artifact-filters-3.1.0.pom
#10 17.15 [INFO] Downloaded from central: https://repo.maven.apache.org/maven2/org/apache/maven/shared/maven-common-artifact-filters/3.1.0/maven-common-artifact-filters-3.1.0.pom (5.3 kB at 189 kB/s)
#10 17.15 [INFO] Downloading from central: https://repo.maven.apache.org/maven2/org/apache/maven/shared/maven-shared-components/33/maven-shared-components-33.pom
#10 17.17 [INFO] Downloaded from central: https://repo.maven.apache.org/maven2/org/apache/maven/shared/maven-shared-components/33/maven-shared-components-33.pom (5.1 kB at 232 kB/s)
#10 17.18 [INFO] Downloading from central: https://repo.maven.apache.org/maven2/org/apache/maven/maven-model/3.0/maven-model-3.0.pom
#10 17.22 [INFO] Downloaded from central: https://repo.maven.apache.org/maven2/org/apache/maven/maven-model/3.0/maven-model-3.0.pom (3.9 kB at 85 kB/s)
#10 17.23 [INFO] Downloading from central: https://repo.maven.apache.org/maven2/org/apache/maven/maven/3.0/maven-3.0.pom
#10 17.26 [INFO] Downloaded from central: https://repo.maven.apache.org/maven2/org/apache/maven/maven/3.0/maven-3.0.pom (22 kB at 755 kB/s)
#10 17.26 [INFO] Downloading from central: https://repo.maven.apache.org/maven2/org/apache/maven/maven-parent/15/maven-parent-15.pom
#10 17.28 [INFO] Downloaded from central: https://repo.maven.apache.org/maven2/org/apache/maven/maven-parent/15/maven-parent-15.pom (24 kB at 923 kB/s)
#10 17.29 [INFO] Downloading from central: https://repo.maven.apache.org/maven2/org/apache/apache/6/apache-6.pom
#10 17.31 [INFO] Downloaded from central: https://repo.maven.apache.org/maven2/org/apache/apache/6/apache-6.pom (13 kB at 492 kB/s)
#10 17.32 [INFO] Downloading from central: https://repo.maven.apache.org/maven2/org/apache/maven/maven-plugin-api/3.0/maven-plugin-api-3.0.pom
#10 17.35 [INFO] Downloaded from central: https://repo.maven.apache.org/maven2/org/apache/maven/maven-plugin-api/3.0/maven-plugin-api-3.0.pom (2.3 kB at 64 kB/s)
#10 17.37 [INFO] Downloading from central: https://repo.maven.apache.org/maven2/org/sonatype/sisu/sisu-inject-plexus/1.4.2/sisu-inject-plexus-1.4.2.pom
#10 17.40 [INFO] Downloaded from central: https://repo.maven.apache.org/maven2/org/sonatype/sisu/sisu-inject-plexus/1.4.2/sisu-inject-plexus-1.4.2.pom (5.4 kB at 206 kB/s)
#10 17.40 [INFO] Downloading from central: https://repo.maven.apache.org/maven2/org/sonatype/sisu/inject/guice-plexus/1.4.2/guice-plexus-1.4.2.pom
#10 17.42 [INFO] Downloaded from central: https://repo.maven.apache.org/maven2/org/sonatype/sisu/inject/guice-plexus/1.4.2/guice-plexus-1.4.2.pom (3.1 kB at 130 kB/s)
#10 17.42 [INFO] Downloading from central: https://repo.maven.apache.org/maven2/org/sonatype/sisu/inject/guice-bean/1.4.2/guice-bean-1.4.2.pom
#10 17.45 [INFO] Downloaded from central: https://repo.maven.apache.org/maven2/org/sonatype/sisu/inject/guice-bean/1.4.2/guice-bean-1.4.2.pom (2.6 kB at 109 kB/s)
#10 17.45 [INFO] Downloading from central: https://repo.maven.apache.org/maven2/org/sonatype/sisu/sisu-inject/1.4.2/sisu-inject-1.4.2.pom
#10 17.47 [INFO] Downloaded from central: https://repo.maven.apache.org/maven2/org/sonatype/sisu/sisu-inject/1.4.2/sisu-inject-1.4.2.pom (1.2 kB at 52 kB/s)
#10 17.48 [INFO] Downloading from central: https://repo.maven.apache.org/maven2/org/sonatype/sisu/sisu-parent/1.4.2/sisu-parent-1.4.2.pom
#10 17.50 [INFO] Downloaded from central: https://repo.maven.apache.org/maven2/org/sonatype/sisu/sisu-parent/1.4.2/sisu-parent-1.4.2.pom (7.8 kB at 370 kB/s)
#10 17.50 [INFO] Downloading from central: https://repo.maven.apache.org/maven2/org/sonatype/forge/forge-parent/6/forge-parent-6.pom
#10 17.52 [INFO] Downloaded from central: https://repo.maven.apache.org/maven2/org/sonatype/forge/forge-parent/6/forge-parent-6.pom (11 kB at 468 kB/s)
#10 17.53 [INFO] Downloading from central: https://repo.maven.apache.org/maven2/org/codehaus/plexus/plexus-component-annotations/1.5.4/plexus-component-annotations-1.5.4.pom
#10 17.55 [INFO] Downloaded from central: https://repo.maven.apache.org/maven2/org/codehaus/plexus/plexus-component-annotations/1.5.4/plexus-component-annotations-1.5.4.pom (815 B at 41 kB/s)
#10 17.55 [INFO] Downloading from central: https://repo.maven.apache.org/maven2/org/codehaus/plexus/plexus-containers/1.5.4/plexus-containers-1.5.4.pom
#10 17.57 [INFO] Downloaded from central: https://repo.maven.apache.org/maven2/org/codehaus/plexus/plexus-containers/1.5.4/plexus-containers-1.5.4.pom (4.2 kB at 184 kB/s)
#10 17.57 [INFO] Downloading from central: https://repo.maven.apache.org/maven2/org/codehaus/plexus/plexus/2.0.5/plexus-2.0.5.pom
#10 17.60 [INFO] Downloaded from central: https://repo.maven.apache.org/maven2/org/codehaus/plexus/plexus/2.0.5/plexus-2.0.5.pom (17 kB at 620 kB/s)
#10 17.60 [INFO] Downloading from central: https://repo.maven.apache.org/maven2/org/codehaus/plexus/plexus-classworlds/2.2.3/plexus-classworlds-2.2.3.pom
#10 17.63 [INFO] Downloaded from central: https://repo.maven.apache.org/maven2/org/codehaus/plexus/plexus-classworlds/2.2.3/plexus-classworlds-2.2.3.pom (4.0 kB at 182 kB/s)
#10 17.63 [INFO] Downloading from central: https://repo.maven.apache.org/maven2/org/codehaus/plexus/plexus/2.0.6/plexus-2.0.6.pom
#10 17.67 [INFO] Downloaded from central: https://repo.maven.apache.org/maven2/org/codehaus/plexus/plexus/2.0.6/plexus-2.0.6.pom (17 kB at 399 kB/s)
#10 17.68 [INFO] Downloading from central: https://repo.maven.apache.org/maven2/org/sonatype/sisu/sisu-inject-bean/1.4.2/sisu-inject-bean-1.4.2.pom
#10 17.72 [INFO] Downloaded from central: https://repo.maven.apache.org/maven2/org/sonatype/sisu/sisu-inject-bean/1.4.2/sisu-inject-bean-1.4.2.pom (5.5 kB at 144 kB/s)
#10 17.73 [INFO] Downloading from central: https://repo.maven.apache.org/maven2/org/sonatype/sisu/sisu-guice/2.1.7/sisu-guice-2.1.7.pom
#10 17.75 [INFO] Downloaded from central: https://repo.maven.apache.org/maven2/org/sonatype/sisu/sisu-guice/2.1.7/sisu-guice-2.1.7.pom (11 kB at 442 kB/s)
#10 17.76 [INFO] Downloading from central: https://repo.maven.apache.org/maven2/org/apache/maven/shared/maven-shared-utils/3.1.0/maven-shared-utils-3.1.0.pom
#10 17.78 [INFO] Downloaded from central: https://repo.maven.apache.org/maven2/org/apache/maven/shared/maven-shared-utils/3.1.0/maven-shared-utils-3.1.0.pom (5.0 kB at 237 kB/s)
#10 17.78 [INFO] Downloading from central: https://repo.maven.apache.org/maven2/org/apache/maven/shared/maven-shared-components/30/maven-shared-components-30.pom
#10 17.81 [INFO] Downloaded from central: https://repo.maven.apache.org/maven2/org/apache/maven/shared/maven-shared-components/30/maven-shared-components-30.pom (4.6 kB at 176 kB/s)
#10 17.81 [INFO] Downloading from central: https://repo.maven.apache.org/maven2/org/apache/maven/maven-parent/30/maven-parent-30.pom
#10 17.84 [INFO] Downloaded from central: https://repo.maven.apache.org/maven2/org/apache/maven/maven-parent/30/maven-parent-30.pom (41 kB at 1.3 MB/s)
#10 17.84 [INFO] Downloading from central: https://repo.maven.apache.org/maven2/org/apache/apache/18/apache-18.pom
#10 17.87 [INFO] Downloaded from central: https://repo.maven.apache.org/maven2/org/apache/apache/18/apache-18.pom (16 kB at 540 kB/s)
#10 17.88 [INFO] Downloading from central: https://repo.maven.apache.org/maven2/commons-io/commons-io/2.5/commons-io-2.5.pom
#10 17.90 [INFO] Downloaded from central: https://repo.maven.apache.org/maven2/commons-io/commons-io/2.5/commons-io-2.5.pom (13 kB at 532 kB/s)
#10 17.90 [INFO] Downloading from central: https://repo.maven.apache.org/maven2/org/slf4j/slf4j-api/1.7.5/slf4j-api-1.7.5.pom
#10 17.93 [INFO] Downloaded from central: https://repo.maven.apache.org/maven2/org/slf4j/slf4j-api/1.7.5/slf4j-api-1.7.5.pom (2.7 kB at 103 kB/s)
#10 17.93 [INFO] Downloading from central: https://repo.maven.apache.org/maven2/org/slf4j/slf4j-parent/1.7.5/slf4j-parent-1.7.5.pom
#10 17.96 [INFO] Downloaded from central: https://repo.maven.apache.org/maven2/org/slf4j/slf4j-parent/1.7.5/slf4j-parent-1.7.5.pom (12 kB at 422 kB/s)
#10 17.97 [INFO] Downloading from central: https://repo.maven.apache.org/maven2/org/apache/maven/resolver/maven-resolver-util/1.9.24/maven-resolver-util-1.9.24.pom
#10 17.99 [INFO] Downloaded from central: https://repo.maven.apache.org/maven2/org/apache/maven/resolver/maven-resolver-util/1.9.24/maven-resolver-util-1.9.24.pom (2.2 kB at 97 kB/s)
#10 17.99 [INFO] Downloading from central: https://repo.maven.apache.org/maven2/org/apache/maven/resolver/maven-resolver/1.9.24/maven-resolver-1.9.24.pom
#10 18.02 [INFO] Downloaded from central: https://repo.maven.apache.org/maven2/org/apache/maven/resolver/maven-resolver/1.9.24/maven-resolver-1.9.24.pom (25 kB at 817 kB/s)
#10 18.03 [INFO] Downloading from central: https://repo.maven.apache.org/maven2/org/apache/maven/resolver/maven-resolver-api/1.9.24/maven-resolver-api-1.9.24.pom
#10 18.05 [INFO] Downloaded from central: https://repo.maven.apache.org/maven2/org/apache/maven/resolver/maven-resolver-api/1.9.24/maven-resolver-api-1.9.24.pom (2.2 kB at 89 kB/s)
#10 18.06 [INFO] Downloading from central: https://repo.maven.apache.org/maven2/org/sonatype/plexus/plexus-build-api/0.0.7/plexus-build-api-0.0.7.pom
#10 18.08 [INFO] Downloaded from central: https://repo.maven.apache.org/maven2/org/sonatype/plexus/plexus-build-api/0.0.7/plexus-build-api-0.0.7.pom (3.2 kB at 146 kB/s)
#10 18.09 [INFO] Downloading from central: https://repo.maven.apache.org/maven2/org/sonatype/spice/spice-parent/15/spice-parent-15.pom
#10 18.12 [INFO] Downloaded from central: https://repo.maven.apache.org/maven2/org/sonatype/spice/spice-parent/15/spice-parent-15.pom (8.4 kB at 310 kB/s)
#10 18.12 [INFO] Downloading from central: https://repo.maven.apache.org/maven2/org/sonatype/forge/forge-parent/5/forge-parent-5.pom
#10 18.14 [INFO] Downloaded from central: https://repo.maven.apache.org/maven2/org/sonatype/forge/forge-parent/5/forge-parent-5.pom (8.4 kB at 364 kB/s)
#10 18.14 [INFO] Downloading from central: https://repo.maven.apache.org/maven2/org/apache/velocity/velocity-engine-core/2.4.1/velocity-engine-core-2.4.1.pom
#10 18.17 [INFO] Downloaded from central: https://repo.maven.apache.org/maven2/org/apache/velocity/velocity-engine-core/2.4.1/velocity-engine-core-2.4.1.pom (12 kB at 499 kB/s)
#10 18.17 [INFO] Downloading from central: https://repo.maven.apache.org/maven2/org/apache/velocity/velocity-engine-parent/2.4.1/velocity-engine-parent-2.4.1.pom
#10 18.19 [INFO] Downloaded from central: https://repo.maven.apache.org/maven2/org/apache/velocity/velocity-engine-parent/2.4.1/velocity-engine-parent-2.4.1.pom (9.5 kB at 396 kB/s)
#10 18.22 [INFO] Downloading from central: https://repo.maven.apache.org/maven2/org/apache/maven/doxia/doxia-sink-api/2.0.0/doxia-sink-api-2.0.0.jar
#10 18.26 [INFO] Downloaded from central: https://repo.maven.apache.org/maven2/org/apache/maven/doxia/doxia-sink-api/2.0.0/doxia-sink-api-2.0.0.jar (11 kB at 291 kB/s)
#10 18.26 [INFO] Downloading from central: https://repo.maven.apache.org/maven2/org/apache/maven/reporting/maven-reporting-api/4.0.0/maven-reporting-api-4.0.0.jar
#10 18.26 [INFO] Downloading from central: https://repo.maven.apache.org/maven2/org/apache/maven/reporting/maven-reporting-impl/4.0.0/maven-reporting-impl-4.0.0.jar
#10 18.26 [INFO] Downloading from central: https://repo.maven.apache.org/maven2/org/apache/maven/doxia/doxia-site-model/2.0.0/doxia-site-model-2.0.0.jar
#10 18.26 [INFO] Downloading from central: https://repo.maven.apache.org/maven2/org/apache/maven/doxia/doxia-core/2.0.0/doxia-core-2.0.0.jar
#10 18.26 [INFO] Downloading from central: https://repo.maven.apache.org/maven2/org/apache/commons/commons-text/1.12.0/commons-text-1.12.0.jar
#10 18.30 [INFO] Downloaded from central: https://repo.maven.apache.org/maven2/org/apache/maven/reporting/maven-reporting-api/4.0.0/maven-reporting-api-4.0.0.jar (9.8 kB at 227 kB/s)
#10 18.30 [INFO] Downloading from central: https://repo.maven.apache.org/maven2/org/apache/maven/doxia/doxia-integration-tools/2.0.0/doxia-integration-tools-2.0.0.jar
#10 18.35 [INFO] Downloaded from central: https://repo.maven.apache.org/maven2/org/apache/maven/doxia/doxia-site-model/2.0.0/doxia-site-model-2.0.0.jar (86 kB at 966 kB/s)
#10 18.35 [INFO] Downloading from central: https://repo.maven.apache.org/maven2/org/codehaus/plexus/plexus-interpolation/1.27/plexus-interpolation-1.27.jar
#10 18.38 [INFO] Downloaded from central: https://repo.maven.apache.org/maven2/org/apache/maven/reporting/maven-reporting-impl/4.0.0/maven-reporting-impl-4.0.0.jar (21 kB at 178 kB/s)
#10 18.38 [INFO] Downloading from central: https://repo.maven.apache.org/maven2/org/apache/maven/doxia/doxia-site-renderer/2.0.0/doxia-site-renderer-2.0.0.jar
#10 18.39 [INFO] Downloaded from central: https://repo.maven.apache.org/maven2/org/codehaus/plexus/plexus-interpolation/1.27/plexus-interpolation-1.27.jar (86 kB at 661 kB/s)
#10 18.39 [INFO] Downloading from central: https://repo.maven.apache.org/maven2/org/apache/maven/doxia/doxia-skin-model/2.0.0/doxia-skin-model-2.0.0.jar
#10 18.40 [INFO] Downloaded from central: https://repo.maven.apache.org/maven2/org/apache/maven/doxia/doxia-integration-tools/2.0.0/doxia-integration-tools-2.0.0.jar (50 kB at 365 kB/s)
#10 18.40 [INFO] Downloading from central: https://repo.maven.apache.org/maven2/org/apache/maven/doxia/doxia-module-xhtml5/2.0.0/doxia-module-xhtml5-2.0.0.jar
#10 18.43 [INFO] Downloaded from central: https://repo.maven.apache.org/maven2/org/apache/maven/doxia/doxia-core/2.0.0/doxia-core-2.0.0.jar (168 kB at 995 kB/s)
#10 18.43 [INFO] Downloading from central: https://repo.maven.apache.org/maven2/org/codehaus/plexus/plexus-velocity/2.2.0/plexus-velocity-2.2.0.jar
#10 18.45 [INFO] Downloaded from central: https://repo.maven.apache.org/maven2/org/apache/maven/doxia/doxia-skin-model/2.0.0/doxia-skin-model-2.0.0.jar (16 kB at 89 kB/s)
#10 18.45 [INFO] Downloading from central: https://repo.maven.apache.org/maven2/org/apache/maven/doxia/doxia-module-apt/2.0.0/doxia-module-apt-2.0.0.jar
#10 18.46 [INFO] Downloaded from central: https://repo.maven.apache.org/maven2/org/apache/maven/doxia/doxia-site-renderer/2.0.0/doxia-site-renderer-2.0.0.jar (44 kB at 223 kB/s)
#10 18.46 [INFO] Downloading from central: https://repo.maven.apache.org/maven2/org/apache/maven/doxia/doxia-module-xdoc/2.0.0/doxia-module-xdoc-2.0.0.jar
#10 18.46 [INFO] Downloaded from central: https://repo.maven.apache.org/maven2/org/apache/maven/doxia/doxia-module-xhtml5/2.0.0/doxia-module-xhtml5-2.0.0.jar (17 kB at 86 kB/s)
#10 18.46 [INFO] Downloading from central: https://repo.maven.apache.org/maven2/org/apache/maven/maven-archiver/3.6.2/maven-archiver-3.6.2.jar
#10 18.47 [INFO] Downloaded from central: https://repo.maven.apache.org/maven2/org/apache/commons/commons-text/1.12.0/commons-text-1.12.0.jar (251 kB at 1.2 MB/s)
#10 18.47 [INFO] Downloading from central: https://repo.maven.apache.org/maven2/org/apache/maven/resolver/maven-resolver-api/1.4.1/maven-resolver-api-1.4.1.jar
#10 18.48 [INFO] Downloaded from central: https://repo.maven.apache.org/maven2/org/apache/maven/doxia/doxia-module-apt/2.0.0/doxia-module-apt-2.0.0.jar (54 kB at 252 kB/s)
#10 18.48 [INFO] Downloading from central: https://repo.maven.apache.org/maven2/org/eclipse/sisu/org.eclipse.sisu.plexus/0.9.0.M4/org.eclipse.sisu.plexus-0.9.0.M4.jar
#10 18.48 [INFO] Downloaded from central: https://repo.maven.apache.org/maven2/org/codehaus/plexus/plexus-velocity/2.2.0/plexus-velocity-2.2.0.jar (5.7 kB at 26 kB/s)
#10 18.48 [INFO] Downloading from central: https://repo.maven.apache.org/maven2/org/eclipse/sisu/org.eclipse.sisu.inject/0.9.0.M4/org.eclipse.sisu.inject-0.9.0.M4.jar
#10 18.50 [INFO] Downloaded from central: https://repo.maven.apache.org/maven2/org/apache/maven/doxia/doxia-module-xdoc/2.0.0/doxia-module-xdoc-2.0.0.jar (35 kB at 152 kB/s)
#10 18.50 [INFO] Downloading from central: https://repo.maven.apache.org/maven2/org/codehaus/plexus/plexus-classworlds/2.6.0/plexus-classworlds-2.6.0.jar
#10 18.52 [INFO] Downloaded from central: https://repo.maven.apache.org/maven2/org/apache/maven/resolver/maven-resolver-api/1.4.1/maven-resolver-api-1.4.1.jar (149 kB at 577 kB/s)
#10 18.52 [INFO] Downloading from central: https://repo.maven.apache.org/maven2/org/codehaus/plexus/plexus-archiver/4.10.1/plexus-archiver-4.10.1.jar
#10 18.56 [INFO] Downloaded from central: https://repo.maven.apache.org/maven2/org/apache/maven/maven-archiver/3.6.2/maven-archiver-3.6.2.jar (27 kB at 89 kB/s)
#10 18.56 [INFO] Downloading from central: https://repo.maven.apache.org/maven2/javax/inject/javax.inject/1/javax.inject-1.jar
#10 18.57 [INFO] Downloaded from central: https://repo.maven.apache.org/maven2/org/codehaus/plexus/plexus-classworlds/2.6.0/plexus-classworlds-2.6.0.jar (53 kB at 174 kB/s)
#10 18.57 [INFO] Downloading from central: https://repo.maven.apache.org/maven2/commons-io/commons-io/2.20.0/commons-io-2.20.0.jar
#10 18.62 [INFO] Downloaded from central: https://repo.maven.apache.org/maven2/org/eclipse/sisu/org.eclipse.sisu.plexus/0.9.0.M4/org.eclipse.sisu.plexus-0.9.0.M4.jar (216 kB at 611 kB/s)
#10 18.62 [INFO] Downloading from central: https://repo.maven.apache.org/maven2/org/apache/commons/commons-compress/1.28.0/commons-compress-1.28.0.jar
#10 18.64 [INFO] Downloaded from central: https://repo.maven.apache.org/maven2/org/eclipse/sisu/org.eclipse.sisu.inject/0.9.0.M4/org.eclipse.sisu.inject-0.9.0.M4.jar (305 kB at 805 kB/s)
#10 18.64 [INFO] Downloading from central: https://repo.maven.apache.org/maven2/commons-codec/commons-codec/1.19.0/commons-codec-1.19.0.jar
#10 18.64 [INFO] Downloaded from central: https://repo.maven.apache.org/maven2/javax/inject/javax.inject/1/javax.inject-1.jar (2.5 kB at 6.6 kB/s)
#10 18.64 [INFO] Downloading from central: https://repo.maven.apache.org/maven2/io/airlift/aircompressor/0.27/aircompressor-0.27.jar
#10 18.67 [INFO] Downloaded from central: https://repo.maven.apache.org/maven2/org/codehaus/plexus/plexus-archiver/4.10.1/plexus-archiver-4.10.1.jar (230 kB at 569 kB/s)
#10 18.67 [INFO] Downloading from central: https://repo.maven.apache.org/maven2/org/tukaani/xz/1.10/xz-1.10.jar
#10 18.85 [INFO] Downloaded from central: https://repo.maven.apache.org/maven2/org/tukaani/xz/1.10/xz-1.10.jar (169 kB at 289 kB/s)
#10 18.85 [INFO] Downloading from central: https://repo.maven.apache.org/maven2/com/github/luben/zstd-jni/1.5.7-4/zstd-jni-1.5.7-4.jar
#10 18.87 [INFO] Downloaded from central: https://repo.maven.apache.org/maven2/io/airlift/aircompressor/0.27/aircompressor-0.27.jar (255 kB at 421 kB/s)
#10 18.87 [INFO] Downloading from central: https://repo.maven.apache.org/maven2/org/apache/commons/commons-lang3/3.19.0/commons-lang3-3.19.0.jar
#10 18.90 [INFO] Downloaded from central: https://repo.maven.apache.org/maven2/commons-io/commons-io/2.20.0/commons-io-2.20.0.jar (564 kB at 888 kB/s)
#10 18.90 [INFO] Downloading from central: https://repo.maven.apache.org/maven2/org/codehaus/plexus/plexus-utils/4.0.2/plexus-utils-4.0.2.jar
#10 19.12 [INFO] Downloaded from central: https://repo.maven.apache.org/maven2/org/codehaus/plexus/plexus-utils/4.0.2/plexus-utils-4.0.2.jar (193 kB at 226 kB/s)
#10 19.12 [INFO] Downloading from central: https://repo.maven.apache.org/maven2/org/codehaus/plexus/plexus-xml/3.0.1/plexus-xml-3.0.1.jar
#10 19.26 [INFO] Downloaded from central: https://repo.maven.apache.org/maven2/org/codehaus/plexus/plexus-xml/3.0.1/plexus-xml-3.0.1.jar (94 kB at 95 kB/s)
#10 19.26 [INFO] Downloading from central: https://repo.maven.apache.org/maven2/org/codehaus/plexus/plexus-io/3.5.1/plexus-io-3.5.1.jar
#10 19.33 [INFO] Downloaded from central: https://repo.maven.apache.org/maven2/org/apache/commons/commons-compress/1.28.0/commons-compress-1.28.0.jar (1.1 MB at 1.0 MB/s)
#10 19.33 [INFO] Downloading from central: https://repo.maven.apache.org/maven2/org/codehaus/plexus/plexus-i18n/1.0.0/plexus-i18n-1.0.0.jar
#10 19.39 [INFO] Downloaded from central: https://repo.maven.apache.org/maven2/org/codehaus/plexus/plexus-io/3.5.1/plexus-io-3.5.1.jar (80 kB at 71 kB/s)
#10 19.39 [INFO] Downloading from central: https://repo.maven.apache.org/maven2/org/apache/maven/shared/maven-dependency-analyzer/1.16.0/maven-dependency-analyzer-1.16.0.jar
#10 19.43 [INFO] Downloaded from central: https://repo.maven.apache.org/maven2/org/apache/commons/commons-lang3/3.19.0/commons-lang3-3.19.0.jar (709 kB at 612 kB/s)
#10 19.43 [INFO] Downloading from central: https://repo.maven.apache.org/maven2/org/ow2/asm/asm/9.8/asm-9.8.jar
#10 19.44 [INFO] Downloaded from central: https://repo.maven.apache.org/maven2/org/apache/maven/shared/maven-dependency-analyzer/1.16.0/maven-dependency-analyzer-1.16.0.jar (45 kB at 38 kB/s)
#10 19.44 [INFO] Downloading from central: https://repo.maven.apache.org/maven2/org/apache/maven/shared/maven-dependency-tree/3.3.0/maven-dependency-tree-3.3.0.jar
#10 19.51 [INFO] Downloaded from central: https://repo.maven.apache.org/maven2/org/apache/maven/shared/maven-dependency-tree/3.3.0/maven-dependency-tree-3.3.0.jar (43 kB at 35 kB/s)
#10 19.51 [INFO] Downloading from central: https://repo.maven.apache.org/maven2/org/apache/maven/shared/maven-common-artifact-filters/3.4.0/maven-common-artifact-filters-3.4.0.jar
#10 19.54 [INFO] Downloaded from central: https://repo.maven.apache.org/maven2/org/ow2/asm/asm/9.8/asm-9.8.jar (126 kB at 99 kB/s)
#10 19.54 [INFO] Downloading from central: https://repo.maven.apache.org/maven2/org/apache/maven/shared/maven-artifact-transfer/0.13.1/maven-artifact-transfer-0.13.1.jar
#10 19.56 [INFO] Downloaded from central: https://repo.maven.apache.org/maven2/commons-codec/commons-codec/1.19.0/commons-codec-1.19.0.jar (375 kB at 288 kB/s)
#10 19.56 [INFO] Downloading from central: https://repo.maven.apache.org/maven2/org/codehaus/plexus/plexus-component-annotations/2.0.0/plexus-component-annotations-2.0.0.jar
#10 19.57 [INFO] Downloaded from central: https://repo.maven.apache.org/maven2/org/codehaus/plexus/plexus-i18n/1.0.0/plexus-i18n-1.0.0.jar (10 kB at 7.7 kB/s)
#10 19.57 [INFO] Downloading from central: https://repo.maven.apache.org/maven2/org/apache/maven/shared/maven-shared-utils/3.4.2/maven-shared-utils-3.4.2.jar
#10 19.58 [INFO] Downloaded from central: https://repo.maven.apache.org/maven2/org/apache/maven/shared/maven-common-artifact-filters/3.4.0/maven-common-artifact-filters-3.4.0.jar (58 kB at 44 kB/s)
#10 19.58 [INFO] Downloading from central: https://repo.maven.apache.org/maven2/org/apache/maven/resolver/maven-resolver-util/1.9.24/maven-resolver-util-1.9.24.jar
#10 19.60 [INFO] Downloaded from central: https://repo.maven.apache.org/maven2/org/codehaus/plexus/plexus-component-annotations/2.0.0/plexus-component-annotations-2.0.0.jar (4.2 kB at 3.2 kB/s)
#10 19.60 [INFO] Downloading from central: https://repo.maven.apache.org/maven2/org/sonatype/plexus/plexus-build-api/0.0.7/plexus-build-api-0.0.7.jar
#10 19.62 [INFO] Downloaded from central: https://repo.maven.apache.org/maven2/org/apache/maven/shared/maven-artifact-transfer/0.13.1/maven-artifact-transfer-0.13.1.jar (159 kB at 118 kB/s)
#10 19.62 [INFO] Downloading from central: https://repo.maven.apache.org/maven2/org/slf4j/slf4j-api/1.7.36/slf4j-api-1.7.36.jar
#10 19.64 [INFO] Downloaded from central: https://repo.maven.apache.org/maven2/org/sonatype/plexus/plexus-build-api/0.0.7/plexus-build-api-0.0.7.jar (8.5 kB at 6.2 kB/s)
#10 19.64 [INFO] Downloading from central: https://repo.maven.apache.org/maven2/org/apache/velocity/velocity-engine-core/2.4.1/velocity-engine-core-2.4.1.jar
#10 19.70 [INFO] Downloaded from central: https://repo.maven.apache.org/maven2/org/slf4j/slf4j-api/1.7.36/slf4j-api-1.7.36.jar (41 kB at 29 kB/s)
#10 19.70 [INFO] Downloading from central: https://repo.maven.apache.org/maven2/org/apache/velocity/tools/velocity-tools-generic/3.1/velocity-tools-generic-3.1.jar
#10 19.72 [INFO] Downloaded from central: https://repo.maven.apache.org/maven2/org/apache/maven/shared/maven-shared-utils/3.4.2/maven-shared-utils-3.4.2.jar (151 kB at 104 kB/s)
#10 19.72 [INFO] Downloading from central: https://repo.maven.apache.org/maven2/commons-beanutils/commons-beanutils/1.9.4/commons-beanutils-1.9.4.jar
#10 19.73 [INFO] Downloaded from central: https://repo.maven.apache.org/maven2/org/apache/maven/resolver/maven-resolver-util/1.9.24/maven-resolver-util-1.9.24.jar (196 kB at 134 kB/s)
#10 19.73 [INFO] Downloading from central: https://repo.maven.apache.org/maven2/commons-logging/commons-logging/1.2/commons-logging-1.2.jar
#10 19.79 [INFO] Downloaded from central: https://repo.maven.apache.org/maven2/commons-logging/commons-logging/1.2/commons-logging-1.2.jar (62 kB at 41 kB/s)
#10 19.79 [INFO] Downloading from central: https://repo.maven.apache.org/maven2/commons-collections/commons-collections/3.2.2/commons-collections-3.2.2.jar
#10 19.86 [INFO] Downloaded from central: https://repo.maven.apache.org/maven2/org/apache/velocity/tools/velocity-tools-generic/3.1/velocity-tools-generic-3.1.jar (217 kB at 136 kB/s)
#10 19.86 [INFO] Downloading from central: https://repo.maven.apache.org/maven2/org/apache/commons/commons-digester3/3.2/commons-digester3-3.2.jar
#10 19.93 [INFO] Downloaded from central: https://repo.maven.apache.org/maven2/commons-beanutils/commons-beanutils/1.9.4/commons-beanutils-1.9.4.jar (247 kB at 149 kB/s)
#10 19.93 [INFO] Downloading from central: https://repo.maven.apache.org/maven2/com/github/cliftonlabs/json-simple/3.0.2/json-simple-3.0.2.jar
#10 20.02 [INFO] Downloaded from central: https://repo.maven.apache.org/maven2/com/github/cliftonlabs/json-simple/3.0.2/json-simple-3.0.2.jar (35 kB at 20 kB/s)
#10 20.10 [INFO] Downloaded from central: https://repo.maven.apache.org/maven2/commons-collections/commons-collections/3.2.2/commons-collections-3.2.2.jar (588 kB at 320 kB/s)
#10 20.14 [INFO] Downloaded from central: https://repo.maven.apache.org/maven2/org/apache/commons/commons-digester3/3.2/commons-digester3-3.2.jar (242 kB at 129 kB/s)
#10 20.42 [INFO] Downloaded from central: https://repo.maven.apache.org/maven2/org/apache/velocity/velocity-engine-core/2.4.1/velocity-engine-core-2.4.1.jar (516 kB at 239 kB/s)
#10 21.31 [INFO] Downloaded from central: https://repo.maven.apache.org/maven2/com/github/luben/zstd-jni/1.5.7-4/zstd-jni-1.5.7-4.jar (7.4 MB at 2.4 MB/s)
#10 21.53 [INFO] Resolved plugin: maven-compiler-plugin-3.14.1.jar
#10 21.53 [INFO] Resolved plugin dependency:
#10 21.53 [INFO] Downloading from central: https://repo.maven.apache.org/maven2/org/apache/maven/shared/maven-shared-incremental/1.1/maven-shared-incremental-1.1.pom
#10 21.57 [INFO] Downloaded from central: https://repo.maven.apache.org/maven2/org/apache/maven/shared/maven-shared-incremental/1.1/maven-shared-incremental-1.1.pom (4.7 kB at 122 kB/s)
#10 21.57 [INFO] Downloading from central: https://repo.maven.apache.org/maven2/org/apache/maven/shared/maven-shared-components/19/maven-shared-components-19.pom
#10 21.60 [INFO] Downloaded from central: https://repo.maven.apache.org/maven2/org/apache/maven/shared/maven-shared-components/19/maven-shared-components-19.pom (6.4 kB at 245 kB/s)
#10 21.60 [INFO] Downloading from central: https://repo.maven.apache.org/maven2/org/apache/maven/maven-parent/23/maven-parent-23.pom
#10 21.63 [INFO] Downloaded from central: https://repo.maven.apache.org/maven2/org/apache/maven/maven-parent/23/maven-parent-23.pom (33 kB at 1.1 MB/s)
#10 21.63 [INFO] Downloading from central: https://repo.maven.apache.org/maven2/org/codehaus/plexus/plexus-java/1.5.0/plexus-java-1.5.0.pom
#10 21.67 [INFO] Downloaded from central: https://repo.maven.apache.org/maven2/org/codehaus/plexus/plexus-java/1.5.0/plexus-java-1.5.0.pom (4.1 kB at 110 kB/s)
#10 21.67 [INFO] Downloading from central: https://repo.maven.apache.org/maven2/org/codehaus/plexus/plexus-languages/1.5.0/plexus-languages-1.5.0.pom
#10 21.71 [INFO] Downloaded from central: https://repo.maven.apache.org/maven2/org/codehaus/plexus/plexus-languages/1.5.0/plexus-languages-1.5.0.pom (3.9 kB at 110 kB/s)
#10 21.71 [INFO] Downloading from central: https://repo.maven.apache.org/maven2/org/codehaus/plexus/plexus/20/plexus-20.pom
#10 21.74 [INFO] Downloaded from central: https://repo.maven.apache.org/maven2/org/codehaus/plexus/plexus/20/plexus-20.pom (29 kB at 912 kB/s)
#10 21.75 [INFO] Downloading from central: https://repo.maven.apache.org/maven2/org/junit/junit-bom/5.11.4/junit-bom-5.11.4.pom
#10 21.78 [INFO] Downloaded from central: https://repo.maven.apache.org/maven2/org/junit/junit-bom/5.11.4/junit-bom-5.11.4.pom (5.6 kB at 171 kB/s)
#10 21.78 [INFO] Downloading from central: https://repo.maven.apache.org/maven2/com/thoughtworks/qdox/qdox/2.2.0/qdox-2.2.0.pom
#10 21.82 [INFO] Downloaded from central: https://repo.maven.apache.org/maven2/com/thoughtworks/qdox/qdox/2.2.0/qdox-2.2.0.pom (18 kB at 504 kB/s)
#10 21.82 [INFO] Downloading from central: https://repo.maven.apache.org/maven2/org/codehaus/plexus/plexus-compiler-api/2.15.0/plexus-compiler-api-2.15.0.pom
#10 21.86 [INFO] Downloaded from central: https://repo.maven.apache.org/maven2/org/codehaus/plexus/plexus-compiler-api/2.15.0/plexus-compiler-api-2.15.0.pom (1.4 kB at 34 kB/s)
#10 21.87 [INFO] Downloading from central: https://repo.maven.apache.org/maven2/org/codehaus/plexus/plexus-compiler/2.15.0/plexus-compiler-2.15.0.pom
#10 21.90 [INFO] Downloaded from central: https://repo.maven.apache.org/maven2/org/codehaus/plexus/plexus-compiler/2.15.0/plexus-compiler-2.15.0.pom (7.6 kB at 211 kB/s)
#10 21.91 [INFO] Downloading from central: https://repo.maven.apache.org/maven2/org/codehaus/plexus/plexus-compiler-manager/2.15.0/plexus-compiler-manager-2.15.0.pom
#10 21.94 [INFO] Downloaded from central: https://repo.maven.apache.org/maven2/org/codehaus/plexus/plexus-compiler-manager/2.15.0/plexus-compiler-manager-2.15.0.pom (1.3 kB at 46 kB/s)
#10 21.94 [INFO] Downloading from central: https://repo.maven.apache.org/maven2/org/codehaus/plexus/plexus-compiler-javac/2.15.0/plexus-compiler-javac-2.15.0.pom
#10 21.97 [INFO] Downloaded from central: https://repo.maven.apache.org/maven2/org/codehaus/plexus/plexus-compiler-javac/2.15.0/plexus-compiler-javac-2.15.0.pom (1.3 kB at 42 kB/s)
#10 21.98 [INFO] Downloading from central: https://repo.maven.apache.org/maven2/org/codehaus/plexus/plexus-compilers/2.15.0/plexus-compilers-2.15.0.pom
#10 22.02 [INFO] Downloaded from central: https://repo.maven.apache.org/maven2/org/codehaus/plexus/plexus-compilers/2.15.0/plexus-compilers-2.15.0.pom (1.6 kB at 36 kB/s)
#10 22.03 [INFO] Downloading from central: https://repo.maven.apache.org/maven2/commons-io/commons-io/2.11.0/commons-io-2.11.0.jar
#10 22.13 [INFO] Downloaded from central: https://repo.maven.apache.org/maven2/commons-io/commons-io/2.11.0/commons-io-2.11.0.jar (327 kB at 3.3 MB/s)
#10 22.13 [INFO] Downloading from central: https://repo.maven.apache.org/maven2/org/apache/maven/shared/maven-shared-incremental/1.1/maven-shared-incremental-1.1.jar
#10 22.13 [INFO] Downloading from central: https://repo.maven.apache.org/maven2/org/codehaus/plexus/plexus-java/1.5.0/plexus-java-1.5.0.jar
#10 22.13 [INFO] Downloading from central: https://repo.maven.apache.org/maven2/com/thoughtworks/qdox/qdox/2.2.0/qdox-2.2.0.jar
#10 22.13 [INFO] Downloading from central: https://repo.maven.apache.org/maven2/org/codehaus/plexus/plexus-compiler-api/2.15.0/plexus-compiler-api-2.15.0.jar
#10 22.13 [INFO] Downloading from central: https://repo.maven.apache.org/maven2/org/codehaus/plexus/plexus-compiler-manager/2.15.0/plexus-compiler-manager-2.15.0.jar
#10 22.16 [INFO] Downloaded from central: https://repo.maven.apache.org/maven2/org/apache/maven/shared/maven-shared-incremental/1.1/maven-shared-incremental-1.1.jar (14 kB at 423 kB/s)
#10 22.16 [INFO] Downloading from central: https://repo.maven.apache.org/maven2/org/codehaus/plexus/plexus-compiler-javac/2.15.0/plexus-compiler-javac-2.15.0.jar
#10 22.17 [INFO] Downloaded from central: https://repo.maven.apache.org/maven2/org/codehaus/plexus/plexus-compiler-manager/2.15.0/plexus-compiler-manager-2.15.0.jar (5.2 kB at 134 kB/s)
#10 22.18 [INFO] Downloaded from central: https://repo.maven.apache.org/maven2/org/codehaus/plexus/plexus-compiler-api/2.15.0/plexus-compiler-api-2.15.0.jar (29 kB at 570 kB/s)
#10 22.20 [INFO] Downloaded from central: https://repo.maven.apache.org/maven2/org/codehaus/plexus/plexus-compiler-javac/2.15.0/plexus-compiler-javac-2.15.0.jar (26 kB at 362 kB/s)
#10 22.21 [INFO] Downloaded from central: https://repo.maven.apache.org/maven2/org/codehaus/plexus/plexus-java/1.5.0/plexus-java-1.5.0.jar (57 kB at 699 kB/s)
#10 22.31 [INFO] Downloaded from central: https://repo.maven.apache.org/maven2/com/thoughtworks/qdox/qdox/2.2.0/qdox-2.2.0.jar (353 kB at 1.9 MB/s)
#10 22.32 [INFO]       maven-compiler-plugin-3.14.1.jar
#10 22.32 [INFO]       asm-9.8.jar
#10 22.32 [INFO]       maven-shared-utils-3.4.2.jar
#10 22.32 [INFO]       slf4j-api-1.7.36.jar
#10 22.32 [INFO]       commons-io-2.11.0.jar
#10 22.32 [INFO]       maven-shared-incremental-1.1.jar
#10 22.32 [INFO]       plexus-java-1.5.0.jar
#10 22.32 [INFO]       qdox-2.2.0.jar
#10 22.32 [INFO]       plexus-compiler-api-2.15.0.jar
#10 22.32 [INFO]       plexus-compiler-manager-2.15.0.jar
#10 22.32 [INFO]       javax.inject-1.jar
#10 22.32 [INFO]       plexus-xml-3.0.1.jar
#10 22.32 [INFO]       plexus-compiler-javac-2.15.0.jar
#10 22.32 [INFO]       plexus-utils-4.0.2.jar
#10 22.32 [INFO] Resolved plugin: maven-surefire-plugin-3.5.6.jar
#10 22.32 [INFO] Resolved plugin dependency:
#10 22.33 [INFO] Downloading from central: https://repo.maven.apache.org/maven2/org/apache/maven/surefire/surefire-api/3.5.6/surefire-api-3.5.6.pom
#10 22.36 [INFO] Downloaded from central: https://repo.maven.apache.org/maven2/org/apache/maven/surefire/surefire-api/3.5.6/surefire-api-3.5.6.pom (3.7 kB at 119 kB/s)
#10 22.36 [INFO] Downloading from central: https://repo.maven.apache.org/maven2/org/apache/maven/surefire/surefire-logger-api/3.5.6/surefire-logger-api-3.5.6.pom
#10 22.39 [INFO] Downloaded from central: https://repo.maven.apache.org/maven2/org/apache/maven/surefire/surefire-logger-api/3.5.6/surefire-logger-api-3.5.6.pom (3.5 kB at 116 kB/s)
#10 22.39 [INFO] Downloading from central: https://repo.maven.apache.org/maven2/org/apache/maven/surefire/surefire-shared-utils/3.5.6/surefire-shared-utils-3.5.6.pom
#10 22.42 [INFO] Downloaded from central: https://repo.maven.apache.org/maven2/org/apache/maven/surefire/surefire-shared-utils/3.5.6/surefire-shared-utils-3.5.6.pom (4.0 kB at 141 kB/s)
#10 22.43 [INFO] Downloading from central: https://repo.maven.apache.org/maven2/org/apache/maven/surefire/surefire-extensions-api/3.5.6/surefire-extensions-api-3.5.6.pom
#10 22.45 [INFO] Downloaded from central: https://repo.maven.apache.org/maven2/org/apache/maven/surefire/surefire-extensions-api/3.5.6/surefire-extensions-api-3.5.6.pom (3.6 kB at 132 kB/s)
#10 22.45 [INFO] Downloading from central: https://repo.maven.apache.org/maven2/org/apache/maven/surefire/maven-surefire-common/3.5.6/maven-surefire-common-3.5.6.pom
#10 22.48 [INFO] Downloaded from central: https://repo.maven.apache.org/maven2/org/apache/maven/surefire/maven-surefire-common/3.5.6/maven-surefire-common-3.5.6.pom (7.3 kB at 260 kB/s)
#10 22.49 [INFO] Downloading from central: https://repo.maven.apache.org/maven2/org/apache/maven/surefire/surefire-booter/3.5.6/surefire-booter-3.5.6.pom
#10 22.52 [INFO] Downloaded from central: https://repo.maven.apache.org/maven2/org/apache/maven/surefire/surefire-booter/3.5.6/surefire-booter-3.5.6.pom (5.1 kB at 176 kB/s)
#10 22.52 [INFO] Downloading from central: https://repo.maven.apache.org/maven2/org/apache/maven/surefire/surefire-extensions-spi/3.5.6/surefire-extensions-spi-3.5.6.pom
#10 22.55 [INFO] Downloaded from central: https://repo.maven.apache.org/maven2/org/apache/maven/surefire/surefire-extensions-spi/3.5.6/surefire-extensions-spi-3.5.6.pom (1.7 kB at 61 kB/s)
#10 22.55 [INFO] Downloading from central: https://repo.maven.apache.org/maven2/org/codehaus/plexus/plexus-java/1.5.2/plexus-java-1.5.2.pom
#10 22.58 [INFO] Downloaded from central: https://repo.maven.apache.org/maven2/org/codehaus/plexus/plexus-java/1.5.2/plexus-java-1.5.2.pom (4.1 kB at 151 kB/s)
#10 22.58 [INFO] Downloading from central: https://repo.maven.apache.org/maven2/org/codehaus/plexus/plexus-languages/1.5.2/plexus-languages-1.5.2.pom
#10 22.62 [INFO] Downloaded from central: https://repo.maven.apache.org/maven2/org/codehaus/plexus/plexus-languages/1.5.2/plexus-languages-1.5.2.pom (3.9 kB at 99 kB/s)
#10 22.62 [INFO] Downloading from central: https://repo.maven.apache.org/maven2/org/codehaus/plexus/plexus/24/plexus-24.pom
#10 22.65 [INFO] Downloaded from central: https://repo.maven.apache.org/maven2/org/codehaus/plexus/plexus/24/plexus-24.pom (31 kB at 1.0 MB/s)
#10 22.66 [INFO] Downloading from central: https://repo.maven.apache.org/maven2/org/ow2/asm/asm/9.9.1/asm-9.9.1.pom
#10 22.68 [INFO] Downloaded from central: https://repo.maven.apache.org/maven2/org/ow2/asm/asm/9.9.1/asm-9.9.1.pom (2.4 kB at 85 kB/s)
#10 22.69 [INFO] Downloading from central: https://repo.maven.apache.org/maven2/org/apache/maven/surefire/surefire-api/3.5.6/surefire-api-3.5.6.jar
#10 22.78 [INFO] Downloaded from central: https://repo.maven.apache.org/maven2/org/apache/maven/surefire/surefire-api/3.5.6/surefire-api-3.5.6.jar (174 kB at 1.9 MB/s)
#10 22.78 [INFO] Downloading from central: https://repo.maven.apache.org/maven2/org/apache/maven/surefire/surefire-logger-api/3.5.6/surefire-logger-api-3.5.6.jar
#10 22.78 [INFO] Downloading from central: https://repo.maven.apache.org/maven2/org/apache/maven/surefire/surefire-shared-utils/3.5.6/surefire-shared-utils-3.5.6.jar
#10 22.78 [INFO] Downloading from central: https://repo.maven.apache.org/maven2/org/apache/maven/surefire/surefire-extensions-api/3.5.6/surefire-extensions-api-3.5.6.jar
#10 22.78 [INFO] Downloading from central: https://repo.maven.apache.org/maven2/org/apache/maven/surefire/maven-surefire-common/3.5.6/maven-surefire-common-3.5.6.jar
#10 22.78 [INFO] Downloading from central: https://repo.maven.apache.org/maven2/org/apache/maven/surefire/surefire-booter/3.5.6/surefire-booter-3.5.6.jar
#10 22.81 [INFO] Downloaded from central: https://repo.maven.apache.org/maven2/org/apache/maven/surefire/surefire-logger-api/3.5.6/surefire-logger-api-3.5.6.jar (14 kB at 468 kB/s)
#10 22.81 [INFO] Downloading from central: https://repo.maven.apache.org/maven2/org/apache/maven/surefire/surefire-extensions-spi/3.5.6/surefire-extensions-spi-3.5.6.jar
#10 22.82 [INFO] Downloaded from central: https://repo.maven.apache.org/maven2/org/apache/maven/surefire/surefire-extensions-api/3.5.6/surefire-extensions-api-3.5.6.jar (26 kB at 644 kB/s)
#10 22.82 [INFO] Downloading from central: https://repo.maven.apache.org/maven2/org/apache/maven/resolver/maven-resolver-util/1.4.1/maven-resolver-util-1.4.1.jar
#10 22.85 [INFO] Downloaded from central: https://repo.maven.apache.org/maven2/org/apache/maven/surefire/surefire-extensions-spi/3.5.6/surefire-extensions-spi-3.5.6.jar (8.2 kB at 115 kB/s)
#10 22.85 [INFO] Downloading from central: https://repo.maven.apache.org/maven2/org/codehaus/plexus/plexus-java/1.5.2/plexus-java-1.5.2.jar
#10 22.91 [INFO] Downloaded from central: https://repo.maven.apache.org/maven2/org/apache/maven/surefire/surefire-booter/3.5.6/surefire-booter-3.5.6.jar (123 kB at 1.0 MB/s)
#10 22.91 [INFO] Downloading from central: https://repo.maven.apache.org/maven2/org/ow2/asm/asm/9.9.1/asm-9.9.1.jar
#10 22.93 [INFO] Downloaded from central: https://repo.maven.apache.org/maven2/org/apache/maven/resolver/maven-resolver-util/1.4.1/maven-resolver-util-1.4.1.jar (168 kB at 1.1 MB/s)
#10 22.94 [INFO] Downloaded from central: https://repo.maven.apache.org/maven2/org/codehaus/plexus/plexus-java/1.5.2/plexus-java-1.5.2.jar (57 kB at 377 kB/s)
#10 22.94 [INFO] Downloaded from central: https://repo.maven.apache.org/maven2/org/apache/maven/surefire/maven-surefire-common/3.5.6/maven-surefire-common-3.5.6.jar (317 kB at 2.0 MB/s)
#10 23.01 [INFO] Downloaded from central: https://repo.maven.apache.org/maven2/org/ow2/asm/asm/9.9.1/asm-9.9.1.jar (126 kB at 561 kB/s)
#10 23.76 [INFO] Downloaded from central: https://repo.maven.apache.org/maven2/org/apache/maven/surefire/surefire-shared-utils/3.5.6/surefire-shared-utils-3.5.6.jar (3.0 MB at 3.1 MB/s)
#10 23.77 [INFO]       maven-surefire-plugin-3.5.6.jar
#10 23.77 [INFO]       surefire-api-3.5.6.jar
#10 23.77 [INFO]       surefire-logger-api-3.5.6.jar
#10 23.77 [INFO]       surefire-shared-utils-3.5.6.jar
#10 23.77 [INFO]       surefire-extensions-api-3.5.6.jar
#10 23.77 [INFO]       maven-surefire-common-3.5.6.jar
#10 23.77 [INFO]       surefire-booter-3.5.6.jar
#10 23.77 [INFO]       surefire-extensions-spi-3.5.6.jar
#10 23.77 [INFO]       maven-resolver-util-1.4.1.jar
#10 23.77 [INFO]       maven-resolver-api-1.4.1.jar
#10 23.77 [INFO]       maven-common-artifact-filters-3.4.0.jar
#10 23.77 [INFO]       slf4j-api-1.7.36.jar
#10 23.77 [INFO]       plexus-java-1.5.2.jar
#10 23.77 [INFO]       asm-9.9.1.jar
#10 23.77 [INFO]       qdox-2.2.0.jar
#10 23.77 [INFO] Resolved plugin: maven-jar-plugin-3.4.2.jar
#10 23.77 [INFO] Resolved plugin dependency:
#10 23.77 [INFO] Downloading from central: https://repo.maven.apache.org/maven2/org/apache/maven/shared/file-management/3.1.0/file-management-3.1.0.pom
#10 23.80 [INFO] Downloaded from central: https://repo.maven.apache.org/maven2/org/apache/maven/shared/file-management/3.1.0/file-management-3.1.0.pom (4.5 kB at 140 kB/s)
#10 23.80 [INFO] Downloading from central: https://repo.maven.apache.org/maven2/org/apache/maven/shared/maven-shared-components/36/maven-shared-components-36.pom
#10 23.82 [INFO] Downloaded from central: https://repo.maven.apache.org/maven2/org/apache/maven/shared/maven-shared-components/36/maven-shared-components-36.pom (4.9 kB at 233 kB/s)
#10 23.82 [INFO] Downloading from central: https://repo.maven.apache.org/maven2/org/codehaus/plexus/plexus-utils/4.0.1/plexus-utils-4.0.1.pom
#10 23.85 [INFO] Downloaded from central: https://repo.maven.apache.org/maven2/org/codehaus/plexus/plexus-utils/4.0.1/plexus-utils-4.0.1.pom (7.8 kB at 301 kB/s)
#10 23.85 [INFO] Downloading from central: https://repo.maven.apache.org/maven2/org/apache/maven/shared/file-management/3.1.0/file-management-3.1.0.jar
#10 23.88 [INFO] Downloaded from central: https://repo.maven.apache.org/maven2/org/apache/maven/shared/file-management/3.1.0/file-management-3.1.0.jar (36 kB at 1.6 MB/s)
#10 23.88 [INFO] Downloading from central: https://repo.maven.apache.org/maven2/org/codehaus/plexus/plexus-utils/4.0.1/plexus-utils-4.0.1.jar
#10 23.88 [INFO] Downloading from central: https://repo.maven.apache.org/maven2/commons-io/commons-io/2.16.1/commons-io-2.16.1.jar
#10 23.88 [INFO] Downloading from central: https://repo.maven.apache.org/maven2/org/codehaus/plexus/plexus-archiver/4.9.2/plexus-archiver-4.9.2.jar
#10 23.88 [INFO] Downloading from central: https://repo.maven.apache.org/maven2/org/codehaus/plexus/plexus-io/3.4.2/plexus-io-3.4.2.jar
#10 23.88 [INFO] Downloading from central: https://repo.maven.apache.org/maven2/org/apache/commons/commons-compress/1.26.1/commons-compress-1.26.1.jar
#10 24.04 [INFO] Downloaded from central: https://repo.maven.apache.org/maven2/org/codehaus/plexus/plexus-utils/4.0.1/plexus-utils-4.0.1.jar (193 kB at 1.2 MB/s)
#10 24.04 [INFO] Downloading from central: https://repo.maven.apache.org/maven2/org/apache/commons/commons-lang3/3.14.0/commons-lang3-3.14.0.jar
#10 24.04 [INFO] Downloaded from central: https://repo.maven.apache.org/maven2/org/codehaus/plexus/plexus-io/3.4.2/plexus-io-3.4.2.jar (79 kB at 500 kB/s)
#10 24.04 [INFO] Downloading from central: https://repo.maven.apache.org/maven2/commons-codec/commons-codec/1.16.1/commons-codec-1.16.1.jar
#10 24.05 [INFO] Downloaded from central: https://repo.maven.apache.org/maven2/org/codehaus/plexus/plexus-archiver/4.9.2/plexus-archiver-4.9.2.jar (225 kB at 1.3 MB/s)
#10 24.05 [INFO] Downloading from central: https://repo.maven.apache.org/maven2/org/iq80/snappy/snappy/0.4/snappy-0.4.jar
#10 24.30 [INFO] Downloaded from central: https://repo.maven.apache.org/maven2/org/iq80/snappy/snappy/0.4/snappy-0.4.jar (58 kB at 138 kB/s)
#10 24.30 [INFO] Downloading from central: https://repo.maven.apache.org/maven2/org/tukaani/xz/1.9/xz-1.9.jar
#10 24.44 [INFO] Downloaded from central: https://repo.maven.apache.org/maven2/org/apache/commons/commons-lang3/3.14.0/commons-lang3-3.14.0.jar (658 kB at 1.2 MB/s)
#10 24.44 [INFO] Downloading from central: https://repo.maven.apache.org/maven2/com/github/luben/zstd-jni/1.5.5-11/zstd-jni-1.5.5-11.jar
#10 24.47 [INFO] Downloaded from central: https://repo.maven.apache.org/maven2/org/tukaani/xz/1.9/xz-1.9.jar (116 kB at 195 kB/s)
#10 24.48 [INFO] Downloaded from central: https://repo.maven.apache.org/maven2/commons-io/commons-io/2.16.1/commons-io-2.16.1.jar (509 kB at 845 kB/s)
#10 24.48 [INFO] Downloaded from central: https://repo.maven.apache.org/maven2/org/apache/commons/commons-compress/1.26.1/commons-compress-1.26.1.jar (1.1 MB at 1.8 MB/s)
#10 24.53 [INFO] Downloaded from central: https://repo.maven.apache.org/maven2/commons-codec/commons-codec/1.16.1/commons-codec-1.16.1.jar (365 kB at 565 kB/s)
#10 25.78 [INFO] Downloaded from central: https://repo.maven.apache.org/maven2/com/github/luben/zstd-jni/1.5.5-11/zstd-jni-1.5.5-11.jar (6.8 MB at 3.6 MB/s)
#10 25.79 [INFO]       maven-jar-plugin-3.4.2.jar
#10 25.79 [INFO]       file-management-3.1.0.jar
#10 25.79 [INFO]       plexus-utils-4.0.1.jar
#10 25.79 [INFO]       commons-io-2.16.1.jar
#10 25.79 [INFO]       maven-archiver-3.6.2.jar
#10 25.79 [INFO]       plexus-interpolation-1.27.jar
#10 25.79 [INFO]       plexus-archiver-4.9.2.jar
#10 25.79 [INFO]       plexus-io-3.4.2.jar
#10 25.79 [INFO]       commons-compress-1.26.1.jar
#10 25.79 [INFO]       commons-lang3-3.14.0.jar
#10 25.79 [INFO]       commons-codec-1.16.1.jar
#10 25.79 [INFO]       snappy-0.4.jar
#10 25.79 [INFO]       xz-1.9.jar
#10 25.79 [INFO]       zstd-jni-1.5.5-11.jar
#10 25.79 [INFO]       javax.inject-1.jar
#10 25.79 [INFO]       slf4j-api-1.7.36.jar
#10 25.79 [INFO] Resolved plugin: maven-clean-plugin-3.5.0.jar
#10 25.79 [INFO] Resolved plugin dependency:
#10 25.80 [INFO]       maven-clean-plugin-3.5.0.jar
#10 25.80 [INFO]       plexus-utils-4.0.2.jar
#10 25.80 [INFO] Resolved plugin: maven-install-plugin-3.1.4.jar
#10 25.80 [INFO] Resolved plugin dependency:
#10 25.80 [INFO] Downloading from central: https://repo.maven.apache.org/maven2/org/apache/maven/resolver/maven-resolver-util/1.9.22/maven-resolver-util-1.9.22.pom
#10 25.83 [INFO] Downloaded from central: https://repo.maven.apache.org/maven2/org/apache/maven/resolver/maven-resolver-util/1.9.22/maven-resolver-util-1.9.22.pom (2.2 kB at 97 kB/s)
#10 25.83 [INFO] Downloading from central: https://repo.maven.apache.org/maven2/org/apache/maven/resolver/maven-resolver/1.9.22/maven-resolver-1.9.22.pom
#10 25.85 [INFO] Downloaded from central: https://repo.maven.apache.org/maven2/org/apache/maven/resolver/maven-resolver/1.9.22/maven-resolver-1.9.22.pom (23 kB at 1.1 MB/s)
#10 25.86 [INFO] Downloading from central: https://repo.maven.apache.org/maven2/org/apache/maven/resolver/maven-resolver-api/1.9.22/maven-resolver-api-1.9.22.pom
#10 25.89 [INFO] Downloaded from central: https://repo.maven.apache.org/maven2/org/apache/maven/resolver/maven-resolver-api/1.9.22/maven-resolver-api-1.9.22.pom (2.2 kB at 97 kB/s)
#10 25.89 [INFO] Downloading from central: https://repo.maven.apache.org/maven2/org/apache/maven/resolver/maven-resolver-util/1.9.22/maven-resolver-util-1.9.22.jar
#10 25.95 [INFO] Downloaded from central: https://repo.maven.apache.org/maven2/org/apache/maven/resolver/maven-resolver-util/1.9.22/maven-resolver-util-1.9.22.jar (196 kB at 3.6 MB/s)
#10 25.95 [INFO] Downloading from central: https://repo.maven.apache.org/maven2/org/apache/maven/resolver/maven-resolver-api/1.9.22/maven-resolver-api-1.9.22.jar
#10 25.99 [INFO] Downloaded from central: https://repo.maven.apache.org/maven2/org/apache/maven/resolver/maven-resolver-api/1.9.22/maven-resolver-api-1.9.22.jar (157 kB at 3.7 MB/s)
#10 25.99 [INFO]       maven-install-plugin-3.1.4.jar
#10 25.99 [INFO]       maven-resolver-util-1.9.22.jar
#10 25.99 [INFO]       maven-resolver-api-1.9.22.jar
#10 25.99 [INFO]       plexus-utils-4.0.1.jar
#10 25.99 [INFO]       plexus-xml-3.0.1.jar
#10 25.99 [INFO] Resolved plugin: maven-site-plugin-3.12.1.jar
#10 25.99 [INFO] Resolved plugin dependency:
#10 26.00 [INFO] Downloading from central: https://repo.maven.apache.org/maven2/org/apache/maven/reporting/maven-reporting-api/3.1.1/maven-reporting-api-3.1.1.pom
#10 26.02 [INFO] Downloaded from central: https://repo.maven.apache.org/maven2/org/apache/maven/reporting/maven-reporting-api/3.1.1/maven-reporting-api-3.1.1.pom (3.8 kB at 179 kB/s)
#10 26.02 [INFO] Downloading from central: https://repo.maven.apache.org/maven2/org/apache/maven/doxia/doxia-sink-api/1.11.1/doxia-sink-api-1.11.1.pom
#10 26.04 [INFO] Downloaded from central: https://repo.maven.apache.org/maven2/org/apache/maven/doxia/doxia-sink-api/1.11.1/doxia-sink-api-1.11.1.pom (1.6 kB at 69 kB/s)
#10 26.05 [INFO] Downloading from central: https://repo.maven.apache.org/maven2/org/apache/maven/doxia/doxia/1.11.1/doxia-1.11.1.pom
#10 26.07 [INFO] Downloaded from central: https://repo.maven.apache.org/maven2/org/apache/maven/doxia/doxia/1.11.1/doxia-1.11.1.pom (18 kB at 751 kB/s)
#10 26.07 [INFO] Downloading from central: https://repo.maven.apache.org/maven2/org/apache/maven/doxia/doxia-logging-api/1.11.1/doxia-logging-api-1.11.1.pom
#10 26.10 [INFO] Downloaded from central: https://repo.maven.apache.org/maven2/org/apache/maven/doxia/doxia-logging-api/1.11.1/doxia-logging-api-1.11.1.pom (1.6 kB at 51 kB/s)
#10 26.11 [INFO] Downloading from central: https://repo.maven.apache.org/maven2/org/apache/maven/reporting/maven-reporting-exec/1.6.0/maven-reporting-exec-1.6.0.pom
#10 26.13 [INFO] Downloaded from central: https://repo.maven.apache.org/maven2/org/apache/maven/reporting/maven-reporting-exec/1.6.0/maven-reporting-exec-1.6.0.pom (14 kB at 631 kB/s)
#10 26.14 [INFO] Downloading from central: https://repo.maven.apache.org/maven2/org/apache/maven/reporting/maven-reporting-api/3.1.0/maven-reporting-api-3.1.0.pom
#10 26.16 [INFO] Downloaded from central: https://repo.maven.apache.org/maven2/org/apache/maven/reporting/maven-reporting-api/3.1.0/maven-reporting-api-3.1.0.pom (3.8 kB at 157 kB/s)
#10 26.16 [INFO] Downloading from central: https://repo.maven.apache.org/maven2/org/apache/maven/maven-artifact/3.2.5/maven-artifact-3.2.5.pom
#10 26.18 [INFO] Downloaded from central: https://repo.maven.apache.org/maven2/org/apache/maven/maven-artifact/3.2.5/maven-artifact-3.2.5.pom (2.3 kB at 112 kB/s)
#10 26.18 [INFO] Downloading from central: https://repo.maven.apache.org/maven2/org/apache/maven/maven/3.2.5/maven-3.2.5.pom
#10 26.21 [INFO] Downloaded from central: https://repo.maven.apache.org/maven2/org/apache/maven/maven/3.2.5/maven-3.2.5.pom (22 kB at 799 kB/s)
#10 26.21 [INFO] Downloading from central: https://repo.maven.apache.org/maven2/org/apache/maven/maven-parent/25/maven-parent-25.pom
#10 26.24 [INFO] Downloaded from central: https://repo.maven.apache.org/maven2/org/apache/maven/maven-parent/25/maven-parent-25.pom (37 kB at 1.6 MB/s)
#10 26.24 [INFO] Downloading from central: https://repo.maven.apache.org/maven2/org/apache/apache/15/apache-15.pom
#10 26.26 [INFO] Downloaded from central: https://repo.maven.apache.org/maven2/org/apache/apache/15/apache-15.pom (15 kB at 635 kB/s)
#10 26.27 [INFO] Downloading from central: https://repo.maven.apache.org/maven2/org/codehaus/plexus/plexus-utils/3.3.0/plexus-utils-3.3.0.pom
#10 26.29 [INFO] Downloaded from central: https://repo.maven.apache.org/maven2/org/codehaus/plexus/plexus-utils/3.3.0/plexus-utils-3.3.0.pom (5.2 kB at 247 kB/s)
#10 26.29 [INFO] Downloading from central: https://repo.maven.apache.org/maven2/org/apache/maven/maven-core/3.2.5/maven-core-3.2.5.pom
#10 26.31 [INFO] Downloaded from central: https://repo.maven.apache.org/maven2/org/apache/maven/maven-core/3.2.5/maven-core-3.2.5.pom (8.1 kB at 384 kB/s)
#10 26.31 [INFO] Downloading from central: https://repo.maven.apache.org/maven2/org/apache/maven/maven-model/3.2.5/maven-model-3.2.5.pom
#10 26.33 [INFO] Downloaded from central: https://repo.maven.apache.org/maven2/org/apache/maven/maven-model/3.2.5/maven-model-3.2.5.pom (4.2 kB at 202 kB/s)
#10 26.34 [INFO] Downloading from central: https://repo.maven.apache.org/maven2/org/apache/maven/maven-settings/3.2.5/maven-settings-3.2.5.pom
#10 26.36 [INFO] Downloaded from central: https://repo.maven.apache.org/maven2/org/apache/maven/maven-settings/3.2.5/maven-settings-3.2.5.pom (2.2 kB at 103 kB/s)
#10 26.36 [INFO] Downloading from central: https://repo.maven.apache.org/maven2/org/apache/maven/maven-settings-builder/3.2.5/maven-settings-builder-3.2.5.pom
#10 26.38 [INFO] Downloaded from central: https://repo.maven.apache.org/maven2/org/apache/maven/maven-settings-builder/3.2.5/maven-settings-builder-3.2.5.pom (2.6 kB at 124 kB/s)
#10 26.38 [INFO] Downloading from central: https://repo.maven.apache.org/maven2/org/codehaus/plexus/plexus-interpolation/1.21/plexus-interpolation-1.21.pom
#10 26.41 [INFO] Downloaded from central: https://repo.maven.apache.org/maven2/org/codehaus/plexus/plexus-interpolation/1.21/plexus-interpolation-1.21.pom (1.5 kB at 67 kB/s)
#10 26.41 [INFO] Downloading from central: https://repo.maven.apache.org/maven2/org/codehaus/plexus/plexus-components/1.3.1/plexus-components-1.3.1.pom
#10 26.43 [INFO] Downloaded from central: https://repo.maven.apache.org/maven2/org/codehaus/plexus/plexus-components/1.3.1/plexus-components-1.3.1.pom (3.1 kB at 133 kB/s)
#10 26.43 [INFO] Downloading from central: https://repo.maven.apache.org/maven2/org/codehaus/plexus/plexus/3.3.1/plexus-3.3.1.pom
#10 26.45 [INFO] Downloaded from central: https://repo.maven.apache.org/maven2/org/codehaus/plexus/plexus/3.3.1/plexus-3.3.1.pom (20 kB at 889 kB/s)
#10 26.46 [INFO] Downloading from central: https://repo.maven.apache.org/maven2/org/sonatype/spice/spice-parent/17/spice-parent-17.pom
#10 26.48 [INFO] Downloaded from central: https://repo.maven.apache.org/maven2/org/sonatype/spice/spice-parent/17/spice-parent-17.pom (6.8 kB at 294 kB/s)
#10 26.48 [INFO] Downloading from central: https://repo.maven.apache.org/maven2/org/sonatype/forge/forge-parent/10/forge-parent-10.pom
#10 26.52 [INFO] Downloaded from central: https://repo.maven.apache.org/maven2/org/sonatype/forge/forge-parent/10/forge-parent-10.pom (14 kB at 377 kB/s)
#10 26.52 [INFO] Downloading from central: https://repo.maven.apache.org/maven2/org/codehaus/plexus/plexus-component-annotations/2.1.1/plexus-component-annotations-2.1.1.pom
#10 26.55 [INFO] Downloaded from central: https://repo.maven.apache.org/maven2/org/codehaus/plexus/plexus-component-annotations/2.1.1/plexus-component-annotations-2.1.1.pom (770 B at 27 kB/s)
#10 26.55 [INFO] Downloading from central: https://repo.maven.apache.org/maven2/org/codehaus/plexus/plexus-containers/2.1.1/plexus-containers-2.1.1.pom
#10 26.57 [INFO] Downloaded from central: https://repo.maven.apache.org/maven2/org/codehaus/plexus/plexus-containers/2.1.1/plexus-containers-2.1.1.pom (6.0 kB at 274 kB/s)
#10 26.57 [INFO] Downloading from central: https://repo.maven.apache.org/maven2/org/codehaus/plexus/plexus/6.5/plexus-6.5.pom
#10 26.60 [INFO] Downloaded from central: https://repo.maven.apache.org/maven2/org/codehaus/plexus/plexus/6.5/plexus-6.5.pom (26 kB at 989 kB/s)
#10 26.60 [INFO] Downloading from central: https://repo.maven.apache.org/maven2/org/sonatype/plexus/plexus-sec-dispatcher/1.3/plexus-sec-dispatcher-1.3.pom
#10 26.62 [INFO] Downloaded from central: https://repo.maven.apache.org/maven2/org/sonatype/plexus/plexus-sec-dispatcher/1.3/plexus-sec-dispatcher-1.3.pom (3.0 kB at 135 kB/s)
#10 26.62 [INFO] Downloading from central: https://repo.maven.apache.org/maven2/org/sonatype/spice/spice-parent/12/spice-parent-12.pom
#10 26.65 [INFO] Downloaded from central: https://repo.maven.apache.org/maven2/org/sonatype/spice/spice-parent/12/spice-parent-12.pom (6.8 kB at 252 kB/s)
#10 26.65 [INFO] Downloading from central: https://repo.maven.apache.org/maven2/org/sonatype/forge/forge-parent/4/forge-parent-4.pom
#10 26.68 [INFO] Downloaded from central: https://repo.maven.apache.org/maven2/org/sonatype/forge/forge-parent/4/forge-parent-4.pom (8.4 kB at 382 kB/s)
#10 26.68 [INFO] Downloading from central: https://repo.maven.apache.org/maven2/org/sonatype/plexus/plexus-cipher/1.4/plexus-cipher-1.4.pom
#10 26.70 [INFO] Downloaded from central: https://repo.maven.apache.org/maven2/org/sonatype/plexus/plexus-cipher/1.4/plexus-cipher-1.4.pom (2.1 kB at 83 kB/s)
#10 26.71 [INFO] Downloading from central: https://repo.maven.apache.org/maven2/org/apache/maven/maven-repository-metadata/3.2.5/maven-repository-metadata-3.2.5.pom
#10 26.76 [INFO] Downloaded from central: https://repo.maven.apache.org/maven2/org/apache/maven/maven-repository-metadata/3.2.5/maven-repository-metadata-3.2.5.pom (2.2 kB at 42 kB/s)
#10 26.76 [INFO] Downloading from central: https://repo.maven.apache.org/maven2/org/apache/maven/maven-plugin-api/3.2.5/maven-plugin-api-3.2.5.pom
#10 26.79 [INFO] Downloaded from central: https://repo.maven.apache.org/maven2/org/apache/maven/maven-plugin-api/3.2.5/maven-plugin-api-3.2.5.pom (3.0 kB at 132 kB/s)
#10 26.79 [INFO] Downloading from central: https://repo.maven.apache.org/maven2/org/eclipse/sisu/org.eclipse.sisu.plexus/0.3.5/org.eclipse.sisu.plexus-0.3.5.pom
#10 26.82 [INFO] Downloaded from central: https://repo.maven.apache.org/maven2/org/eclipse/sisu/org.eclipse.sisu.plexus/0.3.5/org.eclipse.sisu.plexus-0.3.5.pom (4.3 kB at 130 kB/s)
#10 26.83 [INFO] Downloading from central: https://repo.maven.apache.org/maven2/org/eclipse/sisu/sisu-plexus/0.3.5/sisu-plexus-0.3.5.pom
#10 26.85 [INFO] Downloaded from central: https://repo.maven.apache.org/maven2/org/eclipse/sisu/sisu-plexus/0.3.5/sisu-plexus-0.3.5.pom (14 kB at 549 kB/s)
#10 26.85 [INFO] Downloading from central: https://repo.maven.apache.org/maven2/javax/annotation/javax.annotation-api/1.2/javax.annotation-api-1.2.pom
#10 26.88 [INFO] Downloaded from central: https://repo.maven.apache.org/maven2/javax/annotation/javax.annotation-api/1.2/javax.annotation-api-1.2.pom (13 kB at 537 kB/s)
#10 26.88 [INFO] Downloading from central: https://repo.maven.apache.org/maven2/net/java/jvnet-parent/3/jvnet-parent-3.pom
#10 26.90 [INFO] Downloaded from central: https://repo.maven.apache.org/maven2/net/java/jvnet-parent/3/jvnet-parent-3.pom (4.8 kB at 200 kB/s)
#10 26.90 [INFO] Downloading from central: https://repo.maven.apache.org/maven2/javax/enterprise/cdi-api/1.2/cdi-api-1.2.pom
#10 26.93 [INFO] Downloaded from central: https://repo.maven.apache.org/maven2/javax/enterprise/cdi-api/1.2/cdi-api-1.2.pom (6.3 kB at 262 kB/s)
#10 26.93 [INFO] Downloading from central: https://repo.maven.apache.org/maven2/org/jboss/weld/weld-parent/26/weld-parent-26.pom
#10 26.95 [INFO] Downloaded from central: https://repo.maven.apache.org/maven2/org/jboss/weld/weld-parent/26/weld-parent-26.pom (32 kB at 1.3 MB/s)
#10 26.96 [INFO] Downloading from central: https://repo.maven.apache.org/maven2/org/eclipse/sisu/org.eclipse.sisu.inject/0.3.5/org.eclipse.sisu.inject-0.3.5.pom
#10 26.98 [INFO] Downloaded from central: https://repo.maven.apache.org/maven2/org/eclipse/sisu/org.eclipse.sisu.inject/0.3.5/org.eclipse.sisu.inject-0.3.5.pom (2.6 kB at 119 kB/s)
#10 26.98 [INFO] Downloading from central: https://repo.maven.apache.org/maven2/org/eclipse/sisu/sisu-inject/0.3.5/sisu-inject-0.3.5.pom
#10 27.01 [INFO] Downloaded from central: https://repo.maven.apache.org/maven2/org/eclipse/sisu/sisu-inject/0.3.5/sisu-inject-0.3.5.pom (14 kB at 576 kB/s)
#10 27.01 [INFO] Downloading from central: https://repo.maven.apache.org/maven2/org/codehaus/plexus/plexus-classworlds/2.5.2/plexus-classworlds-2.5.2.pom
#10 27.03 [INFO] Downloaded from central: https://repo.maven.apache.org/maven2/org/codehaus/plexus/plexus-classworlds/2.5.2/plexus-classworlds-2.5.2.pom (7.3 kB at 304 kB/s)
#10 27.03 [INFO] Downloading from central: https://repo.maven.apache.org/maven2/org/apache/maven/maven-model-builder/3.2.5/maven-model-builder-3.2.5.pom
#10 27.06 [INFO] Downloaded from central: https://repo.maven.apache.org/maven2/org/apache/maven/maven-model-builder/3.2.5/maven-model-builder-3.2.5.pom (3.0 kB at 136 kB/s)
#10 27.06 [INFO] Downloading from central: https://repo.maven.apache.org/maven2/org/apache/maven/maven-aether-provider/3.2.5/maven-aether-provider-3.2.5.pom
#10 27.09 [INFO] Downloaded from central: https://repo.maven.apache.org/maven2/org/apache/maven/maven-aether-provider/3.2.5/maven-aether-provider-3.2.5.pom (4.2 kB at 157 kB/s)
#10 27.09 [INFO] Downloading from central: https://repo.maven.apache.org/maven2/org/eclipse/aether/aether-api/1.0.0.v20140518/aether-api-1.0.0.v20140518.pom
#10 27.11 [INFO] Downloaded from central: https://repo.maven.apache.org/maven2/org/eclipse/aether/aether-api/1.0.0.v20140518/aether-api-1.0.0.v20140518.pom (1.9 kB at 79 kB/s)
#10 27.11 [INFO] Downloading from central: https://repo.maven.apache.org/maven2/org/eclipse/aether/aether/1.0.0.v20140518/aether-1.0.0.v20140518.pom
#10 27.14 [INFO] Downloaded from central: https://repo.maven.apache.org/maven2/org/eclipse/aether/aether/1.0.0.v20140518/aether-1.0.0.v20140518.pom (30 kB at 1.4 MB/s)
#10 27.14 [INFO] Downloading from central: https://repo.maven.apache.org/maven2/org/eclipse/aether/aether-spi/1.0.0.v20140518/aether-spi-1.0.0.v20140518.pom
#10 27.16 [INFO] Downloaded from central: https://repo.maven.apache.org/maven2/org/eclipse/aether/aether-spi/1.0.0.v20140518/aether-spi-1.0.0.v20140518.pom (2.1 kB at 98 kB/s)
#10 27.16 [INFO] Downloading from central: https://repo.maven.apache.org/maven2/org/eclipse/aether/aether-util/1.0.0.v20140518/aether-util-1.0.0.v20140518.pom
#10 27.18 [INFO] Downloaded from central: https://repo.maven.apache.org/maven2/org/eclipse/aether/aether-util/1.0.0.v20140518/aether-util-1.0.0.v20140518.pom (2.2 kB at 104 kB/s)
#10 27.19 [INFO] Downloading from central: https://repo.maven.apache.org/maven2/org/eclipse/aether/aether-impl/1.0.0.v20140518/aether-impl-1.0.0.v20140518.pom
#10 27.21 [INFO] Downloaded from central: https://repo.maven.apache.org/maven2/org/eclipse/aether/aether-impl/1.0.0.v20140518/aether-impl-1.0.0.v20140518.pom (3.5 kB at 145 kB/s)
#10 27.21 [INFO] Downloading from central: https://repo.maven.apache.org/maven2/org/sonatype/sisu/sisu-guice/3.2.3/sisu-guice-3.2.3.pom
#10 27.23 [INFO] Downloaded from central: https://repo.maven.apache.org/maven2/org/sonatype/sisu/sisu-guice/3.2.3/sisu-guice-3.2.3.pom (11 kB at 521 kB/s)
#10 27.24 [INFO] Downloading from central: https://repo.maven.apache.org/maven2/org/sonatype/sisu/inject/guice-parent/3.2.3/guice-parent-3.2.3.pom
#10 27.26 [INFO] Downloaded from central: https://repo.maven.apache.org/maven2/org/sonatype/sisu/inject/guice-parent/3.2.3/guice-parent-3.2.3.pom (13 kB at 539 kB/s)
#10 27.27 [INFO] Downloading from central: https://repo.maven.apache.org/maven2/org/sonatype/forge/forge-parent/38/forge-parent-38.pom
#10 27.29 [INFO] Downloaded from central: https://repo.maven.apache.org/maven2/org/sonatype/forge/forge-parent/38/forge-parent-38.pom (19 kB at 781 kB/s)
#10 27.29 [INFO] Downloading from central: https://repo.maven.apache.org/maven2/aopalliance/aopalliance/1.0/aopalliance-1.0.pom
#10 27.32 [INFO] Downloaded from central: https://repo.maven.apache.org/maven2/aopalliance/aopalliance/1.0/aopalliance-1.0.pom (363 B at 16 kB/s)
#10 27.32 [INFO] Downloading from central: https://repo.maven.apache.org/maven2/com/google/guava/guava/16.0.1/guava-16.0.1.pom
#10 27.34 [INFO] Downloaded from central: https://repo.maven.apache.org/maven2/com/google/guava/guava/16.0.1/guava-16.0.1.pom (6.1 kB at 235 kB/s)
#10 27.35 [INFO] Downloading from central: https://repo.maven.apache.org/maven2/com/google/guava/guava-parent/16.0.1/guava-parent-16.0.1.pom
#10 27.38 [INFO] Downloaded from central: https://repo.maven.apache.org/maven2/com/google/guava/guava-parent/16.0.1/guava-parent-16.0.1.pom (7.3 kB at 237 kB/s)
#10 27.39 [INFO] Downloading from central: https://repo.maven.apache.org/maven2/org/apache/maven/shared/maven-shared-utils/3.3.4/maven-shared-utils-3.3.4.pom
#10 27.41 [INFO] Downloaded from central: https://repo.maven.apache.org/maven2/org/apache/maven/shared/maven-shared-utils/3.3.4/maven-shared-utils-3.3.4.pom (5.8 kB at 208 kB/s)
#10 27.42 [INFO] Downloading from central: https://repo.maven.apache.org/maven2/commons-io/commons-io/2.6/commons-io-2.6.pom
#10 27.44 [INFO] Downloaded from central: https://repo.maven.apache.org/maven2/commons-io/commons-io/2.6/commons-io-2.6.pom (14 kB at 648 kB/s)
#10 27.44 [INFO] Downloading from central: https://repo.maven.apache.org/maven2/org/apache/commons/commons-parent/42/commons-parent-42.pom
#10 27.47 [INFO] Downloaded from central: https://repo.maven.apache.org/maven2/org/apache/commons/commons-parent/42/commons-parent-42.pom (68 kB at 2.3 MB/s)
#10 27.47 [INFO] Downloading from central: https://repo.maven.apache.org/maven2/org/apache/maven/maven-archiver/3.5.2/maven-archiver-3.5.2.pom
#10 27.50 [INFO] Downloaded from central: https://repo.maven.apache.org/maven2/org/apache/maven/maven-archiver/3.5.2/maven-archiver-3.5.2.pom (5.5 kB at 231 kB/s)
#10 27.50 [INFO] Downloading from central: https://repo.maven.apache.org/maven2/org/apache/maven/maven-artifact/3.1.1/maven-artifact-3.1.1.pom
#10 27.52 [INFO] Downloaded from central: https://repo.maven.apache.org/maven2/org/apache/maven/maven-artifact/3.1.1/maven-artifact-3.1.1.pom (2.0 kB at 82 kB/s)
#10 27.52 [INFO] Downloading from central: https://repo.maven.apache.org/maven2/org/apache/maven/maven/3.1.1/maven-3.1.1.pom
#10 27.55 [INFO] Downloaded from central: https://repo.maven.apache.org/maven2/org/apache/maven/maven/3.1.1/maven-3.1.1.pom (22 kB at 921 kB/s)
#10 27.55 [INFO] Downloading from central: https://repo.maven.apache.org/maven2/org/apache/maven/maven-model/3.1.1/maven-model-3.1.1.pom
#10 27.57 [INFO] Downloaded from central: https://repo.maven.apache.org/maven2/org/apache/maven/maven-model/3.1.1/maven-model-3.1.1.pom (4.1 kB at 188 kB/s)
#10 27.57 [INFO] Downloading from central: https://repo.maven.apache.org/maven2/org/apache/maven/maven-core/3.1.1/maven-core-3.1.1.pom
#10 27.60 [INFO] Downloaded from central: https://repo.maven.apache.org/maven2/org/apache/maven/maven-core/3.1.1/maven-core-3.1.1.pom (7.3 kB at 316 kB/s)
#10 27.60 [INFO] Downloading from central: https://repo.maven.apache.org/maven2/org/apache/maven/maven-settings/3.1.1/maven-settings-3.1.1.pom
#10 27.62 [INFO] Downloaded from central: https://repo.maven.apache.org/maven2/org/apache/maven/maven-settings/3.1.1/maven-settings-3.1.1.pom (2.2 kB at 109 kB/s)
#10 27.62 [INFO] Downloading from central: https://repo.maven.apache.org/maven2/org/apache/maven/maven-settings-builder/3.1.1/maven-settings-builder-3.1.1.pom
#10 27.64 [INFO] Downloaded from central: https://repo.maven.apache.org/maven2/org/apache/maven/maven-settings-builder/3.1.1/maven-settings-builder-3.1.1.pom (2.6 kB at 113 kB/s)
#10 27.64 [INFO] Downloading from central: https://repo.maven.apache.org/maven2/org/codehaus/plexus/plexus-interpolation/1.19/plexus-interpolation-1.19.pom
#10 27.66 [INFO] Downloaded from central: https://repo.maven.apache.org/maven2/org/codehaus/plexus/plexus-interpolation/1.19/plexus-interpolation-1.19.pom (1.0 kB at 51 kB/s)
#10 27.67 [INFO] Downloading from central: https://repo.maven.apache.org/maven2/org/apache/maven/maven-repository-metadata/3.1.1/maven-repository-metadata-3.1.1.pom
#10 27.69 [INFO] Downloaded from central: https://repo.maven.apache.org/maven2/org/apache/maven/maven-repository-metadata/3.1.1/maven-repository-metadata-3.1.1.pom (2.2 kB at 111 kB/s)
#10 27.69 [INFO] Downloading from central: https://repo.maven.apache.org/maven2/org/apache/maven/maven-plugin-api/3.1.1/maven-plugin-api-3.1.1.pom
#10 27.71 [INFO] Downloaded from central: https://repo.maven.apache.org/maven2/org/apache/maven/maven-plugin-api/3.1.1/maven-plugin-api-3.1.1.pom (3.4 kB at 135 kB/s)
#10 27.72 [INFO] Downloading from central: https://repo.maven.apache.org/maven2/org/apache/maven/maven-model-builder/3.1.1/maven-model-builder-3.1.1.pom
#10 27.74 [INFO] Downloaded from central: https://repo.maven.apache.org/maven2/org/apache/maven/maven-model-builder/3.1.1/maven-model-builder-3.1.1.pom (2.8 kB at 122 kB/s)
#10 27.74 [INFO] Downloading from central: https://repo.maven.apache.org/maven2/org/apache/maven/maven-aether-provider/3.1.1/maven-aether-provider-3.1.1.pom
#10 27.76 [INFO] Downloaded from central: https://repo.maven.apache.org/maven2/org/apache/maven/maven-aether-provider/3.1.1/maven-aether-provider-3.1.1.pom (4.1 kB at 186 kB/s)
#10 27.76 [INFO] Downloading from central: https://repo.maven.apache.org/maven2/org/eclipse/aether/aether-api/0.9.0.M2/aether-api-0.9.0.M2.pom
#10 27.79 [INFO] Downloaded from central: https://repo.maven.apache.org/maven2/org/eclipse/aether/aether-api/0.9.0.M2/aether-api-0.9.0.M2.pom (1.7 kB at 79 kB/s)
#10 27.79 [INFO] Downloading from central: https://repo.maven.apache.org/maven2/org/eclipse/aether/aether/0.9.0.M2/aether-0.9.0.M2.pom
#10 27.81 [INFO] Downloaded from central: https://repo.maven.apache.org/maven2/org/eclipse/aether/aether/0.9.0.M2/aether-0.9.0.M2.pom (28 kB at 1.3 MB/s)
#10 27.81 [INFO] Downloading from central: https://repo.maven.apache.org/maven2/org/eclipse/aether/aether-spi/0.9.0.M2/aether-spi-0.9.0.M2.pom
#10 27.83 [INFO] Downloaded from central: https://repo.maven.apache.org/maven2/org/eclipse/aether/aether-spi/0.9.0.M2/aether-spi-0.9.0.M2.pom (1.8 kB at 93 kB/s)
#10 27.83 [INFO] Downloading from central: https://repo.maven.apache.org/maven2/org/eclipse/aether/aether-util/0.9.0.M2/aether-util-0.9.0.M2.pom
#10 27.85 [INFO] Downloaded from central: https://repo.maven.apache.org/maven2/org/eclipse/aether/aether-util/0.9.0.M2/aether-util-0.9.0.M2.pom (2.0 kB at 107 kB/s)
#10 27.85 [INFO] Downloading from central: https://repo.maven.apache.org/maven2/org/eclipse/aether/aether-impl/0.9.0.M2/aether-impl-0.9.0.M2.pom
#10 27.87 [INFO] Downloaded from central: https://repo.maven.apache.org/maven2/org/eclipse/aether/aether-impl/0.9.0.M2/aether-impl-0.9.0.M2.pom (3.3 kB at 167 kB/s)
#10 27.87 [INFO] Downloading from central: https://repo.maven.apache.org/maven2/org/codehaus/plexus/plexus-classworlds/2.5.1/plexus-classworlds-2.5.1.pom
#10 27.90 [INFO] Downloaded from central: https://repo.maven.apache.org/maven2/org/codehaus/plexus/plexus-classworlds/2.5.1/plexus-classworlds-2.5.1.pom (5.0 kB at 228 kB/s)
#10 27.90 [INFO] Downloading from central: https://repo.maven.apache.org/maven2/org/apache/maven/shared/maven-shared-utils/3.3.3/maven-shared-utils-3.3.3.pom
#10 27.92 [INFO] Downloaded from central: https://repo.maven.apache.org/maven2/org/apache/maven/shared/maven-shared-utils/3.3.3/maven-shared-utils-3.3.3.pom (5.8 kB at 262 kB/s)
#10 27.92 [INFO] Downloading from central: https://repo.maven.apache.org/maven2/org/apache/commons/commons-compress/1.20/commons-compress-1.20.pom
#10 27.95 [INFO] Downloaded from central: https://repo.maven.apache.org/maven2/org/apache/commons/commons-compress/1.20/commons-compress-1.20.pom (18 kB at 677 kB/s)
#10 27.95 [INFO] Downloading from central: https://repo.maven.apache.org/maven2/org/apache/commons/commons-parent/48/commons-parent-48.pom
#10 27.98 [INFO] Downloaded from central: https://repo.maven.apache.org/maven2/org/apache/commons/commons-parent/48/commons-parent-48.pom (72 kB at 2.9 MB/s)
#10 27.98 [INFO] Downloading from central: https://repo.maven.apache.org/maven2/org/codehaus/plexus/plexus-archiver/4.2.7/plexus-archiver-4.2.7.pom
#10 28.01 [INFO] Downloaded from central: https://repo.maven.apache.org/maven2/org/codehaus/plexus/plexus-archiver/4.2.7/plexus-archiver-4.2.7.pom (4.9 kB at 158 kB/s)
#10 28.01 [INFO] Downloading from central: https://repo.maven.apache.org/maven2/org/codehaus/plexus/plexus/8/plexus-8.pom
#10 28.04 [INFO] Downloaded from central: https://repo.maven.apache.org/maven2/org/codehaus/plexus/plexus/8/plexus-8.pom (25 kB at 1.2 MB/s)
#10 28.04 [INFO] Downloading from central: https://repo.maven.apache.org/maven2/org/codehaus/plexus/plexus-io/3.2.0/plexus-io-3.2.0.pom
#10 28.06 [INFO] Downloaded from central: https://repo.maven.apache.org/maven2/org/codehaus/plexus/plexus-io/3.2.0/plexus-io-3.2.0.pom (4.5 kB at 216 kB/s)
#10 28.06 [INFO] Downloading from central: https://repo.maven.apache.org/maven2/org/apache/commons/commons-compress/1.21/commons-compress-1.21.pom
#10 28.09 [INFO] Downloaded from central: https://repo.maven.apache.org/maven2/org/apache/commons/commons-compress/1.21/commons-compress-1.21.pom (20 kB at 895 kB/s)
#10 28.09 [INFO] Downloading from central: https://repo.maven.apache.org/maven2/org/codehaus/plexus/plexus-interpolation/1.26/plexus-interpolation-1.26.pom
#10 28.11 [INFO] Downloaded from central: https://repo.maven.apache.org/maven2/org/codehaus/plexus/plexus-interpolation/1.26/plexus-interpolation-1.26.pom (2.7 kB at 133 kB/s)
#10 28.11 [INFO] Downloading from central: https://repo.maven.apache.org/maven2/org/codehaus/plexus/plexus-utils/3.4.2/plexus-utils-3.4.2.pom
#10 28.13 [INFO] Downloaded from central: https://repo.maven.apache.org/maven2/org/codehaus/plexus/plexus-utils/3.4.2/plexus-utils-3.4.2.pom (8.2 kB at 391 kB/s)
#10 28.14 [INFO] Downloading from central: https://repo.maven.apache.org/maven2/org/codehaus/plexus/plexus-container-default/2.1.0/plexus-container-default-2.1.0.pom
#10 28.16 [INFO] Downloaded from central: https://repo.maven.apache.org/maven2/org/codehaus/plexus/plexus-container-default/2.1.0/plexus-container-default-2.1.0.pom (3.0 kB at 135 kB/s)
#10 28.16 [INFO] Downloading from central: https://repo.maven.apache.org/maven2/org/apache/xbean/xbean-reflect/3.7/xbean-reflect-3.7.pom
#10 28.18 [INFO] Downloaded from central: https://repo.maven.apache.org/maven2/org/apache/xbean/xbean-reflect/3.7/xbean-reflect-3.7.pom (5.1 kB at 242 kB/s)
#10 28.18 [INFO] Downloading from central: https://repo.maven.apache.org/maven2/org/apache/xbean/xbean/3.7/xbean-3.7.pom
#10 28.21 [INFO] Downloaded from central: https://repo.maven.apache.org/maven2/org/apache/xbean/xbean/3.7/xbean-3.7.pom (15 kB at 594 kB/s)
#10 28.21 [INFO] Downloading from central: https://repo.maven.apache.org/maven2/org/apache/geronimo/genesis/genesis-java5-flava/2.0/genesis-java5-flava-2.0.pom
#10 28.23 [INFO] Downloaded from central: https://repo.maven.apache.org/maven2/org/apache/geronimo/genesis/genesis-java5-flava/2.0/genesis-java5-flava-2.0.pom (5.5 kB at 249 kB/s)
#10 28.23 [INFO] Downloading from central: https://repo.maven.apache.org/maven2/org/apache/geronimo/genesis/genesis-default-flava/2.0/genesis-default-flava-2.0.pom
#10 28.26 [INFO] Downloaded from central: https://repo.maven.apache.org/maven2/org/apache/geronimo/genesis/genesis-default-flava/2.0/genesis-default-flava-2.0.pom (18 kB at 712 kB/s)
#10 28.26 [INFO] Downloading from central: https://repo.maven.apache.org/maven2/org/apache/geronimo/genesis/genesis/2.0/genesis-2.0.pom
#10 28.28 [INFO] Downloaded from central: https://repo.maven.apache.org/maven2/org/apache/geronimo/genesis/genesis/2.0/genesis-2.0.pom (18 kB at 801 kB/s)
#10 28.28 [INFO] Downloading from central: https://repo.maven.apache.org/maven2/com/google/collections/google-collections/1.0/google-collections-1.0.pom
#10 28.31 [INFO] Downloaded from central: https://repo.maven.apache.org/maven2/com/google/collections/google-collections/1.0/google-collections-1.0.pom (2.5 kB at 85 kB/s)
#10 28.32 [INFO] Downloading from central: https://repo.maven.apache.org/maven2/com/google/google/1/google-1.pom
#10 28.35 [INFO] Downloaded from central: https://repo.maven.apache.org/maven2/com/google/google/1/google-1.pom (1.6 kB at 41 kB/s)
#10 28.36 [INFO] Downloading from central: https://repo.maven.apache.org/maven2/org/apache/maven/doxia/doxia-core/1.11.1/doxia-core-1.11.1.pom
#10 28.38 [INFO] Downloaded from central: https://repo.maven.apache.org/maven2/org/apache/maven/doxia/doxia-core/1.11.1/doxia-core-1.11.1.pom (4.5 kB at 206 kB/s)
#10 28.38 [INFO] Downloading from central: https://repo.maven.apache.org/maven2/org/apache/commons/commons-lang3/3.8.1/commons-lang3-3.8.1.pom
#10 28.41 [INFO] Downloaded from central: https://repo.maven.apache.org/maven2/org/apache/commons/commons-lang3/3.8.1/commons-lang3-3.8.1.pom (28 kB at 1.1 MB/s)
#10 28.41 [INFO] Downloading from central: https://repo.maven.apache.org/maven2/org/apache/commons/commons-text/1.3/commons-text-1.3.pom
#10 28.43 [INFO] Downloaded from central: https://repo.maven.apache.org/maven2/org/apache/commons/commons-text/1.3/commons-text-1.3.pom (14 kB at 679 kB/s)
#10 28.43 [INFO] Downloading from central: https://repo.maven.apache.org/maven2/org/apache/commons/commons-parent/45/commons-parent-45.pom
#10 28.46 [INFO] Downloaded from central: https://repo.maven.apache.org/maven2/org/apache/commons/commons-parent/45/commons-parent-45.pom (73 kB at 2.5 MB/s)
#10 28.47 [INFO] Downloading from central: https://repo.maven.apache.org/maven2/org/apache/commons/commons-lang3/3.7/commons-lang3-3.7.pom
#10 28.49 [INFO] Downloaded from central: https://repo.maven.apache.org/maven2/org/apache/commons/commons-lang3/3.7/commons-lang3-3.7.pom (28 kB at 1.2 MB/s)
#10 28.49 [INFO] Downloading from central: https://repo.maven.apache.org/maven2/org/apache/httpcomponents/httpclient/4.5.13/httpclient-4.5.13.pom
#10 28.52 [INFO] Downloaded from central: https://repo.maven.apache.org/maven2/org/apache/httpcomponents/httpclient/4.5.13/httpclient-4.5.13.pom (6.6 kB at 275 kB/s)
#10 28.52 [INFO] Downloading from central: https://repo.maven.apache.org/maven2/org/apache/httpcomponents/httpcomponents-client/4.5.13/httpcomponents-client-4.5.13.pom
#10 28.55 [INFO] Downloaded from central: https://repo.maven.apache.org/maven2/org/apache/httpcomponents/httpcomponents-client/4.5.13/httpcomponents-client-4.5.13.pom (16 kB at 655 kB/s)
#10 28.55 [INFO] Downloading from central: https://repo.maven.apache.org/maven2/org/apache/httpcomponents/httpcomponents-parent/11/httpcomponents-parent-11.pom
#10 28.57 [INFO] Downloaded from central: https://repo.maven.apache.org/maven2/org/apache/httpcomponents/httpcomponents-parent/11/httpcomponents-parent-11.pom (35 kB at 1.3 MB/s)
#10 28.58 [INFO] Downloading from central: https://repo.maven.apache.org/maven2/org/apache/httpcomponents/httpcore/4.4.13/httpcore-4.4.13.pom
#10 28.60 [INFO] Downloaded from central: https://repo.maven.apache.org/maven2/org/apache/httpcomponents/httpcore/4.4.13/httpcore-4.4.13.pom (5.0 kB at 226 kB/s)
#10 28.60 [INFO] Downloading from central: https://repo.maven.apache.org/maven2/org/apache/httpcomponents/httpcomponents-core/4.4.13/httpcomponents-core-4.4.13.pom
#10 28.63 [INFO] Downloaded from central: https://repo.maven.apache.org/maven2/org/apache/httpcomponents/httpcomponents-core/4.4.13/httpcomponents-core-4.4.13.pom (13 kB at 549 kB/s)
#10 28.63 [INFO] Downloading from central: https://repo.maven.apache.org/maven2/commons-codec/commons-codec/1.11/commons-codec-1.11.pom
#10 28.65 [INFO] Downloaded from central: https://repo.maven.apache.org/maven2/commons-codec/commons-codec/1.11/commons-codec-1.11.pom (14 kB at 698 kB/s)
#10 28.65 [INFO] Downloading from central: https://repo.maven.apache.org/maven2/org/apache/httpcomponents/httpcore/4.4.14/httpcore-4.4.14.pom
#10 28.68 [INFO] Downloaded from central: https://repo.maven.apache.org/maven2/org/apache/httpcomponents/httpcore/4.4.14/httpcore-4.4.14.pom (5.0 kB at 160 kB/s)
#10 28.68 [INFO] Downloading from central: https://repo.maven.apache.org/maven2/org/apache/httpcomponents/httpcomponents-core/4.4.14/httpcomponents-core-4.4.14.pom
#10 28.71 [INFO] Downloaded from central: https://repo.maven.apache.org/maven2/org/apache/httpcomponents/httpcomponents-core/4.4.14/httpcomponents-core-4.4.14.pom (13 kB at 598 kB/s)
#10 28.71 [INFO] Downloading from central: https://repo.maven.apache.org/maven2/org/apache/maven/doxia/doxia-module-xhtml/1.11.1/doxia-module-xhtml-1.11.1.pom
#10 28.73 [INFO] Downloaded from central: https://repo.maven.apache.org/maven2/org/apache/maven/doxia/doxia-module-xhtml/1.11.1/doxia-module-xhtml-1.11.1.pom (2.0 kB at 82 kB/s)
#10 28.74 [INFO] Downloading from central: https://repo.maven.apache.org/maven2/org/apache/maven/doxia/doxia-modules/1.11.1/doxia-modules-1.11.1.pom
#10 28.76 [INFO] Downloaded from central: https://repo.maven.apache.org/maven2/org/apache/maven/doxia/doxia-modules/1.11.1/doxia-modules-1.11.1.pom (2.7 kB at 125 kB/s)
#10 28.76 [INFO] Downloading from central: https://repo.maven.apache.org/maven2/org/apache/maven/doxia/doxia-module-xhtml5/1.11.1/doxia-module-xhtml5-1.11.1.pom
#10 28.78 [INFO] Downloaded from central: https://repo.maven.apache.org/maven2/org/apache/maven/doxia/doxia-module-xhtml5/1.11.1/doxia-module-xhtml5-1.11.1.pom (2.0 kB at 90 kB/s)
#10 28.78 [INFO] Downloading from central: https://repo.maven.apache.org/maven2/org/apache/maven/doxia/doxia-module-apt/1.11.1/doxia-module-apt-1.11.1.pom
#10 28.80 [INFO] Downloaded from central: https://repo.maven.apache.org/maven2/org/apache/maven/doxia/doxia-module-apt/1.11.1/doxia-module-apt-1.11.1.pom (2.1 kB at 94 kB/s)
#10 28.81 [INFO] Downloading from central: https://repo.maven.apache.org/maven2/org/apache/maven/doxia/doxia-module-xdoc/1.11.1/doxia-module-xdoc-1.11.1.pom
#10 28.83 [INFO] Downloaded from central: https://repo.maven.apache.org/maven2/org/apache/maven/doxia/doxia-module-xdoc/1.11.1/doxia-module-xdoc-1.11.1.pom (4.5 kB at 213 kB/s)
#10 28.83 [INFO] Downloading from central: https://repo.maven.apache.org/maven2/org/apache/maven/doxia/doxia-module-fml/1.11.1/doxia-module-fml-1.11.1.pom
#10 28.86 [INFO] Downloaded from central: https://repo.maven.apache.org/maven2/org/apache/maven/doxia/doxia-module-fml/1.11.1/doxia-module-fml-1.11.1.pom (4.4 kB at 175 kB/s)
#10 28.86 [INFO] Downloading from central: https://repo.maven.apache.org/maven2/org/apache/maven/doxia/doxia-module-markdown/1.11.1/doxia-module-markdown-1.11.1.pom
#10 28.88 [INFO] Downloaded from central: https://repo.maven.apache.org/maven2/org/apache/maven/doxia/doxia-module-markdown/1.11.1/doxia-module-markdown-1.11.1.pom (5.4 kB at 224 kB/s)
#10 28.88 [INFO] Downloading from central: https://repo.maven.apache.org/maven2/com/vladsch/flexmark/flexmark-all/0.42.14/flexmark-all-0.42.14.pom
#10 28.91 [INFO] Downloaded from central: https://repo.maven.apache.org/maven2/com/vladsch/flexmark/flexmark-all/0.42.14/flexmark-all-0.42.14.pom (9.0 kB at 309 kB/s)
#10 28.91 [INFO] Downloading from central: https://repo.maven.apache.org/maven2/com/vladsch/flexmark/flexmark-java/0.42.14/flexmark-java-0.42.14.pom
#10 28.94 [INFO] Downloaded from central: https://repo.maven.apache.org/maven2/com/vladsch/flexmark/flexmark-java/0.42.14/flexmark-java-0.42.14.pom (20 kB at 908 kB/s)
#10 28.94 [INFO] Downloading from central: https://repo.maven.apache.org/maven2/com/vladsch/flexmark/flexmark/0.42.14/flexmark-0.42.14.pom
#10 28.96 [INFO] Downloaded from central: https://repo.maven.apache.org/maven2/com/vladsch/flexmark/flexmark/0.42.14/flexmark-0.42.14.pom (2.5 kB at 127 kB/s)
#10 28.96 [INFO] Downloading from central: https://repo.maven.apache.org/maven2/com/vladsch/flexmark/flexmark-util/0.42.14/flexmark-util-0.42.14.pom
#10 28.99 [INFO] Downloaded from central: https://repo.maven.apache.org/maven2/com/vladsch/flexmark/flexmark-util/0.42.14/flexmark-util-0.42.14.pom (792 B at 36 kB/s)
#10 28.99 [INFO] Downloading from central: https://repo.maven.apache.org/maven2/com/vladsch/flexmark/flexmark-ext-abbreviation/0.42.14/flexmark-ext-abbreviation-0.42.14.pom
#10 29.01 [INFO] Downloaded from central: https://repo.maven.apache.org/maven2/com/vladsch/flexmark/flexmark-ext-abbreviation/0.42.14/flexmark-ext-abbreviation-0.42.14.pom (2.5 kB at 111 kB/s)
#10 29.01 [INFO] Downloading from central: https://repo.maven.apache.org/maven2/com/vladsch/flexmark/flexmark-ext-autolink/0.42.14/flexmark-ext-autolink-0.42.14.pom
#10 29.03 [INFO] Downloaded from central: https://repo.maven.apache.org/maven2/com/vladsch/flexmark/flexmark-ext-autolink/0.42.14/flexmark-ext-autolink-0.42.14.pom (1.8 kB at 91 kB/s)
#10 29.03 [INFO] Downloading from central: https://repo.maven.apache.org/maven2/org/nibor/autolink/autolink/0.6.0/autolink-0.6.0.pom
#10 29.06 [INFO] Downloaded from central: https://repo.maven.apache.org/maven2/org/nibor/autolink/autolink/0.6.0/autolink-0.6.0.pom (9.2 kB at 382 kB/s)
#10 29.06 [INFO] Downloading from central: https://repo.maven.apache.org/maven2/com/vladsch/flexmark/flexmark-formatter/0.42.14/flexmark-formatter-0.42.14.pom
#10 29.09 [INFO] Downloaded from central: https://repo.maven.apache.org/maven2/com/vladsch/flexmark/flexmark-formatter/0.42.14/flexmark-formatter-0.42.14.pom (1.1 kB at 45 kB/s)
#10 29.09 [INFO] Downloading from central: https://repo.maven.apache.org/maven2/com/vladsch/flexmark/flexmark-ext-admonition/0.42.14/flexmark-ext-admonition-0.42.14.pom
#10 29.11 [INFO] Downloaded from central: https://repo.maven.apache.org/maven2/com/vladsch/flexmark/flexmark-ext-admonition/0.42.14/flexmark-ext-admonition-0.42.14.pom (1.5 kB at 68 kB/s)
#10 29.11 [INFO] Downloading from central: https://repo.maven.apache.org/maven2/com/vladsch/flexmark/flexmark-ext-anchorlink/0.42.14/flexmark-ext-anchorlink-0.42.14.pom
#10 29.13 [INFO] Downloaded from central: https://repo.maven.apache.org/maven2/com/vladsch/flexmark/flexmark-ext-anchorlink/0.42.14/flexmark-ext-anchorlink-0.42.14.pom (1.6 kB at 76 kB/s)
#10 29.14 [INFO] Downloading from central: https://repo.maven.apache.org/maven2/com/vladsch/flexmark/flexmark-ext-aside/0.42.14/flexmark-ext-aside-0.42.14.pom
#10 29.16 [INFO] Downloaded from central: https://repo.maven.apache.org/maven2/com/vladsch/flexmark/flexmark-ext-aside/0.42.14/flexmark-ext-aside-0.42.14.pom (1.5 kB at 67 kB/s)
#10 29.16 [INFO] Downloading from central: https://repo.maven.apache.org/maven2/com/vladsch/flexmark/flexmark-jira-converter/0.42.14/flexmark-jira-converter-0.42.14.pom
#10 29.18 [INFO] Downloaded from central: https://repo.maven.apache.org/maven2/com/vladsch/flexmark/flexmark-jira-converter/0.42.14/flexmark-jira-converter-0.42.14.pom (2.1 kB at 96 kB/s)
#10 29.18 [INFO] Downloading from central: https://repo.maven.apache.org/maven2/com/vladsch/flexmark/flexmark-ext-gfm-strikethrough/0.42.14/flexmark-ext-gfm-strikethrough-0.42.14.pom
#10 29.21 [INFO] Downloaded from central: https://repo.maven.apache.org/maven2/com/vladsch/flexmark/flexmark-ext-gfm-strikethrough/0.42.14/flexmark-ext-gfm-strikethrough-0.42.14.pom (1.3 kB at 48 kB/s)
#10 29.22 [INFO] Downloading from central: https://repo.maven.apache.org/maven2/com/vladsch/flexmark/flexmark-ext-tables/0.42.14/flexmark-ext-tables-0.42.14.pom
#10 29.24 [INFO] Downloaded from central: https://repo.maven.apache.org/maven2/com/vladsch/flexmark/flexmark-ext-tables/0.42.14/flexmark-ext-tables-0.42.14.pom (1.5 kB at 57 kB/s)
#10 29.25 [INFO] Downloading from central: https://repo.maven.apache.org/maven2/com/vladsch/flexmark/flexmark-ext-wikilink/0.42.14/flexmark-ext-wikilink-0.42.14.pom
#10 29.27 [INFO] Downloaded from central: https://repo.maven.apache.org/maven2/com/vladsch/flexmark/flexmark-ext-wikilink/0.42.14/flexmark-ext-wikilink-0.42.14.pom (1.5 kB at 68 kB/s)
#10 29.27 [INFO] Downloading from central: https://repo.maven.apache.org/maven2/com/vladsch/flexmark/flexmark-ext-ins/0.42.14/flexmark-ext-ins-0.42.14.pom
#10 29.30 [INFO] Downloaded from central: https://repo.maven.apache.org/maven2/com/vladsch/flexmark/flexmark-ext-ins/0.42.14/flexmark-ext-ins-0.42.14.pom (1.3 kB at 51 kB/s)
#10 29.30 [INFO] Downloading from central: https://repo.maven.apache.org/maven2/com/vladsch/flexmark/flexmark-ext-superscript/0.42.14/flexmark-ext-superscript-0.42.14.pom
#10 29.32 [INFO] Downloaded from central: https://repo.maven.apache.org/maven2/com/vladsch/flexmark/flexmark-ext-superscript/0.42.14/flexmark-ext-superscript-0.42.14.pom (1.3 kB at 52 kB/s)
#10 29.33 [INFO] Downloading from central: https://repo.maven.apache.org/maven2/com/vladsch/flexmark/flexmark-ext-attributes/0.42.14/flexmark-ext-attributes-0.42.14.pom
#10 29.36 [INFO] Downloaded from central: https://repo.maven.apache.org/maven2/com/vladsch/flexmark/flexmark-ext-attributes/0.42.14/flexmark-ext-attributes-0.42.14.pom (2.6 kB at 84 kB/s)
#10 29.36 [INFO] Downloading from central: https://repo.maven.apache.org/maven2/com/vladsch/flexmark/flexmark-ext-definition/0.42.14/flexmark-ext-definition-0.42.14.pom
#10 29.38 [INFO] Downloaded from central: https://repo.maven.apache.org/maven2/com/vladsch/flexmark/flexmark-ext-definition/0.42.14/flexmark-ext-definition-0.42.14.pom (1.3 kB at 59 kB/s)
#10 29.39 [INFO] Downloading from central: https://repo.maven.apache.org/maven2/com/vladsch/flexmark/flexmark-ext-emoji/0.42.14/flexmark-ext-emoji-0.42.14.pom
#10 29.41 [INFO] Downloaded from central: https://repo.maven.apache.org/maven2/com/vladsch/flexmark/flexmark-ext-emoji/0.42.14/flexmark-ext-emoji-0.42.14.pom (1.5 kB at 58 kB/s)
#10 29.42 [INFO] Downloading from central: https://repo.maven.apache.org/maven2/com/vladsch/flexmark/flexmark-ext-enumerated-reference/0.42.14/flexmark-ext-enumerated-reference-0.42.14.pom
#10 29.44 [INFO] Downloaded from central: https://repo.maven.apache.org/maven2/com/vladsch/flexmark/flexmark-ext-enumerated-reference/0.42.14/flexmark-ext-enumerated-reference-0.42.14.pom (1.7 kB at 73 kB/s)
#10 29.44 [INFO] Downloading from central: https://repo.maven.apache.org/maven2/com/vladsch/flexmark/flexmark-ext-escaped-character/0.42.14/flexmark-ext-escaped-character-0.42.14.pom
#10 29.47 [INFO] Downloaded from central: https://repo.maven.apache.org/maven2/com/vladsch/flexmark/flexmark-ext-escaped-character/0.42.14/flexmark-ext-escaped-character-0.42.14.pom (1.3 kB at 42 kB/s)
#10 29.48 [INFO] Downloading from central: https://repo.maven.apache.org/maven2/com/vladsch/flexmark/flexmark-ext-footnotes/0.42.14/flexmark-ext-footnotes-0.42.14.pom
#10 29.50 [INFO] Downloaded from central: https://repo.maven.apache.org/maven2/com/vladsch/flexmark/flexmark-ext-footnotes/0.42.14/flexmark-ext-footnotes-0.42.14.pom (1.3 kB at 58 kB/s)
#10 29.50 [INFO] Downloading from central: https://repo.maven.apache.org/maven2/com/vladsch/flexmark/flexmark-ext-gfm-issues/0.42.14/flexmark-ext-gfm-issues-0.42.14.pom
#10 29.52 [INFO] Downloaded from central: https://repo.maven.apache.org/maven2/com/vladsch/flexmark/flexmark-ext-gfm-issues/0.42.14/flexmark-ext-gfm-issues-0.42.14.pom (1.3 kB at 62 kB/s)
#10 29.53 [INFO] Downloading from central: https://repo.maven.apache.org/maven2/com/vladsch/flexmark/flexmark-ext-gfm-tables/0.42.14/flexmark-ext-gfm-tables-0.42.14.pom
#10 29.55 [INFO] Downloaded from central: https://repo.maven.apache.org/maven2/com/vladsch/flexmark/flexmark-ext-gfm-tables/0.42.14/flexmark-ext-gfm-tables-0.42.14.pom (1.3 kB at 56 kB/s)
#10 29.55 [INFO] Downloading from central: https://repo.maven.apache.org/maven2/com/vladsch/flexmark/flexmark-ext-gfm-tasklist/0.42.14/flexmark-ext-gfm-tasklist-0.42.14.pom
#10 29.57 [INFO] Downloaded from central: https://repo.maven.apache.org/maven2/com/vladsch/flexmark/flexmark-ext-gfm-tasklist/0.42.14/flexmark-ext-gfm-tasklist-0.42.14.pom (1.4 kB at 66 kB/s)
#10 29.58 [INFO] Downloading from central: https://repo.maven.apache.org/maven2/com/vladsch/flexmark/flexmark-ext-gfm-users/0.42.14/flexmark-ext-gfm-users-0.42.14.pom
#10 29.60 [INFO] Downloaded from central: https://repo.maven.apache.org/maven2/com/vladsch/flexmark/flexmark-ext-gfm-users/0.42.14/flexmark-ext-gfm-users-0.42.14.pom (1.3 kB at 50 kB/s)
#10 29.60 [INFO] Downloading from central: https://repo.maven.apache.org/maven2/com/vladsch/flexmark/flexmark-ext-gitlab/0.42.14/flexmark-ext-gitlab-0.42.14.pom
#10 29.63 [INFO] Downloaded from central: https://repo.maven.apache.org/maven2/com/vladsch/flexmark/flexmark-ext-gitlab/0.42.14/flexmark-ext-gitlab-0.42.14.pom (1.3 kB at 53 kB/s)
#10 29.63 [INFO] Downloading from central: https://repo.maven.apache.org/maven2/com/vladsch/flexmark/flexmark-ext-jekyll-front-matter/0.42.14/flexmark-ext-jekyll-front-matter-0.42.14.pom
#10 29.65 [INFO] Downloaded from central: https://repo.maven.apache.org/maven2/com/vladsch/flexmark/flexmark-ext-jekyll-front-matter/0.42.14/flexmark-ext-jekyll-front-matter-0.42.14.pom (1.5 kB at 62 kB/s)
#10 29.66 [INFO] Downloading from central: https://repo.maven.apache.org/maven2/com/vladsch/flexmark/flexmark-ext-yaml-front-matter/0.42.14/flexmark-ext-yaml-front-matter-0.42.14.pom
#10 29.68 [INFO] Downloaded from central: https://repo.maven.apache.org/maven2/com/vladsch/flexmark/flexmark-ext-yaml-front-matter/0.42.14/flexmark-ext-yaml-front-matter-0.42.14.pom (1.3 kB at 57 kB/s)
#10 29.68 [INFO] Downloading from central: https://repo.maven.apache.org/maven2/com/vladsch/flexmark/flexmark-ext-jekyll-tag/0.42.14/flexmark-ext-jekyll-tag-0.42.14.pom
#10 29.70 [INFO] Downloaded from central: https://repo.maven.apache.org/maven2/com/vladsch/flexmark/flexmark-ext-jekyll-tag/0.42.14/flexmark-ext-jekyll-tag-0.42.14.pom (1.3 kB at 62 kB/s)
#10 29.70 [INFO] Downloading from central: https://repo.maven.apache.org/maven2/com/vladsch/flexmark/flexmark-ext-media-tags/0.42.14/flexmark-ext-media-tags-0.42.14.pom
#10 29.72 [INFO] Downloaded from central: https://repo.maven.apache.org/maven2/com/vladsch/flexmark/flexmark-ext-media-tags/0.42.14/flexmark-ext-media-tags-0.42.14.pom (1.0 kB at 51 kB/s)
#10 29.72 [INFO] Downloading from central: https://repo.maven.apache.org/maven2/com/vladsch/flexmark/flexmark-ext-macros/0.42.14/flexmark-ext-macros-0.42.14.pom
#10 29.75 [INFO] Downloaded from central: https://repo.maven.apache.org/maven2/com/vladsch/flexmark/flexmark-ext-macros/0.42.14/flexmark-ext-macros-0.42.14.pom (1.6 kB at 74 kB/s)
#10 29.75 [INFO] Downloading from central: https://repo.maven.apache.org/maven2/com/vladsch/flexmark/flexmark-ext-xwiki-macros/0.42.14/flexmark-ext-xwiki-macros-0.42.14.pom
#10 29.77 [INFO] Downloaded from central: https://repo.maven.apache.org/maven2/com/vladsch/flexmark/flexmark-ext-xwiki-macros/0.42.14/flexmark-ext-xwiki-macros-0.42.14.pom (1.3 kB at 64 kB/s)
#10 29.77 [INFO] Downloading from central: https://repo.maven.apache.org/maven2/com/vladsch/flexmark/flexmark-ext-toc/0.42.14/flexmark-ext-toc-0.42.14.pom
#10 29.80 [INFO] Downloaded from central: https://repo.maven.apache.org/maven2/com/vladsch/flexmark/flexmark-ext-toc/0.42.14/flexmark-ext-toc-0.42.14.pom (1.5 kB at 54 kB/s)
#10 29.80 [INFO] Downloading from central: https://repo.maven.apache.org/maven2/com/vladsch/flexmark/flexmark-ext-typographic/0.42.14/flexmark-ext-typographic-0.42.14.pom
#10 29.83 [INFO] Downloaded from central: https://repo.maven.apache.org/maven2/com/vladsch/flexmark/flexmark-ext-typographic/0.42.14/flexmark-ext-typographic-0.42.14.pom (1.3 kB at 45 kB/s)
#10 29.83 [INFO] Downloading from central: https://repo.maven.apache.org/maven2/com/vladsch/flexmark/flexmark-ext-youtube-embedded/0.42.14/flexmark-ext-youtube-embedded-0.42.14.pom
#10 29.85 [INFO] Downloaded from central: https://repo.maven.apache.org/maven2/com/vladsch/flexmark/flexmark-ext-youtube-embedded/0.42.14/flexmark-ext-youtube-embedded-0.42.14.pom (883 B at 42 kB/s)
#10 29.85 [INFO] Downloading from central: https://repo.maven.apache.org/maven2/com/vladsch/flexmark/flexmark-html-parser/0.42.14/flexmark-html-parser-0.42.14.pom
#10 29.87 [INFO] Downloaded from central: https://repo.maven.apache.org/maven2/com/vladsch/flexmark/flexmark-html-parser/0.42.14/flexmark-html-parser-0.42.14.pom (1.5 kB at 73 kB/s)
#10 29.87 [INFO] Downloading from central: https://repo.maven.apache.org/maven2/org/jsoup/jsoup/1.10.2/jsoup-1.10.2.pom
#10 29.90 [INFO] Downloaded from central: https://repo.maven.apache.org/maven2/org/jsoup/jsoup/1.10.2/jsoup-1.10.2.pom (7.3 kB at 304 kB/s)
#10 29.90 [INFO] Downloading from central: https://repo.maven.apache.org/maven2/com/vladsch/flexmark/flexmark-profile-pegdown/0.42.14/flexmark-profile-pegdown-0.42.14.pom
#10 29.92 [INFO] Downloaded from central: https://repo.maven.apache.org/maven2/com/vladsch/flexmark/flexmark-profile-pegdown/0.42.14/flexmark-profile-pegdown-0.42.14.pom (4.0 kB at 175 kB/s)
#10 29.93 [INFO] Downloading from central: https://repo.maven.apache.org/maven2/com/vladsch/flexmark/flexmark-youtrack-converter/0.42.14/flexmark-youtrack-converter-0.42.14.pom
#10 29.95 [INFO] Downloaded from central: https://repo.maven.apache.org/maven2/com/vladsch/flexmark/flexmark-youtrack-converter/0.42.14/flexmark-youtrack-converter-0.42.14.pom (1.7 kB at 76 kB/s)
#10 29.95 [INFO] Downloading from central: https://repo.maven.apache.org/maven2/org/apache/maven/doxia/doxia-module-confluence/1.11.1/doxia-module-confluence-1.11.1.pom
#10 29.98 [INFO] Downloaded from central: https://repo.maven.apache.org/maven2/org/apache/maven/doxia/doxia-module-confluence/1.11.1/doxia-module-confluence-1.11.1.pom (2.2 kB at 87 kB/s)
#10 29.98 [INFO] Downloading from central: https://repo.maven.apache.org/maven2/org/apache/maven/doxia/doxia-module-docbook-simple/1.11.1/doxia-module-docbook-simple-1.11.1.pom
#10 30.03 [INFO] Downloaded from central: https://repo.maven.apache.org/maven2/org/apache/maven/doxia/doxia-module-docbook-simple/1.11.1/doxia-module-docbook-simple-1.11.1.pom (2.0 kB at 43 kB/s)
#10 30.04 [INFO] Downloading from central: https://repo.maven.apache.org/maven2/org/apache/maven/doxia/doxia-module-twiki/1.11.1/doxia-module-twiki-1.11.1.pom
#10 30.06 [INFO] Downloaded from central: https://repo.maven.apache.org/maven2/org/apache/maven/doxia/doxia-module-twiki/1.11.1/doxia-module-twiki-1.11.1.pom (2.1 kB at 88 kB/s)
#10 30.06 [INFO] Downloading from central: https://repo.maven.apache.org/maven2/org/apache/maven/doxia/doxia-decoration-model/1.11.1/doxia-decoration-model-1.11.1.pom
#10 30.09 [INFO] Downloaded from central: https://repo.maven.apache.org/maven2/org/apache/maven/doxia/doxia-decoration-model/1.11.1/doxia-decoration-model-1.11.1.pom (3.4 kB at 162 kB/s)
#10 30.09 [INFO] Downloading from central: https://repo.maven.apache.org/maven2/org/apache/maven/doxia/doxia-sitetools/1.11.1/doxia-sitetools-1.11.1.pom
#10 30.11 [INFO] Downloaded from central: https://repo.maven.apache.org/maven2/org/apache/maven/doxia/doxia-sitetools/1.11.1/doxia-sitetools-1.11.1.pom (14 kB at 523 kB/s)
#10 30.11 [INFO] Downloading from central: https://repo.maven.apache.org/maven2/org/apache/maven/doxia/doxia-site-renderer/1.11.1/doxia-site-renderer-1.11.1.pom
#10 30.14 [INFO] Downloaded from central: https://repo.maven.apache.org/maven2/org/apache/maven/doxia/doxia-site-renderer/1.11.1/doxia-site-renderer-1.11.1.pom (7.7 kB at 366 kB/s)
#10 30.14 [INFO] Downloading from central: https://repo.maven.apache.org/maven2/org/apache/maven/maven-artifact/3.0/maven-artifact-3.0.pom
#10 30.16 [INFO] Downloaded from central: https://repo.maven.apache.org/maven2/org/apache/maven/maven-artifact/3.0/maven-artifact-3.0.pom (1.9 kB at 101 kB/s)
#10 30.16 [INFO] Downloading from central: https://repo.maven.apache.org/maven2/org/apache/maven/doxia/doxia-skin-model/1.11.1/doxia-skin-model-1.11.1.pom
#10 30.18 [INFO] Downloaded from central: https://repo.maven.apache.org/maven2/org/apache/maven/doxia/doxia-skin-model/1.11.1/doxia-skin-model-1.11.1.pom (3.0 kB at 145 kB/s)
#10 30.18 [INFO] Downloading from central: https://repo.maven.apache.org/maven2/org/codehaus/plexus/plexus-container-default/1.0-alpha-30/plexus-container-default-1.0-alpha-30.pom
#10 30.20 [INFO] Downloaded from central: https://repo.maven.apache.org/maven2/org/codehaus/plexus/plexus-container-default/1.0-alpha-30/plexus-container-default-1.0-alpha-30.pom (3.5 kB at 174 kB/s)
#10 30.21 [INFO] Downloading from central: https://repo.maven.apache.org/maven2/org/codehaus/plexus/plexus-containers/1.0-alpha-30/plexus-containers-1.0-alpha-30.pom
#10 30.23 [INFO] Downloaded from central: https://repo.maven.apache.org/maven2/org/codehaus/plexus/plexus-containers/1.0-alpha-30/plexus-containers-1.0-alpha-30.pom (1.9 kB at 90 kB/s)
#10 30.23 [INFO] Downloading from central: https://repo.maven.apache.org/maven2/org/codehaus/plexus/plexus/1.0.11/plexus-1.0.11.pom
#10 30.26 [INFO] Downloaded from central: https://repo.maven.apache.org/maven2/org/codehaus/plexus/plexus/1.0.11/plexus-1.0.11.pom (9.0 kB at 332 kB/s)
#10 30.26 [INFO] Downloading from central: https://repo.maven.apache.org/maven2/org/codehaus/plexus/plexus-classworlds/1.2-alpha-9/plexus-classworlds-1.2-alpha-9.pom
#10 30.29 [INFO] Downloaded from central: https://repo.maven.apache.org/maven2/org/codehaus/plexus/plexus-classworlds/1.2-alpha-9/plexus-classworlds-1.2-alpha-9.pom (3.2 kB at 146 kB/s)
#10 30.29 [INFO] Downloading from central: https://repo.maven.apache.org/maven2/junit/junit/3.8.1/junit-3.8.1.pom
#10 30.31 [INFO] Downloaded from central: https://repo.maven.apache.org/maven2/junit/junit/3.8.1/junit-3.8.1.pom (998 B at 48 kB/s)
#10 30.31 [INFO] Downloading from central: https://repo.maven.apache.org/maven2/org/codehaus/plexus/plexus-velocity/1.2/plexus-velocity-1.2.pom
#10 30.33 [INFO] Downloaded from central: https://repo.maven.apache.org/maven2/org/codehaus/plexus/plexus-velocity/1.2/plexus-velocity-1.2.pom (2.8 kB at 118 kB/s)
#10 30.34 [INFO] Downloading from central: https://repo.maven.apache.org/maven2/org/codehaus/plexus/plexus-components/4.0/plexus-components-4.0.pom
#10 30.36 [INFO] Downloaded from central: https://repo.maven.apache.org/maven2/org/codehaus/plexus/plexus-components/4.0/plexus-components-4.0.pom (2.7 kB at 121 kB/s)
#10 30.36 [INFO] Downloading from central: https://repo.maven.apache.org/maven2/org/codehaus/plexus/plexus/4.0/plexus-4.0.pom
#10 30.38 [INFO] Downloaded from central: https://repo.maven.apache.org/maven2/org/codehaus/plexus/plexus/4.0/plexus-4.0.pom (22 kB at 977 kB/s)
#10 30.38 [INFO] Downloading from central: https://repo.maven.apache.org/maven2/org/codehaus/plexus/plexus-container-default/1.0-alpha-9-stable-1/plexus-container-default-1.0-alpha-9-stable-1.pom
#10 30.41 [INFO] Downloaded from central: https://repo.maven.apache.org/maven2/org/codehaus/plexus/plexus-container-default/1.0-alpha-9-stable-1/plexus-container-default-1.0-alpha-9-stable-1.pom (3.9 kB at 132 kB/s)
#10 30.41 [INFO] Downloading from central: https://repo.maven.apache.org/maven2/org/codehaus/plexus/plexus-containers/1.0.3/plexus-containers-1.0.3.pom
#10 30.44 [INFO] Downloaded from central: https://repo.maven.apache.org/maven2/org/codehaus/plexus/plexus-containers/1.0.3/plexus-containers-1.0.3.pom (492 B at 22 kB/s)
#10 30.44 [INFO] Downloading from central: https://repo.maven.apache.org/maven2/org/codehaus/plexus/plexus/1.0.4/plexus-1.0.4.pom
#10 30.46 [INFO] Downloaded from central: https://repo.maven.apache.org/maven2/org/codehaus/plexus/plexus/1.0.4/plexus-1.0.4.pom (5.7 kB at 261 kB/s)
#10 30.46 [INFO] Downloading from central: https://repo.maven.apache.org/maven2/classworlds/classworlds/1.1-alpha-2/classworlds-1.1-alpha-2.pom
#10 30.48 [INFO] Downloaded from central: https://repo.maven.apache.org/maven2/classworlds/classworlds/1.1-alpha-2/classworlds-1.1-alpha-2.pom (3.1 kB at 136 kB/s)
#10 30.49 [INFO] Downloading from central: https://repo.maven.apache.org/maven2/commons-collections/commons-collections/3.1/commons-collections-3.1.pom
#10 30.51 [INFO] Downloaded from central: https://repo.maven.apache.org/maven2/commons-collections/commons-collections/3.1/commons-collections-3.1.pom (6.1 kB at 277 kB/s)
#10 30.51 [INFO] Downloading from central: https://repo.maven.apache.org/maven2/org/apache/velocity/velocity/1.7/velocity-1.7.pom
#10 30.53 [INFO] Downloaded from central: https://repo.maven.apache.org/maven2/org/apache/velocity/velocity/1.7/velocity-1.7.pom (11 kB at 434 kB/s)
#10 30.53 [INFO] Downloading from central: https://repo.maven.apache.org/maven2/commons-collections/commons-collections/3.2.1/commons-collections-3.2.1.pom
#10 30.56 [INFO] Downloaded from central: https://repo.maven.apache.org/maven2/commons-collections/commons-collections/3.2.1/commons-collections-3.2.1.pom (13 kB at 568 kB/s)
#10 30.56 [INFO] Downloading from central: https://repo.maven.apache.org/maven2/org/apache/commons/commons-parent/9/commons-parent-9.pom
#10 30.58 [INFO] Downloaded from central: https://repo.maven.apache.org/maven2/org/apache/commons/commons-parent/9/commons-parent-9.pom (22 kB at 914 kB/s)
#10 30.59 [INFO] Downloading from central: https://repo.maven.apache.org/maven2/commons-lang/commons-lang/2.4/commons-lang-2.4.pom
#10 30.62 [INFO] Downloaded from central: https://repo.maven.apache.org/maven2/commons-lang/commons-lang/2.4/commons-lang-2.4.pom (14 kB at 482 kB/s)
#10 30.62 [INFO] Downloading from central: https://repo.maven.apache.org/maven2/org/apache/velocity/velocity-tools/2.0/velocity-tools-2.0.pom
#10 30.65 [INFO] Downloaded from central: https://repo.maven.apache.org/maven2/org/apache/velocity/velocity-tools/2.0/velocity-tools-2.0.pom (18 kB at 569 kB/s)
#10 30.66 [INFO] Downloading from central: https://repo.maven.apache.org/maven2/commons-beanutils/commons-beanutils/1.7.0/commons-beanutils-1.7.0.pom
#10 30.68 [INFO] Downloaded from central: https://repo.maven.apache.org/maven2/commons-beanutils/commons-beanutils/1.7.0/commons-beanutils-1.7.0.pom (357 B at 17 kB/s)
#10 30.68 [INFO] Downloading from central: https://repo.maven.apache.org/maven2/commons-logging/commons-logging/1.0.3/commons-logging-1.0.3.pom
#10 30.72 [INFO] Downloaded from central: https://repo.maven.apache.org/maven2/commons-logging/commons-logging/1.0.3/commons-logging-1.0.3.pom (866 B at 25 kB/s)
#10 30.72 [INFO] Downloading from central: https://repo.maven.apache.org/maven2/commons-digester/commons-digester/1.8/commons-digester-1.8.pom
#10 30.75 [INFO] Downloaded from central: https://repo.maven.apache.org/maven2/commons-digester/commons-digester/1.8/commons-digester-1.8.pom (7.0 kB at 259 kB/s)
#10 30.75 [INFO] Downloading from central: https://repo.maven.apache.org/maven2/commons-logging/commons-logging/1.1/commons-logging-1.1.pom
#10 30.78 [INFO] Downloaded from central: https://repo.maven.apache.org/maven2/commons-logging/commons-logging/1.1/commons-logging-1.1.pom (6.2 kB at 247 kB/s)
#10 30.78 [INFO] Downloading from central: https://repo.maven.apache.org/maven2/log4j/log4j/1.2.12/log4j-1.2.12.pom
#10 30.80 [INFO] Downloaded from central: https://repo.maven.apache.org/maven2/log4j/log4j/1.2.12/log4j-1.2.12.pom (145 B at 6.3 kB/s)
#10 30.80 [INFO] Downloading from central: https://repo.maven.apache.org/maven2/logkit/logkit/1.0.1/logkit-1.0.1.pom
#10 30.83 [INFO] Downloaded from central: https://repo.maven.apache.org/maven2/logkit/logkit/1.0.1/logkit-1.0.1.pom (147 B at 6.1 kB/s)
#10 30.83 [INFO] Downloading from central: https://repo.maven.apache.org/maven2/avalon-framework/avalon-framework/4.1.3/avalon-framework-4.1.3.pom
#10 30.85 [INFO] Downloaded from central: https://repo.maven.apache.org/maven2/avalon-framework/avalon-framework/4.1.3/avalon-framework-4.1.3.pom (167 B at 8.0 kB/s)
#10 30.85 [INFO] Downloading from central: https://repo.maven.apache.org/maven2/commons-chain/commons-chain/1.1/commons-chain-1.1.pom
#10 30.87 [INFO] Downloaded from central: https://repo.maven.apache.org/maven2/commons-chain/commons-chain/1.1/commons-chain-1.1.pom (6.0 kB at 261 kB/s)
#10 30.88 [INFO] Downloading from central: https://repo.maven.apache.org/maven2/commons-digester/commons-digester/1.6/commons-digester-1.6.pom
#10 30.90 [INFO] Downloaded from central: https://repo.maven.apache.org/maven2/commons-digester/commons-digester/1.6/commons-digester-1.6.pom (974 B at 44 kB/s)
#10 30.90 [INFO] Downloading from central: https://repo.maven.apache.org/maven2/commons-beanutils/commons-beanutils/1.6/commons-beanutils-1.6.pom
#10 30.92 [INFO] Downloaded from central: https://repo.maven.apache.org/maven2/commons-beanutils/commons-beanutils/1.6/commons-beanutils-1.6.pom (2.3 kB at 110 kB/s)
#10 30.92 [INFO] Downloading from central: https://repo.maven.apache.org/maven2/commons-logging/commons-logging/1.0/commons-logging-1.0.pom
#10 30.95 [INFO] Downloaded from central: https://repo.maven.apache.org/maven2/commons-logging/commons-logging/1.0/commons-logging-1.0.pom (163 B at 7.8 kB/s)
#10 30.95 [INFO] Downloading from central: https://repo.maven.apache.org/maven2/commons-collections/commons-collections/2.0/commons-collections-2.0.pom
#10 31.04 [INFO] Downloaded from central: https://repo.maven.apache.org/maven2/commons-collections/commons-collections/2.0/commons-collections-2.0.pom (171 B at 1.9 kB/s)
#10 31.04 [INFO] Downloading from central: https://repo.maven.apache.org/maven2/commons-collections/commons-collections/2.1/commons-collections-2.1.pom
#10 31.06 [INFO] Downloaded from central: https://repo.maven.apache.org/maven2/commons-collections/commons-collections/2.1/commons-collections-2.1.pom (3.3 kB at 152 kB/s)
#10 31.06 [INFO] Downloading from central: https://repo.maven.apache.org/maven2/xml-apis/xml-apis/1.0.b2/xml-apis-1.0.b2.pom
#10 31.09 [INFO] Downloaded from central: https://repo.maven.apache.org/maven2/xml-apis/xml-apis/1.0.b2/xml-apis-1.0.b2.pom (2.2 kB at 90 kB/s)
#10 31.09 [INFO] Downloading from central: https://repo.maven.apache.org/maven2/commons-collections/commons-collections/3.2/commons-collections-3.2.pom
#10 31.12 [INFO] Downloaded from central: https://repo.maven.apache.org/maven2/commons-collections/commons-collections/3.2/commons-collections-3.2.pom (11 kB at 424 kB/s)
#10 31.12 [INFO] Downloading from central: https://repo.maven.apache.org/maven2/dom4j/dom4j/1.1/dom4j-1.1.pom
#10 31.15 [INFO] Downloaded from central: https://repo.maven.apache.org/maven2/dom4j/dom4j/1.1/dom4j-1.1.pom (142 B at 5.7 kB/s)
#10 31.15 [INFO] Downloading from central: https://repo.maven.apache.org/maven2/oro/oro/2.0.8/oro-2.0.8.pom
#10 31.17 [INFO] Downloaded from central: https://repo.maven.apache.org/maven2/oro/oro/2.0.8/oro-2.0.8.pom (140 B at 6.7 kB/s)
#10 31.17 [INFO] Downloading from central: https://repo.maven.apache.org/maven2/org/apache/velocity/velocity/1.6.2/velocity-1.6.2.pom
#10 31.20 [INFO] Downloaded from central: https://repo.maven.apache.org/maven2/org/apache/velocity/velocity/1.6.2/velocity-1.6.2.pom (11 kB at 366 kB/s)
#10 31.20 [INFO] Downloading from central: https://repo.maven.apache.org/maven2/org/apache/maven/doxia/doxia-integration-tools/1.11.1/doxia-integration-tools-1.11.1.pom
#10 31.22 [INFO] Downloaded from central: https://repo.maven.apache.org/maven2/org/apache/maven/doxia/doxia-integration-tools/1.11.1/doxia-integration-tools-1.11.1.pom (6.0 kB at 288 kB/s)
#10 31.23 [INFO] Downloading from central: https://repo.maven.apache.org/maven2/org/apache/maven/reporting/maven-reporting-api/3.0/maven-reporting-api-3.0.pom
#10 31.25 [INFO] Downloaded from central: https://repo.maven.apache.org/maven2/org/apache/maven/reporting/maven-reporting-api/3.0/maven-reporting-api-3.0.pom (2.4 kB at 108 kB/s)
#10 31.25 [INFO] Downloading from central: https://repo.maven.apache.org/maven2/org/apache/maven/shared/maven-shared-components/15/maven-shared-components-15.pom
#10 31.28 [INFO] Downloaded from central: https://repo.maven.apache.org/maven2/org/apache/maven/shared/maven-shared-components/15/maven-shared-components-15.pom (9.3 kB at 406 kB/s)
#10 31.28 [INFO] Downloading from central: https://repo.maven.apache.org/maven2/org/apache/maven/maven-parent/16/maven-parent-16.pom
#10 31.31 [INFO] Downloaded from central: https://repo.maven.apache.org/maven2/org/apache/maven/maven-parent/16/maven-parent-16.pom (23 kB at 629 kB/s)
#10 31.32 [INFO] Downloading from central: https://repo.maven.apache.org/maven2/org/apache/maven/doxia/doxia-sink-api/1.0/doxia-sink-api-1.0.pom
#10 31.34 [INFO] Downloaded from central: https://repo.maven.apache.org/maven2/org/apache/maven/doxia/doxia-sink-api/1.0/doxia-sink-api-1.0.pom (1.4 kB at 60 kB/s)
#10 31.34 [INFO] Downloading from central: https://repo.maven.apache.org/maven2/org/apache/maven/doxia/doxia/1.0/doxia-1.0.pom
#10 31.37 [INFO] Downloaded from central: https://repo.maven.apache.org/maven2/org/apache/maven/doxia/doxia/1.0/doxia-1.0.pom (9.6 kB at 419 kB/s)
#10 31.37 [INFO] Downloading from central: https://repo.maven.apache.org/maven2/org/apache/maven/maven-parent/10/maven-parent-10.pom
#10 31.40 [INFO] Downloaded from central: https://repo.maven.apache.org/maven2/org/apache/maven/maven-parent/10/maven-parent-10.pom (32 kB at 1.2 MB/s)
#10 31.40 [INFO] Downloading from central: https://repo.maven.apache.org/maven2/org/apache/maven/maven-artifact/2.2.1/maven-artifact-2.2.1.pom
#10 31.42 [INFO] Downloaded from central: https://repo.maven.apache.org/maven2/org/apache/maven/maven-artifact/2.2.1/maven-artifact-2.2.1.pom (1.6 kB at 69 kB/s)
#10 31.43 [INFO] Downloading from central: https://repo.maven.apache.org/maven2/org/apache/maven/maven/2.2.1/maven-2.2.1.pom
#10 31.45 [INFO] Downloaded from central: https://repo.maven.apache.org/maven2/org/apache/maven/maven/2.2.1/maven-2.2.1.pom (22 kB at 974 kB/s)
#10 31.45 [INFO] Downloading from central: https://repo.maven.apache.org/maven2/org/apache/maven/maven-parent/11/maven-parent-11.pom
#10 31.47 [INFO] Downloaded from central: https://repo.maven.apache.org/maven2/org/apache/maven/maven-parent/11/maven-parent-11.pom (32 kB at 1.4 MB/s)
#10 31.48 [INFO] Downloading from central: https://repo.maven.apache.org/maven2/org/apache/apache/5/apache-5.pom
#10 31.50 [INFO] Downloaded from central: https://repo.maven.apache.org/maven2/org/apache/apache/5/apache-5.pom (4.1 kB at 171 kB/s)
#10 31.50 [INFO] Downloading from central: https://repo.maven.apache.org/maven2/org/apache/maven/maven-model/2.2.1/maven-model-2.2.1.pom
#10 31.53 [INFO] Downloaded from central: https://repo.maven.apache.org/maven2/org/apache/maven/maven-model/2.2.1/maven-model-2.2.1.pom (3.2 kB at 135 kB/s)
#10 31.53 [INFO] Downloading from central: https://repo.maven.apache.org/maven2/org/apache/maven/maven-plugin-api/2.2.1/maven-plugin-api-2.2.1.pom
#10 31.55 [INFO] Downloaded from central: https://repo.maven.apache.org/maven2/org/apache/maven/maven-plugin-api/2.2.1/maven-plugin-api-2.2.1.pom (1.5 kB at 66 kB/s)
#10 31.56 [INFO] Downloading from central: https://repo.maven.apache.org/maven2/org/eclipse/jetty/jetty-server/9.4.46.v20220331/jetty-server-9.4.46.v20220331.pom
#10 31.58 [INFO] Downloaded from central: https://repo.maven.apache.org/maven2/org/eclipse/jetty/jetty-server/9.4.46.v20220331/jetty-server-9.4.46.v20220331.pom (3.4 kB at 137 kB/s)
#10 31.58 [INFO] Downloading from central: https://repo.maven.apache.org/maven2/org/eclipse/jetty/jetty-project/9.4.46.v20220331/jetty-project-9.4.46.v20220331.pom
#10 31.62 [INFO] Downloaded from central: https://repo.maven.apache.org/maven2/org/eclipse/jetty/jetty-project/9.4.46.v20220331/jetty-project-9.4.46.v20220331.pom (71 kB at 2.0 MB/s)
#10 31.63 [INFO] Downloading from central: https://repo.maven.apache.org/maven2/org/junit/junit-bom/5.8.2/junit-bom-5.8.2.pom
#10 31.65 [INFO] Downloaded from central: https://repo.maven.apache.org/maven2/org/junit/junit-bom/5.8.2/junit-bom-5.8.2.pom (5.6 kB at 235 kB/s)
#10 31.65 [INFO] Downloading from central: https://repo.maven.apache.org/maven2/org/testcontainers/testcontainers-bom/1.16.1/testcontainers-bom-1.16.1.pom
#10 31.68 [INFO] Downloaded from central: https://repo.maven.apache.org/maven2/org/testcontainers/testcontainers-bom/1.16.1/testcontainers-bom-1.16.1.pom (7.2 kB at 249 kB/s)
#10 31.68 [INFO] Downloading from central: https://repo.maven.apache.org/maven2/org/infinispan/infinispan-bom/11.0.15.Final/infinispan-bom-11.0.15.Final.pom
#10 31.70 [INFO] Downloaded from central: https://repo.maven.apache.org/maven2/org/infinispan/infinispan-bom/11.0.15.Final/infinispan-bom-11.0.15.Final.pom (19 kB at 818 kB/s)
#10 31.71 [INFO] Downloading from central: https://repo.maven.apache.org/maven2/org/infinispan/infinispan-build-configuration-parent/11.0.15.Final/infinispan-build-configuration-parent-11.0.15.Final.pom
#10 31.73 [INFO] Downloaded from central: https://repo.maven.apache.org/maven2/org/infinispan/infinispan-build-configuration-parent/11.0.15.Final/infinispan-build-configuration-parent-11.0.15.Final.pom (13 kB at 532 kB/s)
#10 31.73 [INFO] Downloading from central: https://repo.maven.apache.org/maven2/org/jboss/jboss-parent/36/jboss-parent-36.pom
#10 31.76 [INFO] Downloaded from central: https://repo.maven.apache.org/maven2/org/jboss/jboss-parent/36/jboss-parent-36.pom (66 kB at 2.6 MB/s)
#10 31.77 [INFO] Downloading from central: https://repo.maven.apache.org/maven2/javax/servlet/javax.servlet-api/3.1.0/javax.servlet-api-3.1.0.pom
#10 31.79 [INFO] Downloaded from central: https://repo.maven.apache.org/maven2/javax/servlet/javax.servlet-api/3.1.0/javax.servlet-api-3.1.0.pom (14 kB at 501 kB/s)
#10 31.79 [INFO] Downloading from central: https://repo.maven.apache.org/maven2/org/eclipse/jetty/jetty-http/9.4.46.v20220331/jetty-http-9.4.46.v20220331.pom
#10 31.82 [INFO] Downloaded from central: https://repo.maven.apache.org/maven2/org/eclipse/jetty/jetty-http/9.4.46.v20220331/jetty-http-9.4.46.v20220331.pom (4.0 kB at 175 kB/s)
#10 31.82 [INFO] Downloading from central: https://repo.maven.apache.org/maven2/org/eclipse/jetty/jetty-util/9.4.46.v20220331/jetty-util-9.4.46.v20220331.pom
#10 31.84 [INFO] Downloaded from central: https://repo.maven.apache.org/maven2/org/eclipse/jetty/jetty-util/9.4.46.v20220331/jetty-util-9.4.46.v20220331.pom (4.0 kB at 183 kB/s)
#10 31.84 [INFO] Downloading from central: https://repo.maven.apache.org/maven2/org/eclipse/jetty/jetty-io/9.4.46.v20220331/jetty-io-9.4.46.v20220331.pom
#10 31.86 [INFO] Downloaded from central: https://repo.maven.apache.org/maven2/org/eclipse/jetty/jetty-io/9.4.46.v20220331/jetty-io-9.4.46.v20220331.pom (1.2 kB at 62 kB/s)
#10 31.86 [INFO] Downloading from central: https://repo.maven.apache.org/maven2/org/eclipse/jetty/jetty-servlet/9.4.46.v20220331/jetty-servlet-9.4.46.v20220331.pom
#10 31.89 [INFO] Downloaded from central: https://repo.maven.apache.org/maven2/org/eclipse/jetty/jetty-servlet/9.4.46.v20220331/jetty-servlet-9.4.46.v20220331.pom (2.3 kB at 99 kB/s)
#10 31.89 [INFO] Downloading from central: https://repo.maven.apache.org/maven2/org/eclipse/jetty/jetty-security/9.4.46.v20220331/jetty-security-9.4.46.v20220331.pom
#10 31.92 [INFO] Downloaded from central: https://repo.maven.apache.org/maven2/org/eclipse/jetty/jetty-security/9.4.46.v20220331/jetty-security-9.4.46.v20220331.pom (2.1 kB at 78 kB/s)
#10 31.92 [INFO] Downloading from central: https://repo.maven.apache.org/maven2/org/eclipse/jetty/jetty-util-ajax/9.4.46.v20220331/jetty-util-ajax-9.4.46.v20220331.pom
#10 31.95 [INFO] Downloaded from central: https://repo.maven.apache.org/maven2/org/eclipse/jetty/jetty-util-ajax/9.4.46.v20220331/jetty-util-ajax-9.4.46.v20220331.pom (1.3 kB at 50 kB/s)
#10 31.95 [INFO] Downloading from central: https://repo.maven.apache.org/maven2/org/eclipse/jetty/jetty-webapp/9.4.46.v20220331/jetty-webapp-9.4.46.v20220331.pom
#10 31.97 [INFO] Downloaded from central: https://repo.maven.apache.org/maven2/org/eclipse/jetty/jetty-webapp/9.4.46.v20220331/jetty-webapp-9.4.46.v20220331.pom (3.2 kB at 132 kB/s)
#10 31.97 [INFO] Downloading from central: https://repo.maven.apache.org/maven2/org/eclipse/jetty/jetty-xml/9.4.46.v20220331/jetty-xml-9.4.46.v20220331.pom
#10 32.00 [INFO] Downloaded from central: https://repo.maven.apache.org/maven2/org/eclipse/jetty/jetty-xml/9.4.46.v20220331/jetty-xml-9.4.46.v20220331.pom (1.7 kB at 76 kB/s)
#10 32.01 [INFO] Downloading from central: https://repo.maven.apache.org/maven2/org/apache/maven/reporting/maven-reporting-api/3.1.1/maven-reporting-api-3.1.1.jar
#10 32.04 [INFO] Downloaded from central: https://repo.maven.apache.org/maven2/org/apache/maven/reporting/maven-reporting-api/3.1.1/maven-reporting-api-3.1.1.jar (11 kB at 364 kB/s)
#10 32.04 [INFO] Downloading from central: https://repo.maven.apache.org/maven2/org/apache/maven/reporting/maven-reporting-exec/1.6.0/maven-reporting-exec-1.6.0.jar
#10 32.04 [INFO] Downloading from central: https://repo.maven.apache.org/maven2/org/apache/maven/maven-artifact/3.2.5/maven-artifact-3.2.5.jar
#10 32.04 [INFO] Downloading from central: https://repo.maven.apache.org/maven2/org/apache/maven/maven-core/3.2.5/maven-core-3.2.5.jar
#10 32.04 [INFO] Downloading from central: https://repo.maven.apache.org/maven2/org/apache/maven/maven-repository-metadata/3.2.5/maven-repository-metadata-3.2.5.jar
#10 32.04 [INFO] Downloading from central: https://repo.maven.apache.org/maven2/org/apache/maven/maven-model-builder/3.2.5/maven-model-builder-3.2.5.jar
#10 32.07 [INFO] Downloaded from central: https://repo.maven.apache.org/maven2/org/apache/maven/reporting/maven-reporting-exec/1.6.0/maven-reporting-exec-1.6.0.jar (31 kB at 1.4 MB/s)
#10 32.07 [INFO] Downloading from central: https://repo.maven.apache.org/maven2/org/apache/maven/maven-aether-provider/3.2.5/maven-aether-provider-3.2.5.jar
#10 32.08 [INFO] Downloaded from central: https://repo.maven.apache.org/maven2/org/apache/maven/maven-repository-metadata/3.2.5/maven-repository-metadata-3.2.5.jar (26 kB at 702 kB/s)
#10 32.08 [INFO] Downloading from central: https://repo.maven.apache.org/maven2/org/eclipse/aether/aether-spi/1.0.0.v20140518/aether-spi-1.0.0.v20140518.jar
#10 32.12 [INFO] Downloaded from central: https://repo.maven.apache.org/maven2/org/apache/maven/maven-aether-provider/3.2.5/maven-aether-provider-3.2.5.jar (66 kB at 822 kB/s)
#10 32.12 [INFO] Downloading from central: https://repo.maven.apache.org/maven2/org/eclipse/aether/aether-impl/1.0.0.v20140518/aether-impl-1.0.0.v20140518.jar
#10 32.13 [INFO] Downloaded from central: https://repo.maven.apache.org/maven2/org/apache/maven/maven-model-builder/3.2.5/maven-model-builder-3.2.5.jar (170 kB at 1.9 MB/s)
#10 32.13 [INFO] Downloading from central: https://repo.maven.apache.org/maven2/org/eclipse/aether/aether-api/1.0.0.v20140518/aether-api-1.0.0.v20140518.jar
#10 32.14 [INFO] Downloaded from central: https://repo.maven.apache.org/maven2/org/eclipse/aether/aether-spi/1.0.0.v20140518/aether-spi-1.0.0.v20140518.jar (31 kB at 317 kB/s)
#10 32.14 [INFO] Downloading from central: https://repo.maven.apache.org/maven2/org/eclipse/sisu/org.eclipse.sisu.plexus/0.3.5/org.eclipse.sisu.plexus-0.3.5.jar
#10 32.14 [INFO] Downloaded from central: https://repo.maven.apache.org/maven2/org/apache/maven/maven-artifact/3.2.5/maven-artifact-3.2.5.jar (55 kB at 551 kB/s)
#10 32.14 [INFO] Downloading from central: https://repo.maven.apache.org/maven2/javax/annotation/javax.annotation-api/1.2/javax.annotation-api-1.2.jar
#10 32.24 [INFO] Downloaded from central: https://repo.maven.apache.org/maven2/org/eclipse/aether/aether-api/1.0.0.v20140518/aether-api-1.0.0.v20140518.jar (136 kB at 681 kB/s)
#10 32.24 [INFO] Downloading from central: https://repo.maven.apache.org/maven2/javax/enterprise/cdi-api/1.2/cdi-api-1.2.jar
#10 32.26 [INFO] Downloaded from central: https://repo.maven.apache.org/maven2/javax/annotation/javax.annotation-api/1.2/javax.annotation-api-1.2.jar (26 kB at 119 kB/s)
#10 32.26 [INFO] Downloading from central: https://repo.maven.apache.org/maven2/org/eclipse/sisu/org.eclipse.sisu.inject/0.3.5/org.eclipse.sisu.inject-0.3.5.jar
#10 32.32 [INFO] Downloaded from central: https://repo.maven.apache.org/maven2/javax/enterprise/cdi-api/1.2/cdi-api-1.2.jar (71 kB at 260 kB/s)
#10 32.32 [INFO] Downloading from central: https://repo.maven.apache.org/maven2/org/sonatype/sisu/sisu-guice/3.2.3/sisu-guice-3.2.3-no_aop.jar
#10 32.32 [INFO] Downloaded from central: https://repo.maven.apache.org/maven2/org/eclipse/sisu/org.eclipse.sisu.plexus/0.3.5/org.eclipse.sisu.plexus-0.3.5.jar (205 kB at 741 kB/s)
#10 32.32 [INFO] Downloading from central: https://repo.maven.apache.org/maven2/aopalliance/aopalliance/1.0/aopalliance-1.0.jar
#10 32.32 [INFO] Downloaded from central: https://repo.maven.apache.org/maven2/org/apache/maven/maven-core/3.2.5/maven-core-3.2.5.jar (608 kB at 2.2 MB/s)
#10 32.32 [INFO] Downloading from central: https://repo.maven.apache.org/maven2/com/google/guava/guava/16.0.1/guava-16.0.1.jar
#10 32.33 [INFO] Downloaded from central: https://repo.maven.apache.org/maven2/org/eclipse/aether/aether-impl/1.0.0.v20140518/aether-impl-1.0.0.v20140518.jar (172 kB at 607 kB/s)
#10 32.33 [INFO] Downloading from central: https://repo.maven.apache.org/maven2/org/codehaus/plexus/plexus-classworlds/2.5.2/plexus-classworlds-2.5.2.jar
#10 32.35 [INFO] Downloaded from central: https://repo.maven.apache.org/maven2/aopalliance/aopalliance/1.0/aopalliance-1.0.jar (4.5 kB at 15 kB/s)
#10 32.35 [INFO] Downloading from central: https://repo.maven.apache.org/maven2/org/sonatype/plexus/plexus-sec-dispatcher/1.3/plexus-sec-dispatcher-1.3.jar
#10 32.42 [INFO] Downloaded from central: https://repo.maven.apache.org/maven2/org/sonatype/plexus/plexus-sec-dispatcher/1.3/plexus-sec-dispatcher-1.3.jar (29 kB at 76 kB/s)
#10 32.42 [INFO] Downloading from central: https://repo.maven.apache.org/maven2/org/sonatype/plexus/plexus-cipher/1.4/plexus-cipher-1.4.jar
#10 32.43 [INFO] Downloaded from central: https://repo.maven.apache.org/maven2/org/codehaus/plexus/plexus-classworlds/2.5.2/plexus-classworlds-2.5.2.jar (53 kB at 138 kB/s)
#10 32.43 [INFO] Downloading from central: https://repo.maven.apache.org/maven2/org/apache/maven/maven-model/3.2.5/maven-model-3.2.5.jar
#10 32.51 [INFO] Downloaded from central: https://repo.maven.apache.org/maven2/org/sonatype/plexus/plexus-cipher/1.4/plexus-cipher-1.4.jar (13 kB at 29 kB/s)
#10 32.51 [INFO] Downloading from central: https://repo.maven.apache.org/maven2/org/apache/maven/maven-plugin-api/3.2.5/maven-plugin-api-3.2.5.jar
#10 32.55 [INFO] Downloaded from central: https://repo.maven.apache.org/maven2/org/sonatype/sisu/sisu-guice/3.2.3/sisu-guice-3.2.3-no_aop.jar (398 kB at 785 kB/s)
#10 32.55 [INFO] Downloading from central: https://repo.maven.apache.org/maven2/org/apache/maven/maven-settings/3.2.5/maven-settings-3.2.5.jar
#10 32.63 [INFO] Downloaded from central: https://repo.maven.apache.org/maven2/org/apache/maven/maven-settings/3.2.5/maven-settings-3.2.5.jar (43 kB at 74 kB/s)
#10 32.63 [INFO] Downloading from central: https://repo.maven.apache.org/maven2/org/apache/maven/maven-settings-builder/3.2.5/maven-settings-builder-3.2.5.jar
#10 32.67 [INFO] Downloaded from central: https://repo.maven.apache.org/maven2/org/apache/maven/maven-plugin-api/3.2.5/maven-plugin-api-3.2.5.jar (46 kB at 74 kB/s)
#10 32.67 [INFO] Downloaded from central: https://repo.maven.apache.org/maven2/org/apache/maven/maven-model/3.2.5/maven-model-3.2.5.jar (161 kB at 258 kB/s)
#10 32.67 [INFO] Downloading from central: https://repo.maven.apache.org/maven2/org/eclipse/aether/aether-util/1.0.0.v20140518/aether-util-1.0.0.v20140518.jar
#10 32.67 [INFO] Downloading from central: https://repo.maven.apache.org/maven2/org/apache/maven/shared/maven-shared-utils/3.3.4/maven-shared-utils-3.3.4.jar
#10 32.72 [INFO] Downloaded from central: https://repo.maven.apache.org/maven2/org/apache/maven/maven-settings-builder/3.2.5/maven-settings-builder-3.2.5.jar (44 kB at 65 kB/s)
#10 32.72 [INFO] Downloading from central: https://repo.maven.apache.org/maven2/commons-io/commons-io/2.6/commons-io-2.6.jar
#10 32.74 [INFO] Downloaded from central: https://repo.maven.apache.org/maven2/org/eclipse/sisu/org.eclipse.sisu.inject/0.3.5/org.eclipse.sisu.inject-0.3.5.jar (379 kB at 544 kB/s)
#10 32.74 [INFO] Downloading from central: https://repo.maven.apache.org/maven2/org/apache/maven/maven-archiver/3.5.2/maven-archiver-3.5.2.jar
#10 32.88 [INFO] Downloaded from central: https://repo.maven.apache.org/maven2/org/apache/maven/maven-archiver/3.5.2/maven-archiver-3.5.2.jar (26 kB at 31 kB/s)
#10 32.88 [INFO] Downloading from central: https://repo.maven.apache.org/maven2/org/apache/commons/commons-compress/1.20/commons-compress-1.20.jar
#10 32.98 [INFO] Downloaded from central: https://repo.maven.apache.org/maven2/org/apache/maven/shared/maven-shared-utils/3.3.4/maven-shared-utils-3.3.4.jar (153 kB at 164 kB/s)
#10 32.98 [INFO] Downloading from central: https://repo.maven.apache.org/maven2/org/codehaus/plexus/plexus-interpolation/1.26/plexus-interpolation-1.26.jar
#10 32.98 [INFO] Downloaded from central: https://repo.maven.apache.org/maven2/org/eclipse/aether/aether-util/1.0.0.v20140518/aether-util-1.0.0.v20140518.jar (146 kB at 156 kB/s)
#10 32.98 [INFO] Downloading from central: https://repo.maven.apache.org/maven2/org/codehaus/plexus/plexus-archiver/4.2.7/plexus-archiver-4.2.7.jar
#10 33.03 [INFO] Downloaded from central: https://repo.maven.apache.org/maven2/commons-io/commons-io/2.6/commons-io-2.6.jar (215 kB at 217 kB/s)
#10 33.03 [INFO] Downloading from central: https://repo.maven.apache.org/maven2/org/codehaus/plexus/plexus-io/3.2.0/plexus-io-3.2.0.jar
#10 33.22 [INFO] Downloaded from central: https://repo.maven.apache.org/maven2/org/codehaus/plexus/plexus-io/3.2.0/plexus-io-3.2.0.jar (76 kB at 64 kB/s)
#10 33.22 [INFO] Downloading from central: https://repo.maven.apache.org/maven2/org/codehaus/plexus/plexus-i18n/1.0-beta-10/plexus-i18n-1.0-beta-10.jar
#10 33.37 [INFO] Downloaded from central: https://repo.maven.apache.org/maven2/org/codehaus/plexus/plexus-i18n/1.0-beta-10/plexus-i18n-1.0-beta-10.jar (12 kB at 9.0 kB/s)
#10 33.37 [INFO] Downloading from central: https://repo.maven.apache.org/maven2/org/codehaus/plexus/plexus-utils/3.4.2/plexus-utils-3.4.2.jar
#10 33.38 [INFO] Downloaded from central: https://repo.maven.apache.org/maven2/org/codehaus/plexus/plexus-archiver/4.2.7/plexus-archiver-4.2.7.jar (195 kB at 145 kB/s)
#10 33.38 [INFO] Downloading from central: https://repo.maven.apache.org/maven2/org/apache/maven/doxia/doxia-sink-api/1.11.1/doxia-sink-api-1.11.1.jar
#10 33.46 [INFO] Downloaded from central: https://repo.maven.apache.org/maven2/org/codehaus/plexus/plexus-interpolation/1.26/plexus-interpolation-1.26.jar (85 kB at 60 kB/s)
#10 33.46 [INFO] Downloading from central: https://repo.maven.apache.org/maven2/org/apache/maven/doxia/doxia-logging-api/1.11.1/doxia-logging-api-1.11.1.jar
#10 33.59 [INFO] Downloaded from central: https://repo.maven.apache.org/maven2/org/apache/maven/doxia/doxia-logging-api/1.11.1/doxia-logging-api-1.11.1.jar (12 kB at 7.6 kB/s)
#10 33.59 [INFO] Downloading from central: https://repo.maven.apache.org/maven2/org/apache/maven/doxia/doxia-core/1.11.1/doxia-core-1.11.1.jar
#10 33.62 [INFO] Downloaded from central: https://repo.maven.apache.org/maven2/org/apache/maven/doxia/doxia-sink-api/1.11.1/doxia-sink-api-1.11.1.jar (12 kB at 7.4 kB/s)
#10 33.62 [INFO] Downloading from central: https://repo.maven.apache.org/maven2/org/codehaus/plexus/plexus-container-default/2.1.0/plexus-container-default-2.1.0.jar
#10 33.65 [INFO] Downloaded from central: https://repo.maven.apache.org/maven2/com/google/guava/guava/16.0.1/guava-16.0.1.jar (2.2 MB at 1.4 MB/s)
#10 33.65 [INFO] Downloading from central: https://repo.maven.apache.org/maven2/org/apache/xbean/xbean-reflect/3.7/xbean-reflect-3.7.jar
#10 33.66 [INFO] Downloaded from central: https://repo.maven.apache.org/maven2/org/codehaus/plexus/plexus-utils/3.4.2/plexus-utils-3.4.2.jar (267 kB at 166 kB/s)
#10 33.66 [INFO] Downloading from central: https://repo.maven.apache.org/maven2/com/google/collections/google-collections/1.0/google-collections-1.0.jar
#10 33.73 [INFO] Downloaded from central: https://repo.maven.apache.org/maven2/org/apache/commons/commons-compress/1.20/commons-compress-1.20.jar (632 kB at 375 kB/s)
#10 33.73 [INFO] Downloading from central: https://repo.maven.apache.org/maven2/org/codehaus/plexus/plexus-component-annotations/2.1.1/plexus-component-annotations-2.1.1.jar
#10 33.77 [INFO] Downloaded from central: https://repo.maven.apache.org/maven2/org/apache/xbean/xbean-reflect/3.7/xbean-reflect-3.7.jar (148 kB at 86 kB/s)
#10 33.77 [INFO] Downloaded from central: https://repo.maven.apache.org/maven2/org/codehaus/plexus/plexus-component-annotations/2.1.1/plexus-component-annotations-2.1.1.jar (4.1 kB at 2.4 kB/s)
#10 33.77 [INFO] Downloading from central: https://repo.maven.apache.org/maven2/org/apache/commons/commons-lang3/3.8.1/commons-lang3-3.8.1.jar
#10 33.77 [INFO] Downloading from central: https://repo.maven.apache.org/maven2/org/apache/commons/commons-text/1.3/commons-text-1.3.jar
#10 33.87 [INFO] Downloaded from central: https://repo.maven.apache.org/maven2/org/codehaus/plexus/plexus-container-default/2.1.0/plexus-container-default-2.1.0.jar (230 kB at 126 kB/s)
#10 33.87 [INFO] Downloading from central: https://repo.maven.apache.org/maven2/org/apache/httpcomponents/httpclient/4.5.13/httpclient-4.5.13.jar
#10 33.90 [INFO] Downloaded from central: https://repo.maven.apache.org/maven2/org/apache/commons/commons-text/1.3/commons-text-1.3.jar (183 kB at 99 kB/s)
#10 33.90 [INFO] Downloading from central: https://repo.maven.apache.org/maven2/commons-codec/commons-codec/1.11/commons-codec-1.11.jar
#10 33.92 [INFO] Downloaded from central: https://repo.maven.apache.org/maven2/org/apache/maven/doxia/doxia-core/1.11.1/doxia-core-1.11.1.jar (218 kB at 116 kB/s)
#10 33.92 [INFO] Downloading from central: https://repo.maven.apache.org/maven2/org/apache/httpcomponents/httpcore/4.4.14/httpcore-4.4.14.jar
#10 34.18 [INFO] Downloaded from central: https://repo.maven.apache.org/maven2/com/google/collections/google-collections/1.0/google-collections-1.0.jar (640 kB at 300 kB/s)
#10 34.18 [INFO] Downloading from central: https://repo.maven.apache.org/maven2/org/apache/maven/doxia/doxia-module-xhtml/1.11.1/doxia-module-xhtml-1.11.1.jar
#10 34.21 [INFO] Downloaded from central: https://repo.maven.apache.org/maven2/commons-codec/commons-codec/1.11/commons-codec-1.11.jar (335 kB at 155 kB/s)
#10 34.21 [INFO] Downloading from central: https://repo.maven.apache.org/maven2/org/apache/maven/doxia/doxia-module-xhtml5/1.11.1/doxia-module-xhtml5-1.11.1.jar
#10 34.28 [INFO] Downloaded from central: https://repo.maven.apache.org/maven2/org/apache/maven/doxia/doxia-module-xhtml5/1.11.1/doxia-module-xhtml5-1.11.1.jar (18 kB at 8.0 kB/s)
#10 34.28 [INFO] Downloading from central: https://repo.maven.apache.org/maven2/org/apache/maven/doxia/doxia-module-apt/1.11.1/doxia-module-apt-1.11.1.jar
#10 34.30 [INFO] Downloaded from central: https://repo.maven.apache.org/maven2/org/apache/maven/doxia/doxia-module-xhtml/1.11.1/doxia-module-xhtml-1.11.1.jar (17 kB at 7.7 kB/s)
#10 34.30 [INFO] Downloading from central: https://repo.maven.apache.org/maven2/org/apache/maven/doxia/doxia-module-xdoc/1.11.1/doxia-module-xdoc-1.11.1.jar
#10 34.30 [INFO] Downloaded from central: https://repo.maven.apache.org/maven2/org/apache/commons/commons-lang3/3.8.1/commons-lang3-3.8.1.jar (502 kB at 222 kB/s)
#10 34.30 [INFO] Downloading from central: https://repo.maven.apache.org/maven2/org/apache/maven/doxia/doxia-module-fml/1.11.1/doxia-module-fml-1.11.1.jar
#10 34.37 [INFO] Downloaded from central: https://repo.maven.apache.org/maven2/org/apache/maven/doxia/doxia-module-xdoc/1.11.1/doxia-module-xdoc-1.11.1.jar (37 kB at 16 kB/s)
#10 34.37 [INFO] Downloading from central: https://repo.maven.apache.org/maven2/org/apache/maven/doxia/doxia-module-markdown/1.11.1/doxia-module-markdown-1.11.1.jar
#10 34.38 [INFO] Downloaded from central: https://repo.maven.apache.org/maven2/org/apache/httpcomponents/httpcore/4.4.14/httpcore-4.4.14.jar (328 kB at 141 kB/s)
#10 34.38 [INFO] Downloaded from central: https://repo.maven.apache.org/maven2/org/apache/maven/doxia/doxia-module-apt/1.11.1/doxia-module-apt-1.11.1.jar (55 kB at 23 kB/s)
#10 34.38 [INFO] Downloading from central: https://repo.maven.apache.org/maven2/com/vladsch/flexmark/flexmark-all/0.42.14/flexmark-all-0.42.14.jar
#10 34.38 [INFO] Downloading from central: https://repo.maven.apache.org/maven2/com/vladsch/flexmark/flexmark/0.42.14/flexmark-0.42.14.jar
#10 34.38 [INFO] Downloaded from central: https://repo.maven.apache.org/maven2/org/apache/maven/doxia/doxia-module-fml/1.11.1/doxia-module-fml-1.11.1.jar (38 kB at 16 kB/s)
#10 34.38 [INFO] Downloading from central: https://repo.maven.apache.org/maven2/com/vladsch/flexmark/flexmark-ext-abbreviation/0.42.14/flexmark-ext-abbreviation-0.42.14.jar
#10 34.40 [INFO] Downloaded from central: https://repo.maven.apache.org/maven2/com/vladsch/flexmark/flexmark-all/0.42.14/flexmark-all-0.42.14.jar (2.2 kB at 912 B/s)
#10 34.40 [INFO] Downloading from central: https://repo.maven.apache.org/maven2/com/vladsch/flexmark/flexmark-ext-admonition/0.42.14/flexmark-ext-admonition-0.42.14.jar
#10 34.41 [INFO] Downloaded from central: https://repo.maven.apache.org/maven2/org/apache/maven/doxia/doxia-module-markdown/1.11.1/doxia-module-markdown-1.11.1.jar (18 kB at 7.6 kB/s)
#10 34.41 [INFO] Downloading from central: https://repo.maven.apache.org/maven2/com/vladsch/flexmark/flexmark-ext-anchorlink/0.42.14/flexmark-ext-anchorlink-0.42.14.jar
#10 34.46 [INFO] Downloaded from central: https://repo.maven.apache.org/maven2/com/vladsch/flexmark/flexmark-ext-anchorlink/0.42.14/flexmark-ext-anchorlink-0.42.14.jar (17 kB at 6.9 kB/s)
#10 34.46 [INFO] Downloading from central: https://repo.maven.apache.org/maven2/com/vladsch/flexmark/flexmark-ext-aside/0.42.14/flexmark-ext-aside-0.42.14.jar
#10 34.47 [INFO] Downloaded from central: https://repo.maven.apache.org/maven2/com/vladsch/flexmark/flexmark-ext-abbreviation/0.42.14/flexmark-ext-abbreviation-0.42.14.jar (35 kB at 15 kB/s)
#10 34.47 [INFO] Downloading from central: https://repo.maven.apache.org/maven2/com/vladsch/flexmark/flexmark-ext-attributes/0.42.14/flexmark-ext-attributes-0.42.14.jar
#10 34.50 [INFO] Downloaded from central: https://repo.maven.apache.org/maven2/com/vladsch/flexmark/flexmark-ext-admonition/0.42.14/flexmark-ext-admonition-0.42.14.jar (34 kB at 14 kB/s)
#10 34.50 [INFO] Downloading from central: https://repo.maven.apache.org/maven2/com/vladsch/flexmark/flexmark-ext-autolink/0.42.14/flexmark-ext-autolink-0.42.14.jar
#10 34.51 [INFO] Downloaded from central: https://repo.maven.apache.org/maven2/com/vladsch/flexmark/flexmark-ext-aside/0.42.14/flexmark-ext-aside-0.42.14.jar (16 kB at 6.6 kB/s)
#10 34.51 [INFO] Downloading from central: https://repo.maven.apache.org/maven2/org/nibor/autolink/autolink/0.6.0/autolink-0.6.0.jar
#10 34.53 [INFO] Downloaded from central: https://repo.maven.apache.org/maven2/com/vladsch/flexmark/flexmark-ext-attributes/0.42.14/flexmark-ext-attributes-0.42.14.jar (36 kB at 14 kB/s)
#10 34.53 [INFO] Downloading from central: https://repo.maven.apache.org/maven2/com/vladsch/flexmark/flexmark-ext-definition/0.42.14/flexmark-ext-definition-0.42.14.jar
#10 34.54 [INFO] Downloaded from central: https://repo.maven.apache.org/maven2/com/vladsch/flexmark/flexmark-ext-autolink/0.42.14/flexmark-ext-autolink-0.42.14.jar (9.4 kB at 3.7 kB/s)
#10 34.54 [INFO] Downloading from central: https://repo.maven.apache.org/maven2/com/vladsch/flexmark/flexmark-ext-emoji/0.42.14/flexmark-ext-emoji-0.42.14.jar
#10 34.55 [INFO] Downloaded from central: https://repo.maven.apache.org/maven2/org/nibor/autolink/autolink/0.6.0/autolink-0.6.0.jar (16 kB at 6.4 kB/s)
#10 34.55 [INFO] Downloading from central: https://repo.maven.apache.org/maven2/com/vladsch/flexmark/flexmark-ext-enumerated-reference/0.42.14/flexmark-ext-enumerated-reference-0.42.14.jar
#10 34.56 [INFO] Downloaded from central: https://repo.maven.apache.org/maven2/org/apache/httpcomponents/httpclient/4.5.13/httpclient-4.5.13.jar (780 kB at 310 kB/s)
#10 34.56 [INFO] Downloading from central: https://repo.maven.apache.org/maven2/com/vladsch/flexmark/flexmark-ext-escaped-character/0.42.14/flexmark-ext-escaped-character-0.42.14.jar
#10 34.58 [INFO] Downloaded from central: https://repo.maven.apache.org/maven2/com/vladsch/flexmark/flexmark/0.42.14/flexmark-0.42.14.jar (389 kB at 153 kB/s)
#10 34.58 [INFO] Downloading from central: https://repo.maven.apache.org/maven2/com/vladsch/flexmark/flexmark-ext-footnotes/0.42.14/flexmark-ext-footnotes-0.42.14.jar
#10 34.59 [INFO] Downloaded from central: https://repo.maven.apache.org/maven2/com/vladsch/flexmark/flexmark-ext-escaped-character/0.42.14/flexmark-ext-escaped-character-0.42.14.jar (13 kB at 5.0 kB/s)
#10 34.59 [INFO] Downloading from central: https://repo.maven.apache.org/maven2/com/vladsch/flexmark/flexmark-ext-gfm-issues/0.42.14/flexmark-ext-gfm-issues-0.42.14.jar
#10 34.61 [INFO] Downloaded from central: https://repo.maven.apache.org/maven2/com/vladsch/flexmark/flexmark-ext-definition/0.42.14/flexmark-ext-definition-0.42.14.jar (40 kB at 16 kB/s)
#10 34.61 [INFO] Downloading from central: https://repo.maven.apache.org/maven2/com/vladsch/flexmark/flexmark-ext-gfm-strikethrough/0.42.14/flexmark-ext-gfm-strikethrough-0.42.14.jar
#10 34.61 [INFO] Downloaded from central: https://repo.maven.apache.org/maven2/com/vladsch/flexmark/flexmark-ext-enumerated-reference/0.42.14/flexmark-ext-enumerated-reference-0.42.14.jar (66 kB at 26 kB/s)
#10 34.61 [INFO] Downloading from central: https://repo.maven.apache.org/maven2/com/vladsch/flexmark/flexmark-ext-gfm-tables/0.42.14/flexmark-ext-gfm-tables-0.42.14.jar
#10 34.63 [INFO] Downloaded from central: https://repo.maven.apache.org/maven2/com/vladsch/flexmark/flexmark-ext-gfm-issues/0.42.14/flexmark-ext-gfm-issues-0.42.14.jar (16 kB at 6.0 kB/s)
#10 34.63 [INFO] Downloading from central: https://repo.maven.apache.org/maven2/com/vladsch/flexmark/flexmark-ext-gfm-tasklist/0.42.14/flexmark-ext-gfm-tasklist-0.42.14.jar
#10 34.65 [INFO] Downloaded from central: https://repo.maven.apache.org/maven2/com/vladsch/flexmark/flexmark-ext-footnotes/0.42.14/flexmark-ext-footnotes-0.42.14.jar (41 kB at 16 kB/s)
#10 34.65 [INFO] Downloading from central: https://repo.maven.apache.org/maven2/com/vladsch/flexmark/flexmark-ext-gfm-users/0.42.14/flexmark-ext-gfm-users-0.42.14.jar
#10 34.68 [INFO] Downloaded from central: https://repo.maven.apache.org/maven2/com/vladsch/flexmark/flexmark-ext-gfm-tables/0.42.14/flexmark-ext-gfm-tables-0.42.14.jar (33 kB at 13 kB/s)
#10 34.68 [INFO] Downloading from central: https://repo.maven.apache.org/maven2/com/vladsch/flexmark/flexmark-ext-gitlab/0.42.14/flexmark-ext-gitlab-0.42.14.jar
#10 34.68 [INFO] Downloaded from central: https://repo.maven.apache.org/maven2/com/vladsch/flexmark/flexmark-ext-emoji/0.42.14/flexmark-ext-emoji-0.42.14.jar (73 kB at 28 kB/s)
#10 34.68 [INFO] Downloading from central: https://repo.maven.apache.org/maven2/com/vladsch/flexmark/flexmark-ext-jekyll-front-matter/0.42.14/flexmark-ext-jekyll-front-matter-0.42.14.jar
#10 34.68 [INFO] Downloaded from central: https://repo.maven.apache.org/maven2/com/vladsch/flexmark/flexmark-ext-gfm-strikethrough/0.42.14/flexmark-ext-gfm-strikethrough-0.42.14.jar (29 kB at 11 kB/s)
#10 34.68 [INFO] Downloading from central: https://repo.maven.apache.org/maven2/com/vladsch/flexmark/flexmark-ext-jekyll-tag/0.42.14/flexmark-ext-jekyll-tag-0.42.14.jar
#10 34.68 [INFO] Downloaded from central: https://repo.maven.apache.org/maven2/com/vladsch/flexmark/flexmark-ext-gfm-tasklist/0.42.14/flexmark-ext-gfm-tasklist-0.42.14.jar (28 kB at 11 kB/s)
#10 34.68 [INFO] Downloading from central: https://repo.maven.apache.org/maven2/com/vladsch/flexmark/flexmark-ext-media-tags/0.42.14/flexmark-ext-media-tags-0.42.14.jar
#10 34.69 [INFO] Downloaded from central: https://repo.maven.apache.org/maven2/com/vladsch/flexmark/flexmark-ext-gfm-users/0.42.14/flexmark-ext-gfm-users-0.42.14.jar (16 kB at 6.0 kB/s)
#10 34.69 [INFO] Downloading from central: https://repo.maven.apache.org/maven2/com/vladsch/flexmark/flexmark-ext-macros/0.42.14/flexmark-ext-macros-0.42.14.jar
#10 34.73 [INFO] Downloaded from central: https://repo.maven.apache.org/maven2/com/vladsch/flexmark/flexmark-ext-jekyll-front-matter/0.42.14/flexmark-ext-jekyll-front-matter-0.42.14.jar (18 kB at 6.8 kB/s)
#10 34.73 [INFO] Downloading from central: https://repo.maven.apache.org/maven2/com/vladsch/flexmark/flexmark-ext-ins/0.42.14/flexmark-ext-ins-0.42.14.jar
#10 34.73 [INFO] Downloaded from central: https://repo.maven.apache.org/maven2/com/vladsch/flexmark/flexmark-ext-media-tags/0.42.14/flexmark-ext-media-tags-0.42.14.jar (25 kB at 9.3 kB/s)
#10 34.73 [INFO] Downloading from central: https://repo.maven.apache.org/maven2/com/vladsch/flexmark/flexmark-ext-xwiki-macros/0.42.14/flexmark-ext-xwiki-macros-0.42.14.jar
#10 34.73 [INFO] Downloaded from central: https://repo.maven.apache.org/maven2/com/vladsch/flexmark/flexmark-ext-gitlab/0.42.14/flexmark-ext-gitlab-0.42.14.jar (42 kB at 16 kB/s)
#10 34.73 [INFO] Downloading from central: https://repo.maven.apache.org/maven2/com/vladsch/flexmark/flexmark-ext-superscript/0.42.14/flexmark-ext-superscript-0.42.14.jar
#10 34.74 [INFO] Downloaded from central: https://repo.maven.apache.org/maven2/com/vladsch/flexmark/flexmark-ext-macros/0.42.14/flexmark-ext-macros-0.42.14.jar (35 kB at 13 kB/s)
#10 34.74 [INFO] Downloaded from central: https://repo.maven.apache.org/maven2/com/vladsch/flexmark/flexmark-ext-jekyll-tag/0.42.14/flexmark-ext-jekyll-tag-0.42.14.jar (21 kB at 7.8 kB/s)
#10 34.74 [INFO] Downloading from central: https://repo.maven.apache.org/maven2/com/vladsch/flexmark/flexmark-ext-tables/0.42.14/flexmark-ext-tables-0.42.14.jar
#10 34.74 [INFO] Downloading from central: https://repo.maven.apache.org/maven2/com/vladsch/flexmark/flexmark-ext-toc/0.42.14/flexmark-ext-toc-0.42.14.jar
#10 34.76 [INFO] Downloaded from central: https://repo.maven.apache.org/maven2/com/vladsch/flexmark/flexmark-ext-ins/0.42.14/flexmark-ext-ins-0.42.14.jar (13 kB at 4.8 kB/s)
#10 34.76 [INFO] Downloading from central: https://repo.maven.apache.org/maven2/com/vladsch/flexmark/flexmark-ext-typographic/0.42.14/flexmark-ext-typographic-0.42.14.jar
#10 34.80 [INFO] Downloaded from central: https://repo.maven.apache.org/maven2/com/vladsch/flexmark/flexmark-ext-superscript/0.42.14/flexmark-ext-superscript-0.42.14.jar (13 kB at 4.8 kB/s)
#10 34.80 [INFO] Downloading from central: https://repo.maven.apache.org/maven2/com/vladsch/flexmark/flexmark-ext-wikilink/0.42.14/flexmark-ext-wikilink-0.42.14.jar
#10 34.83 [INFO] Downloaded from central: https://repo.maven.apache.org/maven2/com/vladsch/flexmark/flexmark-ext-tables/0.42.14/flexmark-ext-tables-0.42.14.jar (76 kB at 27 kB/s)
#10 34.83 [INFO] Downloading from central: https://repo.maven.apache.org/maven2/com/vladsch/flexmark/flexmark-ext-yaml-front-matter/0.42.14/flexmark-ext-yaml-front-matter-0.42.14.jar
#10 34.83 [INFO] Downloaded from central: https://repo.maven.apache.org/maven2/com/vladsch/flexmark/flexmark-ext-typographic/0.42.14/flexmark-ext-typographic-0.42.14.jar (22 kB at 7.9 kB/s)
#10 34.83 [INFO] Downloading from central: https://repo.maven.apache.org/maven2/com/vladsch/flexmark/flexmark-ext-youtube-embedded/0.42.14/flexmark-ext-youtube-embedded-0.42.14.jar
#10 34.83 [INFO] Downloaded from central: https://repo.maven.apache.org/maven2/com/vladsch/flexmark/flexmark-ext-xwiki-macros/0.42.14/flexmark-ext-xwiki-macros-0.42.14.jar (31 kB at 11 kB/s)
#10 34.83 [INFO] Downloading from central: https://repo.maven.apache.org/maven2/com/vladsch/flexmark/flexmark-formatter/0.42.14/flexmark-formatter-0.42.14.jar
#10 34.84 [INFO] Downloaded from central: https://repo.maven.apache.org/maven2/com/vladsch/flexmark/flexmark-ext-toc/0.42.14/flexmark-ext-toc-0.42.14.jar (91 kB at 32 kB/s)
#10 34.84 [INFO] Downloading from central: https://repo.maven.apache.org/maven2/com/vladsch/flexmark/flexmark-html-parser/0.42.14/flexmark-html-parser-0.42.14.jar
#10 34.86 [INFO] Downloaded from central: https://repo.maven.apache.org/maven2/com/vladsch/flexmark/flexmark-ext-yaml-front-matter/0.42.14/flexmark-ext-yaml-front-matter-0.42.14.jar (18 kB at 6.5 kB/s)
#10 34.86 [INFO] Downloading from central: https://repo.maven.apache.org/maven2/org/jsoup/jsoup/1.10.2/jsoup-1.10.2.jar
#10 34.87 [INFO] Downloaded from central: https://repo.maven.apache.org/maven2/com/vladsch/flexmark/flexmark-ext-youtube-embedded/0.42.14/flexmark-ext-youtube-embedded-0.42.14.jar (13 kB at 4.4 kB/s)
#10 34.87 [INFO] Downloading from central: https://repo.maven.apache.org/maven2/com/vladsch/flexmark/flexmark-jira-converter/0.42.14/flexmark-jira-converter-0.42.14.jar
#10 34.88 [INFO] Downloaded from central: https://repo.maven.apache.org/maven2/com/vladsch/flexmark/flexmark-ext-wikilink/0.42.14/flexmark-ext-wikilink-0.42.14.jar (26 kB at 9.0 kB/s)
#10 34.88 [INFO] Downloading from central: https://repo.maven.apache.org/maven2/com/vladsch/flexmark/flexmark-profile-pegdown/0.42.14/flexmark-profile-pegdown-0.42.14.jar
#10 34.92 [INFO] Downloaded from central: https://repo.maven.apache.org/maven2/com/vladsch/flexmark/flexmark-html-parser/0.42.14/flexmark-html-parser-0.42.14.jar (45 kB at 16 kB/s)
#10 34.92 [INFO] Downloading from central: https://repo.maven.apache.org/maven2/com/vladsch/flexmark/flexmark-util/0.42.14/flexmark-util-0.42.14.jar
#10 34.93 [INFO] Downloaded from central: https://repo.maven.apache.org/maven2/com/vladsch/flexmark/flexmark-formatter/0.42.14/flexmark-formatter-0.42.14.jar (97 kB at 34 kB/s)
#10 34.93 [INFO] Downloading from central: https://repo.maven.apache.org/maven2/com/vladsch/flexmark/flexmark-youtrack-converter/0.42.14/flexmark-youtrack-converter-0.42.14.jar
#10 34.95 [INFO] Downloaded from central: https://repo.maven.apache.org/maven2/com/vladsch/flexmark/flexmark-profile-pegdown/0.42.14/flexmark-profile-pegdown-0.42.14.jar (6.3 kB at 2.2 kB/s)
#10 34.95 [INFO] Downloading from central: https://repo.maven.apache.org/maven2/org/apache/maven/doxia/doxia-module-confluence/1.11.1/doxia-module-confluence-1.11.1.jar
#10 34.96 [INFO] Downloaded from central: https://repo.maven.apache.org/maven2/com/vladsch/flexmark/flexmark-jira-converter/0.42.14/flexmark-jira-converter-0.42.14.jar (40 kB at 14 kB/s)
#10 34.96 [INFO] Downloading from central: https://repo.maven.apache.org/maven2/org/apache/maven/doxia/doxia-module-docbook-simple/1.11.1/doxia-module-docbook-simple-1.11.1.jar
#10 35.00 [INFO] Downloaded from central: https://repo.maven.apache.org/maven2/com/vladsch/flexmark/flexmark-youtrack-converter/0.42.14/flexmark-youtrack-converter-0.42.14.jar (41 kB at 14 kB/s)
#10 35.00 [INFO] Downloading from central: https://repo.maven.apache.org/maven2/org/apache/maven/doxia/doxia-module-twiki/1.11.1/doxia-module-twiki-1.11.1.jar
#10 35.04 [INFO] Downloaded from central: https://repo.maven.apache.org/maven2/org/apache/maven/doxia/doxia-module-confluence/1.11.1/doxia-module-confluence-1.11.1.jar (58 kB at 19 kB/s)
#10 35.04 [INFO] Downloading from central: https://repo.maven.apache.org/maven2/org/apache/maven/doxia/doxia-decoration-model/1.11.1/doxia-decoration-model-1.11.1.jar
#10 35.10 [INFO] Downloaded from central: https://repo.maven.apache.org/maven2/org/apache/maven/doxia/doxia-module-twiki/1.11.1/doxia-module-twiki-1.11.1.jar (73 kB at 24 kB/s)
#10 35.10 [INFO] Downloading from central: https://repo.maven.apache.org/maven2/org/apache/maven/doxia/doxia-site-renderer/1.11.1/doxia-site-renderer-1.11.1.jar
#10 35.11 [INFO] Downloaded from central: https://repo.maven.apache.org/maven2/org/apache/maven/doxia/doxia-module-docbook-simple/1.11.1/doxia-module-docbook-simple-1.11.1.jar (128 kB at 42 kB/s)
#10 35.11 [INFO] Downloading from central: https://repo.maven.apache.org/maven2/org/apache/maven/doxia/doxia-skin-model/1.11.1/doxia-skin-model-1.11.1.jar
#10 35.12 [INFO] Downloaded from central: https://repo.maven.apache.org/maven2/org/jsoup/jsoup/1.10.2/jsoup-1.10.2.jar (351 kB at 114 kB/s)
#10 35.12 [INFO] Downloading from central: https://repo.maven.apache.org/maven2/org/codehaus/plexus/plexus-velocity/1.2/plexus-velocity-1.2.jar
#10 35.14 [INFO] Downloaded from central: https://repo.maven.apache.org/maven2/org/apache/maven/doxia/doxia-skin-model/1.11.1/doxia-skin-model-1.11.1.jar (16 kB at 5.3 kB/s)
#10 35.14 [INFO] Downloading from central: https://repo.maven.apache.org/maven2/org/apache/velocity/velocity/1.7/velocity-1.7.jar
#10 35.14 [INFO] Downloaded from central: https://repo.maven.apache.org/maven2/org/codehaus/plexus/plexus-velocity/1.2/plexus-velocity-1.2.jar (8.1 kB at 2.6 kB/s)
#10 35.14 [INFO] Downloading from central: https://repo.maven.apache.org/maven2/commons-lang/commons-lang/2.4/commons-lang-2.4.jar
#10 35.15 [INFO] Downloaded from central: https://repo.maven.apache.org/maven2/org/apache/maven/doxia/doxia-decoration-model/1.11.1/doxia-decoration-model-1.11.1.jar (60 kB at 19 kB/s)
#10 35.15 [INFO] Downloading from central: https://repo.maven.apache.org/maven2/org/apache/velocity/velocity-tools/2.0/velocity-tools-2.0.jar
#10 35.17 [INFO] Downloaded from central: https://repo.maven.apache.org/maven2/org/apache/maven/doxia/doxia-site-renderer/1.11.1/doxia-site-renderer-1.11.1.jar (65 kB at 21 kB/s)
#10 35.17 [INFO] Downloading from central: https://repo.maven.apache.org/maven2/commons-beanutils/commons-beanutils/1.7.0/commons-beanutils-1.7.0.jar
#10 35.37 [INFO] Downloaded from central: https://repo.maven.apache.org/maven2/commons-lang/commons-lang/2.4/commons-lang-2.4.jar (262 kB at 79 kB/s)
#10 35.37 [INFO] Downloading from central: https://repo.maven.apache.org/maven2/commons-digester/commons-digester/1.8/commons-digester-1.8.jar
#10 35.41 [INFO] Downloaded from central: https://repo.maven.apache.org/maven2/commons-beanutils/commons-beanutils/1.7.0/commons-beanutils-1.7.0.jar (189 kB at 56 kB/s)
#10 35.41 [INFO] Downloading from central: https://repo.maven.apache.org/maven2/commons-chain/commons-chain/1.1/commons-chain-1.1.jar
#10 35.43 [INFO] Downloaded from central: https://repo.maven.apache.org/maven2/com/vladsch/flexmark/flexmark-util/0.42.14/flexmark-util-0.42.14.jar (385 kB at 114 kB/s)
#10 35.43 [INFO] Downloading from central: https://repo.maven.apache.org/maven2/dom4j/dom4j/1.1/dom4j-1.1.jar
#10 35.44 [INFO] Downloaded from central: https://repo.maven.apache.org/maven2/org/apache/velocity/velocity/1.7/velocity-1.7.jar (450 kB at 133 kB/s)
#10 35.44 [INFO] Downloading from central: https://repo.maven.apache.org/maven2/oro/oro/2.0.8/oro-2.0.8.jar
#10 35.47 [INFO] Downloaded from central: https://repo.maven.apache.org/maven2/commons-digester/commons-digester/1.8/commons-digester-1.8.jar (144 kB at 42 kB/s)
#10 35.47 [INFO] Downloading from central: https://repo.maven.apache.org/maven2/org/apache/maven/doxia/doxia-integration-tools/1.11.1/doxia-integration-tools-1.11.1.jar
#10 35.52 [INFO] Downloaded from central: https://repo.maven.apache.org/maven2/oro/oro/2.0.8/oro-2.0.8.jar (65 kB at 19 kB/s)
#10 35.52 [INFO] Downloading from central: https://repo.maven.apache.org/maven2/org/eclipse/jetty/jetty-server/9.4.46.v20220331/jetty-server-9.4.46.v20220331.jar
#10 35.52 [INFO] Downloaded from central: https://repo.maven.apache.org/maven2/commons-chain/commons-chain/1.1/commons-chain-1.1.jar (90 kB at 26 kB/s)
#10 35.52 [INFO] Downloading from central: https://repo.maven.apache.org/maven2/javax/servlet/javax.servlet-api/3.1.0/javax.servlet-api-3.1.0.jar
#10 35.53 [INFO] Downloaded from central: https://repo.maven.apache.org/maven2/org/apache/velocity/velocity-tools/2.0/velocity-tools-2.0.jar (347 kB at 100 kB/s)
#10 35.53 [INFO] Downloading from central: https://repo.maven.apache.org/maven2/org/eclipse/jetty/jetty-http/9.4.46.v20220331/jetty-http-9.4.46.v20220331.jar
#10 35.56 [INFO] Downloaded from central: https://repo.maven.apache.org/maven2/org/apache/maven/doxia/doxia-integration-tools/1.11.1/doxia-integration-tools-1.11.1.jar (47 kB at 13 kB/s)
#10 35.56 [INFO] Downloading from central: https://repo.maven.apache.org/maven2/org/eclipse/jetty/jetty-io/9.4.46.v20220331/jetty-io-9.4.46.v20220331.jar
#10 35.65 [INFO] Downloaded from central: https://repo.maven.apache.org/maven2/javax/servlet/javax.servlet-api/3.1.0/javax.servlet-api-3.1.0.jar (96 kB at 27 kB/s)
#10 35.65 [INFO] Downloading from central: https://repo.maven.apache.org/maven2/org/eclipse/jetty/jetty-servlet/9.4.46.v20220331/jetty-servlet-9.4.46.v20220331.jar
#10 35.72 [INFO] Downloaded from central: https://repo.maven.apache.org/maven2/org/eclipse/jetty/jetty-io/9.4.46.v20220331/jetty-io-9.4.46.v20220331.jar (184 kB at 50 kB/s)
#10 35.72 [INFO] Downloading from central: https://repo.maven.apache.org/maven2/org/eclipse/jetty/jetty-security/9.4.46.v20220331/jetty-security-9.4.46.v20220331.jar
#10 35.78 [INFO] Downloaded from central: https://repo.maven.apache.org/maven2/org/eclipse/jetty/jetty-http/9.4.46.v20220331/jetty-http-9.4.46.v20220331.jar (225 kB at 60 kB/s)
#10 35.78 [INFO] Downloading from central: https://repo.maven.apache.org/maven2/org/eclipse/jetty/jetty-util-ajax/9.4.46.v20220331/jetty-util-ajax-9.4.46.v20220331.jar
#10 35.80 [INFO] Downloaded from central: https://repo.maven.apache.org/maven2/org/eclipse/jetty/jetty-servlet/9.4.46.v20220331/jetty-servlet-9.4.46.v20220331.jar (147 kB at 39 kB/s)
#10 35.80 [INFO] Downloading from central: https://repo.maven.apache.org/maven2/org/eclipse/jetty/jetty-webapp/9.4.46.v20220331/jetty-webapp-9.4.46.v20220331.jar
#10 35.82 [INFO] Downloaded from central: https://repo.maven.apache.org/maven2/org/eclipse/jetty/jetty-security/9.4.46.v20220331/jetty-security-9.4.46.v20220331.jar (119 kB at 32 kB/s)
#10 35.82 [INFO] Downloading from central: https://repo.maven.apache.org/maven2/org/eclipse/jetty/jetty-xml/9.4.46.v20220331/jetty-xml-9.4.46.v20220331.jar
#10 35.85 [INFO] Downloaded from central: https://repo.maven.apache.org/maven2/dom4j/dom4j/1.1/dom4j-1.1.jar (457 kB at 120 kB/s)
#10 35.85 [INFO] Downloading from central: https://repo.maven.apache.org/maven2/org/eclipse/jetty/jetty-util/9.4.46.v20220331/jetty-util-9.4.46.v20220331.jar
#10 35.90 [INFO] Downloaded from central: https://repo.maven.apache.org/maven2/org/eclipse/jetty/jetty-server/9.4.46.v20220331/jetty-server-9.4.46.v20220331.jar (733 kB at 190 kB/s)
#10 35.91 [INFO] Downloaded from central: https://repo.maven.apache.org/maven2/org/eclipse/jetty/jetty-util-ajax/9.4.46.v20220331/jetty-util-ajax-9.4.46.v20220331.jar (67 kB at 17 kB/s)
#10 35.92 [INFO] Downloaded from central: https://repo.maven.apache.org/maven2/org/eclipse/jetty/jetty-webapp/9.4.46.v20220331/jetty-webapp-9.4.46.v20220331.jar (141 kB at 36 kB/s)
#10 35.95 [INFO] Downloaded from central: https://repo.maven.apache.org/maven2/org/eclipse/jetty/jetty-xml/9.4.46.v20220331/jetty-xml-9.4.46.v20220331.jar (69 kB at 18 kB/s)
#10 36.17 [INFO] Downloaded from central: https://repo.maven.apache.org/maven2/org/eclipse/jetty/jetty-util/9.4.46.v20220331/jetty-util-9.4.46.v20220331.jar (586 kB at 142 kB/s)
#10 36.23 [INFO]       maven-site-plugin-3.12.1.jar
#10 36.23 [INFO]       maven-reporting-api-3.1.1.jar
#10 36.23 [INFO]       maven-reporting-exec-1.6.0.jar
#10 36.23 [INFO]       maven-artifact-3.2.5.jar
#10 36.23 [INFO]       maven-core-3.2.5.jar
#10 36.23 [INFO]       maven-repository-metadata-3.2.5.jar
#10 36.23 [INFO]       maven-model-builder-3.2.5.jar
#10 36.23 [INFO]       maven-aether-provider-3.2.5.jar
#10 36.23 [INFO]       aether-spi-1.0.0.v20140518.jar
#10 36.23 [INFO]       aether-impl-1.0.0.v20140518.jar
#10 36.23 [INFO]       aether-api-1.0.0.v20140518.jar
#10 36.23 [INFO]       org.eclipse.sisu.plexus-0.3.5.jar
#10 36.23 [INFO]       javax.annotation-api-1.2.jar
#10 36.23 [INFO]       cdi-api-1.2.jar
#10 36.23 [INFO]       org.eclipse.sisu.inject-0.3.5.jar
#10 36.23 [INFO]       sisu-guice-3.2.3-no_aop.jar
#10 36.23 [INFO]       javax.inject-1.jar
#10 36.23 [INFO]       aopalliance-1.0.jar
#10 36.23 [INFO]       guava-16.0.1.jar
#10 36.23 [INFO]       plexus-classworlds-2.5.2.jar
#10 36.23 [INFO]       plexus-sec-dispatcher-1.3.jar
#10 36.23 [INFO]       plexus-cipher-1.4.jar
#10 36.23 [INFO]       maven-model-3.2.5.jar
#10 36.23 [INFO]       maven-plugin-api-3.2.5.jar
#10 36.23 [INFO]       maven-settings-3.2.5.jar
#10 36.23 [INFO]       maven-settings-builder-3.2.5.jar
#10 36.23 [INFO]       aether-util-1.0.0.v20140518.jar
#10 36.23 [INFO]       maven-shared-utils-3.3.4.jar
#10 36.23 [INFO]       commons-io-2.6.jar
#10 36.23 [INFO]       maven-archiver-3.5.2.jar
#10 36.23 [INFO]       commons-compress-1.20.jar
#10 36.23 [INFO]       plexus-interpolation-1.26.jar
#10 36.23 [INFO]       plexus-archiver-4.2.7.jar
#10 36.23 [INFO]       plexus-io-3.2.0.jar
#10 36.23 [INFO]       snappy-0.4.jar
#10 36.23 [INFO]       xz-1.9.jar
#10 36.23 [INFO]       plexus-i18n-1.0-beta-10.jar
#10 36.23 [INFO]       plexus-utils-3.4.2.jar
#10 36.23 [INFO]       doxia-sink-api-1.11.1.jar
#10 36.23 [INFO]       doxia-logging-api-1.11.1.jar
#10 36.23 [INFO]       doxia-core-1.11.1.jar
#10 36.23 [INFO]       plexus-container-default-2.1.0.jar
#10 36.23 [INFO]       xbean-reflect-3.7.jar
#10 36.23 [INFO]       google-collections-1.0.jar
#10 36.23 [INFO]       plexus-component-annotations-2.1.1.jar
#10 36.23 [INFO]       commons-lang3-3.8.1.jar
#10 36.23 [INFO]       commons-text-1.3.jar
#10 36.23 [INFO]       httpclient-4.5.13.jar
#10 36.23 [INFO]       commons-logging-1.2.jar
#10 36.23 [INFO]       commons-codec-1.11.jar
#10 36.23 [INFO]       httpcore-4.4.14.jar
#10 36.23 [INFO]       doxia-module-xhtml-1.11.1.jar
#10 36.23 [INFO]       doxia-module-xhtml5-1.11.1.jar
#10 36.23 [INFO]       doxia-module-apt-1.11.1.jar
#10 36.23 [INFO]       doxia-module-xdoc-1.11.1.jar
#10 36.23 [INFO]       doxia-module-fml-1.11.1.jar
#10 36.23 [INFO]       doxia-module-markdown-1.11.1.jar
#10 36.23 [INFO]       flexmark-all-0.42.14.jar
#10 36.23 [INFO]       flexmark-0.42.14.jar
#10 36.23 [INFO]       flexmark-ext-abbreviation-0.42.14.jar
#10 36.23 [INFO]       flexmark-ext-admonition-0.42.14.jar
#10 36.23 [INFO]       flexmark-ext-anchorlink-0.42.14.jar
#10 36.23 [INFO]       flexmark-ext-aside-0.42.14.jar
#10 36.23 [INFO]       flexmark-ext-attributes-0.42.14.jar
#10 36.23 [INFO]       flexmark-ext-autolink-0.42.14.jar
#10 36.23 [INFO]       autolink-0.6.0.jar
#10 36.23 [INFO]       flexmark-ext-definition-0.42.14.jar
#10 36.23 [INFO]       flexmark-ext-emoji-0.42.14.jar
#10 36.23 [INFO]       flexmark-ext-enumerated-reference-0.42.14.jar
#10 36.23 [INFO]       flexmark-ext-escaped-character-0.42.14.jar
#10 36.23 [INFO]       flexmark-ext-footnotes-0.42.14.jar
#10 36.23 [INFO]       flexmark-ext-gfm-issues-0.42.14.jar
#10 36.23 [INFO]       flexmark-ext-gfm-strikethrough-0.42.14.jar
#10 36.23 [INFO]       flexmark-ext-gfm-tables-0.42.14.jar
#10 36.23 [INFO]       flexmark-ext-gfm-tasklist-0.42.14.jar
#10 36.23 [INFO]       flexmark-ext-gfm-users-0.42.14.jar
#10 36.23 [INFO]       flexmark-ext-gitlab-0.42.14.jar
#10 36.23 [INFO]       flexmark-ext-jekyll-front-matter-0.42.14.jar
#10 36.23 [INFO]       flexmark-ext-jekyll-tag-0.42.14.jar
#10 36.23 [INFO]       flexmark-ext-media-tags-0.42.14.jar
#10 36.23 [INFO]       flexmark-ext-macros-0.42.14.jar
#10 36.23 [INFO]       flexmark-ext-ins-0.42.14.jar
#10 36.23 [INFO]       flexmark-ext-xwiki-macros-0.42.14.jar
#10 36.23 [INFO]       flexmark-ext-superscript-0.42.14.jar
#10 36.23 [INFO]       flexmark-ext-tables-0.42.14.jar
#10 36.23 [INFO]       flexmark-ext-toc-0.42.14.jar
#10 36.23 [INFO]       flexmark-ext-typographic-0.42.14.jar
#10 36.23 [INFO]       flexmark-ext-wikilink-0.42.14.jar
#10 36.23 [INFO]       flexmark-ext-yaml-front-matter-0.42.14.jar
#10 36.23 [INFO]       flexmark-ext-youtube-embedded-0.42.14.jar
#10 36.23 [INFO]       flexmark-formatter-0.42.14.jar
#10 36.23 [INFO]       flexmark-html-parser-0.42.14.jar
#10 36.23 [INFO]       jsoup-1.10.2.jar
#10 36.23 [INFO]       flexmark-jira-converter-0.42.14.jar
#10 36.23 [INFO]       flexmark-profile-pegdown-0.42.14.jar
#10 36.23 [INFO]       flexmark-util-0.42.14.jar
#10 36.23 [INFO]       flexmark-youtrack-converter-0.42.14.jar
#10 36.23 [INFO]       doxia-module-confluence-1.11.1.jar
#10 36.23 [INFO]       doxia-module-docbook-simple-1.11.1.jar
#10 36.23 [INFO]       doxia-module-twiki-1.11.1.jar
#10 36.23 [INFO]       doxia-decoration-model-1.11.1.jar
#10 36.23 [INFO]       doxia-site-renderer-1.11.1.jar
#10 36.23 [INFO]       doxia-skin-model-1.11.1.jar
#10 36.23 [INFO]       plexus-velocity-1.2.jar
#10 36.23 [INFO]       velocity-1.7.jar
#10 36.23 [INFO]       commons-lang-2.4.jar
#10 36.23 [INFO]       velocity-tools-2.0.jar
#10 36.23 [INFO]       commons-beanutils-1.7.0.jar
#10 36.23 [INFO]       commons-digester-1.8.jar
#10 36.23 [INFO]       commons-chain-1.1.jar
#10 36.23 [INFO]       dom4j-1.1.jar
#10 36.23 [INFO]       oro-2.0.8.jar
#10 36.23 [INFO]       commons-collections-3.2.2.jar
#10 36.23 [INFO]       doxia-integration-tools-1.11.1.jar
#10 36.23 [INFO]       jetty-server-9.4.46.v20220331.jar
#10 36.23 [INFO]       javax.servlet-api-3.1.0.jar
#10 36.23 [INFO]       jetty-http-9.4.46.v20220331.jar
#10 36.23 [INFO]       jetty-io-9.4.46.v20220331.jar
#10 36.23 [INFO]       jetty-servlet-9.4.46.v20220331.jar
#10 36.23 [INFO]       jetty-security-9.4.46.v20220331.jar
#10 36.23 [INFO]       jetty-util-ajax-9.4.46.v20220331.jar
#10 36.23 [INFO]       jetty-webapp-9.4.46.v20220331.jar
#10 36.23 [INFO]       jetty-xml-9.4.46.v20220331.jar
#10 36.23 [INFO]       jetty-util-9.4.46.v20220331.jar
#10 36.23 [INFO] Resolved plugin: maven-resources-plugin-3.3.1.jar
#10 36.23 [INFO] Resolved plugin dependency:
#10 36.24 [INFO] Downloading from central: https://repo.maven.apache.org/maven2/org/codehaus/plexus/plexus-utils/3.5.1/plexus-utils-3.5.1.pom
#10 36.26 [INFO] Downloaded from central: https://repo.maven.apache.org/maven2/org/codehaus/plexus/plexus-utils/3.5.1/plexus-utils-3.5.1.pom (8.8 kB at 351 kB/s)
#10 36.27 [INFO] Downloading from central: https://repo.maven.apache.org/maven2/org/codehaus/plexus/plexus/10/plexus-10.pom
#10 36.29 [INFO] Downloaded from central: https://repo.maven.apache.org/maven2/org/codehaus/plexus/plexus/10/plexus-10.pom (25 kB at 1.1 MB/s)
#10 36.29 [INFO] Downloading from central: https://repo.maven.apache.org/maven2/org/apache/maven/shared/maven-filtering/3.3.1/maven-filtering-3.3.1.pom
#10 36.33 [INFO] Downloaded from central: https://repo.maven.apache.org/maven2/org/apache/maven/shared/maven-filtering/3.3.1/maven-filtering-3.3.1.pom (6.0 kB at 172 kB/s)
#10 36.33 [INFO] Downloading from central: https://repo.maven.apache.org/maven2/org/codehaus/plexus/plexus-utils/3.5.0/plexus-utils-3.5.0.pom
#10 36.35 [INFO] Downloaded from central: https://repo.maven.apache.org/maven2/org/codehaus/plexus/plexus-utils/3.5.0/plexus-utils-3.5.0.pom (8.0 kB at 348 kB/s)
#10 36.35 [INFO] Downloading from central: https://repo.maven.apache.org/maven2/org/apache/commons/commons-lang3/3.12.0/commons-lang3-3.12.0.pom
#10 36.38 [INFO] Downloaded from central: https://repo.maven.apache.org/maven2/org/apache/commons/commons-lang3/3.12.0/commons-lang3-3.12.0.pom (31 kB at 1.3 MB/s)
#10 36.38 [INFO] Downloading from central: https://repo.maven.apache.org/maven2/org/junit/junit-bom/5.7.1/junit-bom-5.7.1.pom
#10 36.41 [INFO] Downloaded from central: https://repo.maven.apache.org/maven2/org/junit/junit-bom/5.7.1/junit-bom-5.7.1.pom (5.1 kB at 154 kB/s)
#10 36.42 [INFO] Downloading from central: https://repo.maven.apache.org/maven2/org/codehaus/plexus/plexus-utils/3.5.1/plexus-utils-3.5.1.jar
#10 36.52 [INFO] Downloaded from central: https://repo.maven.apache.org/maven2/org/codehaus/plexus/plexus-utils/3.5.1/plexus-utils-3.5.1.jar (269 kB at 2.6 MB/s)
#10 36.52 [INFO] Downloading from central: https://repo.maven.apache.org/maven2/org/apache/maven/shared/maven-filtering/3.3.1/maven-filtering-3.3.1.jar
#10 36.52 [INFO] Downloading from central: https://repo.maven.apache.org/maven2/org/apache/commons/commons-lang3/3.12.0/commons-lang3-3.12.0.jar
#10 36.56 [INFO] Downloaded from central: https://repo.maven.apache.org/maven2/org/apache/maven/shared/maven-filtering/3.3.1/maven-filtering-3.3.1.jar (55 kB at 1.4 MB/s)
#10 36.76 [INFO] Downloaded from central: https://repo.maven.apache.org/maven2/org/apache/commons/commons-lang3/3.12.0/commons-lang3-3.12.0.jar (587 kB at 2.4 MB/s)
#10 36.77 [INFO]       maven-resources-plugin-3.3.1.jar
#10 36.77 [INFO]       plexus-interpolation-1.26.jar
#10 36.77 [INFO]       plexus-utils-3.5.1.jar
#10 36.77 [INFO]       maven-filtering-3.3.1.jar
#10 36.77 [INFO]       javax.inject-1.jar
#10 36.77 [INFO]       slf4j-api-1.7.36.jar
#10 36.77 [INFO]       plexus-build-api-0.0.7.jar
#10 36.77 [INFO]       commons-io-2.11.0.jar
#10 36.77 [INFO]       commons-lang3-3.12.0.jar
#10 36.77 [INFO] Resolved plugin: spring-boot-maven-plugin-4.0.7.jar
#10 36.77 [INFO] Resolved plugin dependency:
#10 36.77 [INFO] Downloading from central: https://repo.maven.apache.org/maven2/org/springframework/boot/spring-boot-buildpack-platform/4.0.7/spring-boot-buildpack-platform-4.0.7.pom
#10 36.80 [INFO] Downloaded from central: https://repo.maven.apache.org/maven2/org/springframework/boot/spring-boot-buildpack-platform/4.0.7/spring-boot-buildpack-platform-4.0.7.pom (3.0 kB at 120 kB/s)
#10 36.80 [INFO] Downloading from central: https://repo.maven.apache.org/maven2/net/java/dev/jna/jna-platform/5.17.0/jna-platform-5.17.0.pom
#10 36.83 [INFO] Downloaded from central: https://repo.maven.apache.org/maven2/net/java/dev/jna/jna-platform/5.17.0/jna-platform-5.17.0.pom (2.3 kB at 75 kB/s)
#10 36.83 [INFO] Downloading from central: https://repo.maven.apache.org/maven2/net/java/dev/jna/jna/5.17.0/jna-5.17.0.pom
#10 36.86 [INFO] Downloaded from central: https://repo.maven.apache.org/maven2/net/java/dev/jna/jna/5.17.0/jna-5.17.0.pom (2.0 kB at 81 kB/s)
#10 36.86 [INFO] Downloading from central: https://repo.maven.apache.org/maven2/org/apache/commons/commons-compress/1.27.1/commons-compress-1.27.1.pom
#10 36.88 [INFO] Downloaded from central: https://repo.maven.apache.org/maven2/org/apache/commons/commons-compress/1.27.1/commons-compress-1.27.1.pom (23 kB at 922 kB/s)
#10 36.89 [INFO] Downloading from central: https://repo.maven.apache.org/maven2/org/apache/commons/commons-parent/72/commons-parent-72.pom
#10 36.92 [INFO] Downloaded from central: https://repo.maven.apache.org/maven2/org/apache/commons/commons-parent/72/commons-parent-72.pom (78 kB at 2.5 MB/s)
#10 36.92 [INFO] Downloading from central: https://repo.maven.apache.org/maven2/org/junit/junit-bom/5.11.0-M2/junit-bom-5.11.0-M2.pom
#10 36.95 [INFO] Downloaded from central: https://repo.maven.apache.org/maven2/org/junit/junit-bom/5.11.0-M2/junit-bom-5.11.0-M2.pom (5.7 kB at 228 kB/s)
#10 36.95 [INFO] Downloading from central: https://repo.maven.apache.org/maven2/commons-codec/commons-codec/1.17.1/commons-codec-1.17.1.pom
#10 36.97 [INFO] Downloaded from central: https://repo.maven.apache.org/maven2/commons-codec/commons-codec/1.17.1/commons-codec-1.17.1.pom (18 kB at 808 kB/s)
#10 36.98 [INFO] Downloading from central: https://repo.maven.apache.org/maven2/org/apache/commons/commons-parent/71/commons-parent-71.pom
#10 37.01 [INFO] Downloaded from central: https://repo.maven.apache.org/maven2/org/apache/commons/commons-parent/71/commons-parent-71.pom (78 kB at 2.4 MB/s)
#10 37.01 [INFO] Downloading from central: https://repo.maven.apache.org/maven2/org/apache/commons/commons-lang3/3.16.0/commons-lang3-3.16.0.pom
#10 37.05 [INFO] Downloaded from central: https://repo.maven.apache.org/maven2/org/apache/commons/commons-lang3/3.16.0/commons-lang3-3.16.0.pom (31 kB at 893 kB/s)
#10 37.05 [INFO] Downloading from central: https://repo.maven.apache.org/maven2/org/apache/httpcomponents/client5/httpclient5/5.5.2/httpclient5-5.5.2.pom
#10 37.07 [INFO] Downloaded from central: https://repo.maven.apache.org/maven2/org/apache/httpcomponents/client5/httpclient5/5.5.2/httpclient5-5.5.2.pom (6.1 kB at 253 kB/s)
#10 37.08 [INFO] Downloading from central: https://repo.maven.apache.org/maven2/org/apache/httpcomponents/client5/httpclient5-parent/5.5.2/httpclient5-parent-5.5.2.pom
#10 37.10 [INFO] Downloaded from central: https://repo.maven.apache.org/maven2/org/apache/httpcomponents/client5/httpclient5-parent/5.5.2/httpclient5-parent-5.5.2.pom (17 kB at 727 kB/s)
#10 37.10 [INFO] Downloading from central: https://repo.maven.apache.org/maven2/org/apache/httpcomponents/httpcomponents-parent/14/httpcomponents-parent-14.pom
#10 37.12 [INFO] Downloaded from central: https://repo.maven.apache.org/maven2/org/apache/httpcomponents/httpcomponents-parent/14/httpcomponents-parent-14.pom (30 kB at 1.4 MB/s)
#10 37.12 [INFO] Downloading from central: https://repo.maven.apache.org/maven2/org/apache/apache/27/apache-27.pom
#10 37.16 [INFO] Downloaded from central: https://repo.maven.apache.org/maven2/org/apache/apache/27/apache-27.pom (20 kB at 522 kB/s)
#10 37.17 [INFO] Downloading from central: https://repo.maven.apache.org/maven2/org/junit/junit-bom/5.13.3/junit-bom-5.13.3.pom
#10 37.19 [INFO] Downloaded from central: https://repo.maven.apache.org/maven2/org/junit/junit-bom/5.13.3/junit-bom-5.13.3.pom (5.7 kB at 258 kB/s)
#10 37.19 [INFO] Downloading from central: https://repo.maven.apache.org/maven2/org/apache/httpcomponents/core5/httpcore5/5.3.6/httpcore5-5.3.6.pom
#10 37.21 [INFO] Downloaded from central: https://repo.maven.apache.org/maven2/org/apache/httpcomponents/core5/httpcore5/5.3.6/httpcore5-5.3.6.pom (3.9 kB at 172 kB/s)
#10 37.21 [INFO] Downloading from central: https://repo.maven.apache.org/maven2/org/apache/httpcomponents/core5/httpcore5-parent/5.3.6/httpcore5-parent-5.3.6.pom
#10 37.24 [INFO] Downloaded from central: https://repo.maven.apache.org/maven2/org/apache/httpcomponents/core5/httpcore5-parent/5.3.6/httpcore5-parent-5.3.6.pom (14 kB at 634 kB/s)
#10 37.24 [INFO] Downloading from central: https://repo.maven.apache.org/maven2/org/apache/httpcomponents/httpcomponents-parent/13/httpcomponents-parent-13.pom
#10 37.27 [INFO] Downloaded from central: https://repo.maven.apache.org/maven2/org/apache/httpcomponents/httpcomponents-parent/13/httpcomponents-parent-13.pom (30 kB at 1.1 MB/s)
#10 37.27 [INFO] Downloading from central: https://repo.maven.apache.org/maven2/org/apache/httpcomponents/core5/httpcore5-h2/5.3.6/httpcore5-h2-5.3.6.pom
#10 37.30 [INFO] Downloaded from central: https://repo.maven.apache.org/maven2/org/apache/httpcomponents/core5/httpcore5-h2/5.3.6/httpcore5-h2-5.3.6.pom (3.6 kB at 139 kB/s)
#10 37.30 [INFO] Downloading from central: https://repo.maven.apache.org/maven2/org/springframework/spring-core/7.0.8/spring-core-7.0.8.pom
#10 37.33 [INFO] Downloaded from central: https://repo.maven.apache.org/maven2/org/springframework/spring-core/7.0.8/spring-core-7.0.8.pom (2.2 kB at 100 kB/s)
#10 37.33 [INFO] Downloading from central: https://repo.maven.apache.org/maven2/commons-logging/commons-logging/1.3.5/commons-logging-1.3.5.pom
#10 37.35 [INFO] Downloaded from central: https://repo.maven.apache.org/maven2/commons-logging/commons-logging/1.3.5/commons-logging-1.3.5.pom (32 kB at 1.5 MB/s)
#10 37.35 [INFO] Downloading from central: https://repo.maven.apache.org/maven2/org/apache/commons/commons-parent/81/commons-parent-81.pom
#10 37.39 [INFO] Downloaded from central: https://repo.maven.apache.org/maven2/org/apache/commons/commons-parent/81/commons-parent-81.pom (78 kB at 2.0 MB/s)
#10 37.40 [INFO] Downloading from central: https://repo.maven.apache.org/maven2/org/jspecify/jspecify/1.0.0/jspecify-1.0.0.pom
#10 37.42 [INFO] Downloaded from central: https://repo.maven.apache.org/maven2/org/jspecify/jspecify/1.0.0/jspecify-1.0.0.pom (1.5 kB at 56 kB/s)
#10 37.42 [INFO] Downloading from central: https://repo.maven.apache.org/maven2/org/tomlj/tomlj/1.0.0/tomlj-1.0.0.pom
#10 37.45 [INFO] Downloaded from central: https://repo.maven.apache.org/maven2/org/tomlj/tomlj/1.0.0/tomlj-1.0.0.pom (2.8 kB at 134 kB/s)
#10 37.45 [INFO] Downloading from central: https://repo.maven.apache.org/maven2/org/antlr/antlr4-runtime/4.7.2/antlr4-runtime-4.7.2.pom
#10 37.47 [INFO] Downloaded from central: https://repo.maven.apache.org/maven2/org/antlr/antlr4-runtime/4.7.2/antlr4-runtime-4.7.2.pom (3.6 kB at 139 kB/s)
#10 37.47 [INFO] Downloading from central: https://repo.maven.apache.org/maven2/org/antlr/antlr4-master/4.7.2/antlr4-master-4.7.2.pom
#10 37.50 [INFO] Downloaded from central: https://repo.maven.apache.org/maven2/org/antlr/antlr4-master/4.7.2/antlr4-master-4.7.2.pom (4.4 kB at 200 kB/s)
#10 37.50 [INFO] Downloading from central: https://repo.maven.apache.org/maven2/com/google/code/findbugs/jsr305/3.0.2/jsr305-3.0.2.pom
#10 37.52 [INFO] Downloaded from central: https://repo.maven.apache.org/maven2/com/google/code/findbugs/jsr305/3.0.2/jsr305-3.0.2.pom (4.3 kB at 186 kB/s)
#10 37.52 [INFO] Downloading from central: https://repo.maven.apache.org/maven2/tools/jackson/core/jackson-databind/3.1.4/jackson-databind-3.1.4.pom
#10 37.55 [INFO] Downloaded from central: https://repo.maven.apache.org/maven2/tools/jackson/core/jackson-databind/3.1.4/jackson-databind-3.1.4.pom (18 kB at 601 kB/s)
#10 37.55 [INFO] Downloading from central: https://repo.maven.apache.org/maven2/tools/jackson/jackson-base/3.1.4/jackson-base-3.1.4.pom
#10 37.58 [INFO] Downloaded from central: https://repo.maven.apache.org/maven2/tools/jackson/jackson-base/3.1.4/jackson-base-3.1.4.pom (16 kB at 575 kB/s)
#10 37.59 [INFO] Downloading from central: https://repo.maven.apache.org/maven2/com/fasterxml/jackson/core/jackson-annotations/2.21/jackson-annotations-2.21.pom
#10 37.62 [INFO] Downloaded from central: https://repo.maven.apache.org/maven2/com/fasterxml/jackson/core/jackson-annotations/2.21/jackson-annotations-2.21.pom (7.4 kB at 255 kB/s)
#10 37.62 [INFO] Downloading from central: https://repo.maven.apache.org/maven2/tools/jackson/core/jackson-core/3.1.4/jackson-core-3.1.4.pom
#10 37.64 [INFO] Downloaded from central: https://repo.maven.apache.org/maven2/tools/jackson/core/jackson-core/3.1.4/jackson-core-3.1.4.pom (11 kB at 556 kB/s)
#10 37.64 [INFO] Downloading from central: https://repo.maven.apache.org/maven2/org/springframework/boot/spring-boot-loader-tools/4.0.7/spring-boot-loader-tools-4.0.7.pom
#10 37.66 [INFO] Downloaded from central: https://repo.maven.apache.org/maven2/org/springframework/boot/spring-boot-loader-tools/4.0.7/spring-boot-loader-tools-4.0.7.pom (2.2 kB at 102 kB/s)
#10 37.67 [INFO] Downloading from central: https://repo.maven.apache.org/maven2/org/springframework/spring-context/7.0.8/spring-context-7.0.8.pom
#10 37.69 [INFO] Downloaded from central: https://repo.maven.apache.org/maven2/org/springframework/spring-context/7.0.8/spring-context-7.0.8.pom (2.8 kB at 126 kB/s)
#10 37.69 [INFO] Downloading from central: https://repo.maven.apache.org/maven2/org/springframework/spring-aop/7.0.8/spring-aop-7.0.8.pom
#10 37.72 [INFO] Downloaded from central: https://repo.maven.apache.org/maven2/org/springframework/spring-aop/7.0.8/spring-aop-7.0.8.pom (2.2 kB at 82 kB/s)
#10 37.72 [INFO] Downloading from central: https://repo.maven.apache.org/maven2/org/springframework/spring-beans/7.0.8/spring-beans-7.0.8.pom
#10 37.74 [INFO] Downloaded from central: https://repo.maven.apache.org/maven2/org/springframework/spring-beans/7.0.8/spring-beans-7.0.8.pom (2.0 kB at 97 kB/s)
#10 37.74 [INFO] Downloading from central: https://repo.maven.apache.org/maven2/org/springframework/spring-expression/7.0.8/spring-expression-7.0.8.pom
#10 37.76 [INFO] Downloaded from central: https://repo.maven.apache.org/maven2/org/springframework/spring-expression/7.0.8/spring-expression-7.0.8.pom (2.1 kB at 104 kB/s)
#10 37.76 [INFO] Downloading from central: https://repo.maven.apache.org/maven2/io/micrometer/micrometer-observation/1.16.6/micrometer-observation-1.16.6.pom
#10 37.79 [INFO] Downloaded from central: https://repo.maven.apache.org/maven2/io/micrometer/micrometer-observation/1.16.6/micrometer-observation-1.16.6.pom (3.8 kB at 181 kB/s)
#10 37.79 [INFO] Downloading from central: https://repo.maven.apache.org/maven2/io/micrometer/micrometer-commons/1.16.6/micrometer-commons-1.16.6.pom
#10 37.81 [INFO] Downloaded from central: https://repo.maven.apache.org/maven2/io/micrometer/micrometer-commons/1.16.6/micrometer-commons-1.16.6.pom (3.6 kB at 179 kB/s)
#10 37.81 [INFO] Downloading from central: https://repo.maven.apache.org/maven2/org/apache/maven/plugins/maven-shade-plugin/3.6.0/maven-shade-plugin-3.6.0.pom
#10 37.83 [INFO] Downloaded from central: https://repo.maven.apache.org/maven2/org/apache/maven/plugins/maven-shade-plugin/3.6.0/maven-shade-plugin-3.6.0.pom (12 kB at 431 kB/s)
#10 37.84 [INFO] Downloading from central: https://repo.maven.apache.org/maven2/org/ow2/asm/asm/9.7/asm-9.7.pom
#10 37.86 [INFO] Downloaded from central: https://repo.maven.apache.org/maven2/org/ow2/asm/asm/9.7/asm-9.7.pom (2.4 kB at 118 kB/s)
#10 37.86 [INFO] Downloading from central: https://repo.maven.apache.org/maven2/org/ow2/asm/asm-commons/9.7/asm-commons-9.7.pom
#10 37.88 [INFO] Downloaded from central: https://repo.maven.apache.org/maven2/org/ow2/asm/asm-commons/9.7/asm-commons-9.7.pom (2.8 kB at 112 kB/s)
#10 37.89 [INFO] Downloading from central: https://repo.maven.apache.org/maven2/org/ow2/asm/asm-tree/9.7/asm-tree-9.7.pom
#10 37.93 [INFO] Downloaded from central: https://repo.maven.apache.org/maven2/org/ow2/asm/asm-tree/9.7/asm-tree-9.7.pom (2.6 kB at 63 kB/s)
#10 37.93 [INFO] Downloading from central: https://repo.maven.apache.org/maven2/org/jdom/jdom2/2.0.6.1/jdom2-2.0.6.1.pom
#10 37.95 [INFO] Downloaded from central: https://repo.maven.apache.org/maven2/org/jdom/jdom2/2.0.6.1/jdom2-2.0.6.1.pom (4.6 kB at 209 kB/s)
#10 37.96 [INFO] Downloading from central: https://repo.maven.apache.org/maven2/org/apache/commons/commons-compress/1.26.2/commons-compress-1.26.2.pom
#10 37.99 [INFO] Downloaded from central: https://repo.maven.apache.org/maven2/org/apache/commons/commons-compress/1.26.2/commons-compress-1.26.2.pom (23 kB at 765 kB/s)
#10 37.99 [INFO] Downloading from central: https://repo.maven.apache.org/maven2/commons-codec/commons-codec/1.17.0/commons-codec-1.17.0.pom
#10 38.02 [INFO] Downloaded from central: https://repo.maven.apache.org/maven2/commons-codec/commons-codec/1.17.0/commons-codec-1.17.0.pom (18 kB at 638 kB/s)
#10 38.02 [INFO] Downloading from central: https://repo.maven.apache.org/maven2/org/vafer/jdependency/2.10/jdependency-2.10.pom
#10 38.05 [INFO] Downloaded from central: https://repo.maven.apache.org/maven2/org/vafer/jdependency/2.10/jdependency-2.10.pom (14 kB at 520 kB/s)
#10 38.06 [INFO] Downloading from central: https://repo.maven.apache.org/maven2/org/springframework/boot/spring-boot-buildpack-platform/4.0.7/spring-boot-buildpack-platform-4.0.7.jar
#10 38.36 [INFO] Downloaded from central: https://repo.maven.apache.org/maven2/org/springframework/boot/spring-boot-buildpack-platform/4.0.7/spring-boot-buildpack-platform-4.0.7.jar (332 kB at 1.1 MB/s)
#10 38.36 [INFO] Downloading from central: https://repo.maven.apache.org/maven2/net/java/dev/jna/jna-platform/5.17.0/jna-platform-5.17.0.jar
#10 38.36 [INFO] Downloading from central: https://repo.maven.apache.org/maven2/net/java/dev/jna/jna/5.17.0/jna-5.17.0.jar
#10 38.36 [INFO] Downloading from central: https://repo.maven.apache.org/maven2/org/apache/commons/commons-compress/1.27.1/commons-compress-1.27.1.jar
#10 38.36 [INFO] Downloading from central: https://repo.maven.apache.org/maven2/commons-codec/commons-codec/1.17.1/commons-codec-1.17.1.jar
#10 38.36 [INFO] Downloading from central: https://repo.maven.apache.org/maven2/org/apache/commons/commons-lang3/3.16.0/commons-lang3-3.16.0.jar
#10 38.83 [INFO] Downloaded from central: https://repo.maven.apache.org/maven2/org/apache/commons/commons-lang3/3.16.0/commons-lang3-3.16.0.jar (674 kB at 1.5 MB/s)
#10 38.83 [INFO] Downloading from central: https://repo.maven.apache.org/maven2/org/apache/httpcomponents/client5/httpclient5/5.5.2/httpclient5-5.5.2.jar
#10 38.99 [INFO] Downloaded from central: https://repo.maven.apache.org/maven2/commons-codec/commons-codec/1.17.1/commons-codec-1.17.1.jar (373 kB at 590 kB/s)
#10 38.99 [INFO] Downloading from central: https://repo.maven.apache.org/maven2/org/apache/httpcomponents/core5/httpcore5/5.3.6/httpcore5-5.3.6.jar
#10 39.54 [INFO] Downloaded from central: https://repo.maven.apache.org/maven2/org/apache/httpcomponents/client5/httpclient5/5.5.2/httpclient5-5.5.2.jar (961 kB at 817 kB/s)
#10 39.54 [INFO] Downloading from central: https://repo.maven.apache.org/maven2/org/apache/httpcomponents/core5/httpcore5-h2/5.3.6/httpcore5-h2-5.3.6.jar
#10 39.55 [INFO] Downloaded from central: https://repo.maven.apache.org/maven2/org/apache/commons/commons-compress/1.27.1/commons-compress-1.27.1.jar (1.1 MB at 914 kB/s)
#10 39.55 [INFO] Downloading from central: https://repo.maven.apache.org/maven2/org/tomlj/tomlj/1.0.0/tomlj-1.0.0.jar
#10 39.56 [INFO] Downloaded from central: https://repo.maven.apache.org/maven2/net/java/dev/jna/jna-platform/5.17.0/jna-platform-5.17.0.jar (1.4 MB at 1.1 MB/s)
#10 39.56 [INFO] Downloading from central: https://repo.maven.apache.org/maven2/org/antlr/antlr4-runtime/4.7.2/antlr4-runtime-4.7.2.jar
#10 39.66 [INFO] Downloaded from central: https://repo.maven.apache.org/maven2/net/java/dev/jna/jna/5.17.0/jna-5.17.0.jar (2.0 MB at 1.5 MB/s)
#10 39.66 [INFO] Downloading from central: https://repo.maven.apache.org/maven2/com/google/code/findbugs/jsr305/3.0.2/jsr305-3.0.2.jar
#10 39.72 [INFO] Downloaded from central: https://repo.maven.apache.org/maven2/org/tomlj/tomlj/1.0.0/tomlj-1.0.0.jar (157 kB at 116 kB/s)
#10 39.72 [INFO] Downloading from central: https://repo.maven.apache.org/maven2/tools/jackson/core/jackson-databind/3.1.4/jackson-databind-3.1.4.jar
#10 39.73 [INFO] Downloaded from central: https://repo.maven.apache.org/maven2/com/google/code/findbugs/jsr305/3.0.2/jsr305-3.0.2.jar (20 kB at 15 kB/s)
#10 39.73 [INFO] Downloading from central: https://repo.maven.apache.org/maven2/com/fasterxml/jackson/core/jackson-annotations/2.21/jackson-annotations-2.21.jar
#10 39.76 [INFO] Downloaded from central: https://repo.maven.apache.org/maven2/org/apache/httpcomponents/core5/httpcore5-h2/5.3.6/httpcore5-h2-5.3.6.jar (243 kB at 173 kB/s)
#10 39.76 [INFO] Downloading from central: https://repo.maven.apache.org/maven2/tools/jackson/core/jackson-core/3.1.4/jackson-core-3.1.4.jar
#10 39.79 [INFO] Downloaded from central: https://repo.maven.apache.org/maven2/com/fasterxml/jackson/core/jackson-annotations/2.21/jackson-annotations-2.21.jar (82 kB at 57 kB/s)
#10 39.79 [INFO] Downloading from central: https://repo.maven.apache.org/maven2/org/springframework/boot/spring-boot-loader-tools/4.0.7/spring-boot-loader-tools-4.0.7.jar
#10 39.81 [INFO] Downloaded from central: https://repo.maven.apache.org/maven2/org/antlr/antlr4-runtime/4.7.2/antlr4-runtime-4.7.2.jar (338 kB at 233 kB/s)
#10 39.81 [INFO] Downloading from central: https://repo.maven.apache.org/maven2/org/springframework/spring-core/7.0.8/spring-core-7.0.8.jar
#10 40.07 [INFO] Downloaded from central: https://repo.maven.apache.org/maven2/org/springframework/boot/spring-boot-loader-tools/4.0.7/spring-boot-loader-tools-4.0.7.jar (343 kB at 200 kB/s)
#10 40.07 [INFO] Downloading from central: https://repo.maven.apache.org/maven2/commons-logging/commons-logging/1.3.5/commons-logging-1.3.5.jar
#10 40.12 [INFO] Downloaded from central: https://repo.maven.apache.org/maven2/org/apache/httpcomponents/core5/httpcore5/5.3.6/httpcore5-5.3.6.jar (909 kB at 517 kB/s)
#10 40.12 [INFO] Downloading from central: https://repo.maven.apache.org/maven2/org/jspecify/jspecify/1.0.0/jspecify-1.0.0.jar
#10 40.16 [INFO] Downloaded from central: https://repo.maven.apache.org/maven2/commons-logging/commons-logging/1.3.5/commons-logging-1.3.5.jar (74 kB at 41 kB/s)
#10 40.16 [INFO] Downloading from central: https://repo.maven.apache.org/maven2/org/springframework/spring-context/7.0.8/spring-context-7.0.8.jar
#10 40.18 [INFO] Downloaded from central: https://repo.maven.apache.org/maven2/org/jspecify/jspecify/1.0.0/jspecify-1.0.0.jar (3.8 kB at 2.1 kB/s)
#10 40.18 [INFO] Downloading from central: https://repo.maven.apache.org/maven2/org/springframework/spring-aop/7.0.8/spring-aop-7.0.8.jar
#10 40.21 [INFO] Downloaded from central: https://repo.maven.apache.org/maven2/tools/jackson/core/jackson-core/3.1.4/jackson-core-3.1.4.jar (599 kB at 323 kB/s)
#10 40.22 [INFO] Downloading from central: https://repo.maven.apache.org/maven2/org/springframework/spring-beans/7.0.8/spring-beans-7.0.8.jar
#10 40.77 [INFO] Downloaded from central: https://repo.maven.apache.org/maven2/org/springframework/spring-aop/7.0.8/spring-aop-7.0.8.jar (426 kB at 177 kB/s)
#10 40.77 [INFO] Downloading from central: https://repo.maven.apache.org/maven2/org/springframework/spring-expression/7.0.8/spring-expression-7.0.8.jar
#10 40.96 [INFO] Downloaded from central: https://repo.maven.apache.org/maven2/org/springframework/spring-beans/7.0.8/spring-beans-7.0.8.jar (928 kB at 357 kB/s)
#10 40.96 [INFO] Downloading from central: https://repo.maven.apache.org/maven2/io/micrometer/micrometer-observation/1.16.6/micrometer-observation-1.16.6.jar
#10 41.08 [INFO] Downloaded from central: https://repo.maven.apache.org/maven2/io/micrometer/micrometer-observation/1.16.6/micrometer-observation-1.16.6.jar (84 kB at 31 kB/s)
#10 41.08 [INFO] Downloading from central: https://repo.maven.apache.org/maven2/io/micrometer/micrometer-commons/1.16.6/micrometer-commons-1.16.6.jar
#10 41.19 [INFO] Downloaded from central: https://repo.maven.apache.org/maven2/io/micrometer/micrometer-commons/1.16.6/micrometer-commons-1.16.6.jar (52 kB at 18 kB/s)
#10 41.19 [INFO] Downloading from central: https://repo.maven.apache.org/maven2/org/apache/maven/plugins/maven-shade-plugin/3.6.0/maven-shade-plugin-3.6.0.jar
#10 41.22 [INFO] Downloaded from central: https://repo.maven.apache.org/maven2/org/springframework/spring-expression/7.0.8/spring-expression-7.0.8.jar (326 kB at 114 kB/s)
#10 41.22 [INFO] Downloading from central: https://repo.maven.apache.org/maven2/org/ow2/asm/asm/9.7/asm-9.7.jar
#10 41.32 [INFO] Downloaded from central: https://repo.maven.apache.org/maven2/org/springframework/spring-context/7.0.8/spring-context-7.0.8.jar (1.4 MB at 473 kB/s)
#10 41.32 [INFO] Downloading from central: https://repo.maven.apache.org/maven2/org/ow2/asm/asm-commons/9.7/asm-commons-9.7.jar
#10 41.37 [INFO] Downloaded from central: https://repo.maven.apache.org/maven2/org/springframework/spring-core/7.0.8/spring-core-7.0.8.jar (2.0 MB at 677 kB/s)
#10 41.37 [INFO] Downloading from central: https://repo.maven.apache.org/maven2/org/ow2/asm/asm-tree/9.7/asm-tree-9.7.jar
#10 41.37 [INFO] Downloaded from central: https://repo.maven.apache.org/maven2/tools/jackson/core/jackson-databind/3.1.4/jackson-databind-3.1.4.jar (1.9 MB at 645 kB/s)
#10 41.37 [INFO] Downloading from central: https://repo.maven.apache.org/maven2/org/jdom/jdom2/2.0.6.1/jdom2-2.0.6.1.jar
#10 41.37 [INFO] Downloaded from central: https://repo.maven.apache.org/maven2/org/apache/maven/plugins/maven-shade-plugin/3.6.0/maven-shade-plugin-3.6.0.jar (150 kB at 50 kB/s)
#10 41.37 [INFO] Downloading from central: https://repo.maven.apache.org/maven2/org/vafer/jdependency/2.10/jdependency-2.10.jar
#10 41.39 [INFO] Downloaded from central: https://repo.maven.apache.org/maven2/org/ow2/asm/asm-commons/9.7/asm-commons-9.7.jar (73 kB at 24 kB/s)
#10 41.39 [INFO] Downloaded from central: https://repo.maven.apache.org/maven2/org/ow2/asm/asm/9.7/asm-9.7.jar (125 kB at 41 kB/s)
#10 41.44 [INFO] Downloaded from central: https://repo.maven.apache.org/maven2/org/ow2/asm/asm-tree/9.7/asm-tree-9.7.jar (52 kB at 17 kB/s)
#10 41.57 [INFO] Downloaded from central: https://repo.maven.apache.org/maven2/org/jdom/jdom2/2.0.6.1/jdom2-2.0.6.1.jar (328 kB at 102 kB/s)
#10 41.62 [INFO] Downloaded from central: https://repo.maven.apache.org/maven2/org/vafer/jdependency/2.10/jdependency-2.10.jar (416 kB at 128 kB/s)
#10 41.64 [INFO]       spring-boot-maven-plugin-4.0.7.jar
#10 41.64 [INFO]       spring-boot-buildpack-platform-4.0.7.jar
#10 41.64 [INFO]       jna-platform-5.17.0.jar
#10 41.64 [INFO]       jna-5.17.0.jar
#10 41.64 [INFO]       commons-compress-1.27.1.jar
#10 41.64 [INFO]       commons-codec-1.17.1.jar
#10 41.64 [INFO]       commons-lang3-3.16.0.jar
#10 41.64 [INFO]       httpclient5-5.5.2.jar
#10 41.64 [INFO]       httpcore5-5.3.6.jar
#10 41.64 [INFO]       httpcore5-h2-5.3.6.jar
#10 41.64 [INFO]       tomlj-1.0.0.jar
#10 41.64 [INFO]       antlr4-runtime-4.7.2.jar
#10 41.64 [INFO]       jsr305-3.0.2.jar
#10 41.64 [INFO]       jackson-databind-3.1.4.jar
#10 41.64 [INFO]       jackson-annotations-2.21.jar
#10 41.64 [INFO]       jackson-core-3.1.4.jar
#10 41.64 [INFO]       spring-boot-loader-tools-4.0.7.jar
#10 41.64 [INFO]       maven-common-artifact-filters-3.4.0.jar
#10 41.64 [INFO]       slf4j-api-1.7.36.jar
#10 41.64 [INFO]       maven-resolver-util-1.4.1.jar
#10 41.64 [INFO]       maven-resolver-api-1.4.1.jar
#10 41.64 [INFO]       plexus-build-api-0.0.7.jar
#10 41.64 [INFO]       spring-core-7.0.8.jar
#10 41.64 [INFO]       commons-logging-1.3.5.jar
#10 41.64 [INFO]       jspecify-1.0.0.jar
#10 41.64 [INFO]       spring-context-7.0.8.jar
#10 41.64 [INFO]       spring-aop-7.0.8.jar
#10 41.64 [INFO]       spring-beans-7.0.8.jar
#10 41.64 [INFO]       spring-expression-7.0.8.jar
#10 41.64 [INFO]       micrometer-observation-1.16.6.jar
#10 41.64 [INFO]       micrometer-commons-1.16.6.jar
#10 41.64 [INFO]       maven-shade-plugin-3.6.0.jar
#10 41.64 [INFO]       plexus-utils-3.5.1.jar
#10 41.64 [INFO]       asm-9.7.jar
#10 41.64 [INFO]       asm-commons-9.7.jar
#10 41.64 [INFO]       asm-tree-9.7.jar
#10 41.64 [INFO]       jdom2-2.0.6.1.jar
#10 41.64 [INFO]       commons-io-2.16.1.jar
#10 41.64 [INFO]       jdependency-2.10.jar
#10 41.64 [INFO] Resolved plugin: maven-deploy-plugin-3.1.4.jar
#10 41.64 [INFO] Resolved plugin dependency:
#10 41.65 [INFO]       maven-deploy-plugin-3.1.4.jar
#10 41.65 [INFO]       plexus-utils-4.0.1.jar
#10 41.65 [INFO]       plexus-xml-3.0.1.jar
#10 41.65 [INFO]       maven-resolver-util-1.9.22.jar
#10 41.65 [INFO]       maven-resolver-api-1.9.22.jar
#10 41.66 [INFO] Downloading from central: https://repo.maven.apache.org/maven2/org/springframework/boot/spring-boot-starter-webmvc/4.0.7/spring-boot-starter-webmvc-4.0.7.pom
#10 41.70 [INFO] Downloaded from central: https://repo.maven.apache.org/maven2/org/springframework/boot/spring-boot-starter-webmvc/4.0.7/spring-boot-starter-webmvc-4.0.7.pom (2.9 kB at 85 kB/s)
#10 41.70 [INFO] Downloading from central: https://repo.maven.apache.org/maven2/org/springframework/boot/spring-boot-starter/4.0.7/spring-boot-starter-4.0.7.pom
#10 41.73 [INFO] Downloaded from central: https://repo.maven.apache.org/maven2/org/springframework/boot/spring-boot-starter/4.0.7/spring-boot-starter-4.0.7.pom (2.7 kB at 89 kB/s)
#10 41.73 [INFO] Downloading from central: https://repo.maven.apache.org/maven2/org/springframework/boot/spring-boot-starter-logging/4.0.7/spring-boot-starter-logging-4.0.7.pom
#10 41.76 [INFO] Downloaded from central: https://repo.maven.apache.org/maven2/org/springframework/boot/spring-boot-starter-logging/4.0.7/spring-boot-starter-logging-4.0.7.pom (2.4 kB at 81 kB/s)
#10 41.77 [INFO] Downloading from central: https://repo.maven.apache.org/maven2/ch/qos/logback/logback-classic/1.5.34/logback-classic-1.5.34.pom
#10 41.81 [INFO] Downloaded from central: https://repo.maven.apache.org/maven2/ch/qos/logback/logback-classic/1.5.34/logback-classic-1.5.34.pom (16 kB at 454 kB/s)
#10 41.81 [INFO] Downloading from central: https://repo.maven.apache.org/maven2/ch/qos/logback/logback-parent/1.5.34/logback-parent-1.5.34.pom
#10 41.84 [INFO] Downloaded from central: https://repo.maven.apache.org/maven2/ch/qos/logback/logback-parent/1.5.34/logback-parent-1.5.34.pom (20 kB at 667 kB/s)
#10 41.84 [INFO] Downloading from central: https://repo.maven.apache.org/maven2/ch/qos/logback/logback-core/1.5.34/logback-core-1.5.34.pom
#10 41.87 [INFO] Downloaded from central: https://repo.maven.apache.org/maven2/ch/qos/logback/logback-core/1.5.34/logback-core-1.5.34.pom (9.4 kB at 314 kB/s)
#10 41.88 [INFO] Downloading from central: https://repo.maven.apache.org/maven2/org/slf4j/slf4j-api/2.0.18/slf4j-api-2.0.18.pom
#10 41.90 [INFO] Downloaded from central: https://repo.maven.apache.org/maven2/org/slf4j/slf4j-api/2.0.18/slf4j-api-2.0.18.pom (2.8 kB at 101 kB/s)
#10 41.91 [INFO] Downloading from central: https://repo.maven.apache.org/maven2/org/slf4j/slf4j-parent/2.0.18/slf4j-parent-2.0.18.pom
#10 41.93 [INFO] Downloaded from central: https://repo.maven.apache.org/maven2/org/slf4j/slf4j-parent/2.0.18/slf4j-parent-2.0.18.pom (13 kB at 461 kB/s)
#10 41.94 [INFO] Downloading from central: https://repo.maven.apache.org/maven2/org/slf4j/slf4j-bom/2.0.18/slf4j-bom-2.0.18.pom
#10 41.97 [INFO] Downloaded from central: https://repo.maven.apache.org/maven2/org/slf4j/slf4j-bom/2.0.18/slf4j-bom-2.0.18.pom (7.9 kB at 246 kB/s)
#10 41.97 [INFO] Downloading from central: https://repo.maven.apache.org/maven2/org/apache/logging/log4j/log4j-to-slf4j/2.25.4/log4j-to-slf4j-2.25.4.pom
#10 42.01 [INFO] Downloaded from central: https://repo.maven.apache.org/maven2/org/apache/logging/log4j/log4j-to-slf4j/2.25.4/log4j-to-slf4j-2.25.4.pom (5.5 kB at 141 kB/s)
#10 42.02 [INFO] Downloading from central: https://repo.maven.apache.org/maven2/org/apache/logging/log4j/log4j/2.25.4/log4j-2.25.4.pom
#10 42.06 [INFO] Downloaded from central: https://repo.maven.apache.org/maven2/org/apache/logging/log4j/log4j/2.25.4/log4j-2.25.4.pom (41 kB at 943 kB/s)
#10 42.07 [INFO] Downloading from central: https://repo.maven.apache.org/maven2/org/apache/groovy/groovy-bom/4.0.27/groovy-bom-4.0.27.pom
#10 42.11 [INFO] Downloaded from central: https://repo.maven.apache.org/maven2/org/apache/groovy/groovy-bom/4.0.27/groovy-bom-4.0.27.pom (27 kB at 682 kB/s)
#10 42.11 [INFO] Downloading from central: https://repo.maven.apache.org/maven2/com/fasterxml/jackson/jackson-bom/2.19.1/jackson-bom-2.19.1.pom
#10 42.14 [INFO] Downloaded from central: https://repo.maven.apache.org/maven2/com/fasterxml/jackson/jackson-bom/2.19.1/jackson-bom-2.19.1.pom (20 kB at 614 kB/s)
#10 42.14 [INFO] Downloading from central: https://repo.maven.apache.org/maven2/com/fasterxml/jackson/jackson-parent/2.19.2/jackson-parent-2.19.2.pom
#10 42.17 [INFO] Downloaded from central: https://repo.maven.apache.org/maven2/com/fasterxml/jackson/jackson-parent/2.19.2/jackson-parent-2.19.2.pom (7.2 kB at 266 kB/s)
#10 42.17 [INFO] Downloading from central: https://repo.maven.apache.org/maven2/com/fasterxml/oss-parent/68/oss-parent-68.pom
#10 42.20 [INFO] Downloaded from central: https://repo.maven.apache.org/maven2/com/fasterxml/oss-parent/68/oss-parent-68.pom (24 kB at 844 kB/s)
#10 42.20 [INFO] Downloading from central: https://repo.maven.apache.org/maven2/jakarta/platform/jakarta.jakartaee-bom/9.1.0/jakarta.jakartaee-bom-9.1.0.pom
#10 42.23 [INFO] Downloaded from central: https://repo.maven.apache.org/maven2/jakarta/platform/jakarta.jakartaee-bom/9.1.0/jakarta.jakartaee-bom-9.1.0.pom (9.6 kB at 354 kB/s)
#10 42.23 [INFO] Downloading from central: https://repo.maven.apache.org/maven2/jakarta/platform/jakartaee-api-parent/9.1.0/jakartaee-api-parent-9.1.0.pom
#10 42.26 [INFO] Downloaded from central: https://repo.maven.apache.org/maven2/jakarta/platform/jakartaee-api-parent/9.1.0/jakartaee-api-parent-9.1.0.pom (15 kB at 495 kB/s)
#10 42.26 [INFO] Downloading from central: https://repo.maven.apache.org/maven2/org/eclipse/ee4j/project/1.0.7/project-1.0.7.pom
#10 42.29 [INFO] Downloaded from central: https://repo.maven.apache.org/maven2/org/eclipse/ee4j/project/1.0.7/project-1.0.7.pom (14 kB at 457 kB/s)
#10 42.29 [INFO] Downloading from central: https://repo.maven.apache.org/maven2/org/junit/junit-bom/5.13.2/junit-bom-5.13.2.pom
#10 42.32 [INFO] Downloaded from central: https://repo.maven.apache.org/maven2/org/junit/junit-bom/5.13.2/junit-bom-5.13.2.pom (5.7 kB at 210 kB/s)
#10 42.32 [INFO] Downloading from central: https://repo.maven.apache.org/maven2/org/mockito/mockito-bom/4.11.0/mockito-bom-4.11.0.pom
#10 42.36 [INFO] Downloaded from central: https://repo.maven.apache.org/maven2/org/mockito/mockito-bom/4.11.0/mockito-bom-4.11.0.pom (3.2 kB at 77 kB/s)
#10 42.36 [INFO] Downloading from central: https://repo.maven.apache.org/maven2/org/springframework/spring-framework-bom/5.3.39/spring-framework-bom-5.3.39.pom
#10 42.39 [INFO] Downloaded from central: https://repo.maven.apache.org/maven2/org/springframework/spring-framework-bom/5.3.39/spring-framework-bom-5.3.39.pom (5.7 kB at 209 kB/s)
#10 42.39 [INFO] Downloading from central: https://repo.maven.apache.org/maven2/org/apache/logging/log4j/log4j-api/2.25.4/log4j-api-2.25.4.pom
#10 42.42 [INFO] Downloaded from central: https://repo.maven.apache.org/maven2/org/apache/logging/log4j/log4j-api/2.25.4/log4j-api-2.25.4.pom (4.5 kB at 150 kB/s)
#10 42.42 [INFO] Downloading from central: https://repo.maven.apache.org/maven2/org/slf4j/jul-to-slf4j/2.0.18/jul-to-slf4j-2.0.18.pom
#10 42.45 [INFO] Downloaded from central: https://repo.maven.apache.org/maven2/org/slf4j/jul-to-slf4j/2.0.18/jul-to-slf4j-2.0.18.pom (1.1 kB at 39 kB/s)
#10 42.45 [INFO] Downloading from central: https://repo.maven.apache.org/maven2/org/springframework/boot/spring-boot-autoconfigure/4.0.7/spring-boot-autoconfigure-4.0.7.pom
#10 42.49 [INFO] Downloaded from central: https://repo.maven.apache.org/maven2/org/springframework/boot/spring-boot-autoconfigure/4.0.7/spring-boot-autoconfigure-4.0.7.pom (2.1 kB at 62 kB/s)
#10 42.49 [INFO] Downloading from central: https://repo.maven.apache.org/maven2/org/springframework/boot/spring-boot/4.0.7/spring-boot-4.0.7.pom
#10 42.52 [INFO] Downloaded from central: https://repo.maven.apache.org/maven2/org/springframework/boot/spring-boot/4.0.7/spring-boot-4.0.7.pom (2.2 kB at 67 kB/s)
#10 42.53 [INFO] Downloading from central: https://repo.maven.apache.org/maven2/commons-logging/commons-logging/1.3.6/commons-logging-1.3.6.pom
#10 42.56 [INFO] Downloaded from central: https://repo.maven.apache.org/maven2/commons-logging/commons-logging/1.3.6/commons-logging-1.3.6.pom (32 kB at 1.0 MB/s)
#10 42.56 [INFO] Downloading from central: https://repo.maven.apache.org/maven2/org/apache/commons/commons-parent/97/commons-parent-97.pom
#10 42.60 [INFO] Downloaded from central: https://repo.maven.apache.org/maven2/org/apache/commons/commons-parent/97/commons-parent-97.pom (80 kB at 2.0 MB/s)
#10 42.60 [INFO] Downloading from central: https://repo.maven.apache.org/maven2/org/junit/junit-bom/5.14.2/junit-bom-5.14.2.pom
#10 42.63 [INFO] Downloaded from central: https://repo.maven.apache.org/maven2/org/junit/junit-bom/5.14.2/junit-bom-5.14.2.pom (5.7 kB at 202 kB/s)
#10 42.64 [INFO] Downloading from central: https://repo.maven.apache.org/maven2/jakarta/annotation/jakarta.annotation-api/3.0.0/jakarta.annotation-api-3.0.0.pom
#10 42.67 [INFO] Downloaded from central: https://repo.maven.apache.org/maven2/jakarta/annotation/jakarta.annotation-api/3.0.0/jakarta.annotation-api-3.0.0.pom (15 kB at 458 kB/s)
#10 42.67 [INFO] Downloading from central: https://repo.maven.apache.org/maven2/org/yaml/snakeyaml/2.5/snakeyaml-2.5.pom
#10 42.71 [INFO] Downloaded from central: https://repo.maven.apache.org/maven2/org/yaml/snakeyaml/2.5/snakeyaml-2.5.pom (21 kB at 584 kB/s)
#10 42.71 [INFO] Downloading from central: https://repo.maven.apache.org/maven2/org/springframework/boot/spring-boot-starter-jackson/4.0.7/spring-boot-starter-jackson-4.0.7.pom
#10 42.75 [INFO] Downloaded from central: https://repo.maven.apache.org/maven2/org/springframework/boot/spring-boot-starter-jackson/4.0.7/spring-boot-starter-jackson-4.0.7.pom (2.3 kB at 57 kB/s)
#10 42.75 [INFO] Downloading from central: https://repo.maven.apache.org/maven2/org/springframework/boot/spring-boot-jackson/4.0.7/spring-boot-jackson-4.0.7.pom
#10 42.79 [INFO] Downloaded from central: https://repo.maven.apache.org/maven2/org/springframework/boot/spring-boot-jackson/4.0.7/spring-boot-jackson-4.0.7.pom (2.2 kB at 68 kB/s)
#10 42.79 [INFO] Downloading from central: https://repo.maven.apache.org/maven2/org/springframework/boot/spring-boot-starter-tomcat/4.0.7/spring-boot-starter-tomcat-4.0.7.pom
#10 42.83 [INFO] Downloaded from central: https://repo.maven.apache.org/maven2/org/springframework/boot/spring-boot-starter-tomcat/4.0.7/spring-boot-starter-tomcat-4.0.7.pom (2.5 kB at 68 kB/s)
#10 42.83 [INFO] Downloading from central: https://repo.maven.apache.org/maven2/org/springframework/boot/spring-boot-starter-tomcat-runtime/4.0.7/spring-boot-starter-tomcat-runtime-4.0.7.pom
#10 42.86 [INFO] Downloaded from central: https://repo.maven.apache.org/maven2/org/springframework/boot/spring-boot-starter-tomcat-runtime/4.0.7/spring-boot-starter-tomcat-runtime-4.0.7.pom (3.7 kB at 117 kB/s)
#10 42.86 [INFO] Downloading from central: https://repo.maven.apache.org/maven2/org/springframework/boot/spring-boot-tomcat/4.0.7/spring-boot-tomcat-4.0.7.pom
#10 42.90 [INFO] Downloaded from central: https://repo.maven.apache.org/maven2/org/springframework/boot/spring-boot-tomcat/4.0.7/spring-boot-tomcat-4.0.7.pom (2.6 kB at 75 kB/s)
#10 42.90 [INFO] Downloading from central: https://repo.maven.apache.org/maven2/org/springframework/boot/spring-boot-web-server/4.0.7/spring-boot-web-server-4.0.7.pom
#10 42.93 [INFO] Downloaded from central: https://repo.maven.apache.org/maven2/org/springframework/boot/spring-boot-web-server/4.0.7/spring-boot-web-server-4.0.7.pom (2.2 kB at 74 kB/s)
#10 42.94 [INFO] Downloading from central: https://repo.maven.apache.org/maven2/org/apache/tomcat/embed/tomcat-embed-core/11.0.22/tomcat-embed-core-11.0.22.pom
#10 42.97 [INFO] Downloaded from central: https://repo.maven.apache.org/maven2/org/apache/tomcat/embed/tomcat-embed-core/11.0.22/tomcat-embed-core-11.0.22.pom (1.8 kB at 51 kB/s)
#10 42.97 [INFO] Downloading from central: https://repo.maven.apache.org/maven2/org/apache/tomcat/embed/tomcat-embed-el/11.0.22/tomcat-embed-el-11.0.22.pom
#10 43.00 [INFO] Downloaded from central: https://repo.maven.apache.org/maven2/org/apache/tomcat/embed/tomcat-embed-el/11.0.22/tomcat-embed-el-11.0.22.pom (1.5 kB at 53 kB/s)
#10 43.00 [INFO] Downloading from central: https://repo.maven.apache.org/maven2/org/apache/tomcat/embed/tomcat-embed-websocket/11.0.22/tomcat-embed-websocket-11.0.22.pom
#10 43.03 [INFO] Downloaded from central: https://repo.maven.apache.org/maven2/org/apache/tomcat/embed/tomcat-embed-websocket/11.0.22/tomcat-embed-websocket-11.0.22.pom (1.8 kB at 64 kB/s)
#10 43.04 [INFO] Downloading from central: https://repo.maven.apache.org/maven2/org/springframework/spring-web/7.0.8/spring-web-7.0.8.pom
#10 43.06 [INFO] Downloaded from central: https://repo.maven.apache.org/maven2/org/springframework/spring-web/7.0.8/spring-web-7.0.8.pom (2.4 kB at 86 kB/s)
#10 43.07 [INFO] Downloading from central: https://repo.maven.apache.org/maven2/org/springframework/boot/spring-boot-http-converter/4.0.7/spring-boot-http-converter-4.0.7.pom
#10 43.09 [INFO] Downloaded from central: https://repo.maven.apache.org/maven2/org/springframework/boot/spring-boot-http-converter/4.0.7/spring-boot-http-converter-4.0.7.pom (2.2 kB at 83 kB/s)
#10 43.09 [INFO] Downloading from central: https://repo.maven.apache.org/maven2/org/springframework/boot/spring-boot-webmvc/4.0.7/spring-boot-webmvc-4.0.7.pom
#10 43.12 [INFO] Downloaded from central: https://repo.maven.apache.org/maven2/org/springframework/boot/spring-boot-webmvc/4.0.7/spring-boot-webmvc-4.0.7.pom (2.6 kB at 105 kB/s)
#10 43.12 [INFO] Downloading from central: https://repo.maven.apache.org/maven2/org/springframework/boot/spring-boot-servlet/4.0.7/spring-boot-servlet-4.0.7.pom
#10 43.15 [INFO] Downloaded from central: https://repo.maven.apache.org/maven2/org/springframework/boot/spring-boot-servlet/4.0.7/spring-boot-servlet-4.0.7.pom (2.2 kB at 79 kB/s)
#10 43.15 [INFO] Downloading from central: https://repo.maven.apache.org/maven2/org/springframework/spring-webmvc/7.0.8/spring-webmvc-7.0.8.pom
#10 43.18 [INFO] Downloaded from central: https://repo.maven.apache.org/maven2/org/springframework/spring-webmvc/7.0.8/spring-webmvc-7.0.8.pom (3.0 kB at 114 kB/s)
#10 43.18 [INFO] Downloading from central: https://repo.maven.apache.org/maven2/org/postgresql/postgresql/42.7.11/postgresql-42.7.11.pom
#10 43.21 [INFO] Downloaded from central: https://repo.maven.apache.org/maven2/org/postgresql/postgresql/42.7.11/postgresql-42.7.11.pom (2.4 kB at 74 kB/s)
#10 43.21 [INFO] Downloading from central: https://repo.maven.apache.org/maven2/org/springframework/boot/spring-boot-h2console/4.0.7/spring-boot-h2console-4.0.7.pom
#10 43.24 [INFO] Downloaded from central: https://repo.maven.apache.org/maven2/org/springframework/boot/spring-boot-h2console/4.0.7/spring-boot-h2console-4.0.7.pom (2.4 kB at 80 kB/s)
#10 43.25 [INFO] Downloading from central: https://repo.maven.apache.org/maven2/jakarta/servlet/jakarta.servlet-api/6.1.0/jakarta.servlet-api-6.1.0.pom
#10 43.28 [INFO] Downloaded from central: https://repo.maven.apache.org/maven2/jakarta/servlet/jakarta.servlet-api/6.1.0/jakarta.servlet-api-6.1.0.pom (19 kB at 616 kB/s)
#10 43.28 [INFO] Downloading from central: https://repo.maven.apache.org/maven2/com/h2database/h2/2.4.240/h2-2.4.240.pom
#10 43.32 [INFO] Downloaded from central: https://repo.maven.apache.org/maven2/com/h2database/h2/2.4.240/h2-2.4.240.pom (1.1 kB at 32 kB/s)
#10 43.32 [INFO] Downloading from central: https://repo.maven.apache.org/maven2/org/springframework/boot/spring-boot-starter-data-jpa/4.0.7/spring-boot-starter-data-jpa-4.0.7.pom
#10 43.35 [INFO] Downloaded from central: https://repo.maven.apache.org/maven2/org/springframework/boot/spring-boot-starter-data-jpa/4.0.7/spring-boot-starter-data-jpa-4.0.7.pom (2.7 kB at 93 kB/s)
#10 43.36 [INFO] Downloading from central: https://repo.maven.apache.org/maven2/org/springframework/boot/spring-boot-starter-jdbc/4.0.7/spring-boot-starter-jdbc-4.0.7.pom
#10 43.38 [INFO] Downloaded from central: https://repo.maven.apache.org/maven2/org/springframework/boot/spring-boot-starter-jdbc/4.0.7/spring-boot-starter-jdbc-4.0.7.pom (2.5 kB at 85 kB/s)
#10 43.39 [INFO] Downloading from central: https://repo.maven.apache.org/maven2/org/springframework/boot/spring-boot-jdbc/4.0.7/spring-boot-jdbc-4.0.7.pom
#10 43.47 [INFO] Downloaded from central: https://repo.maven.apache.org/maven2/org/springframework/boot/spring-boot-jdbc/4.0.7/spring-boot-jdbc-4.0.7.pom (2.6 kB at 32 kB/s)
#10 43.47 [INFO] Downloading from central: https://repo.maven.apache.org/maven2/org/springframework/boot/spring-boot-sql/4.0.7/spring-boot-sql-4.0.7.pom
#10 43.50 [INFO] Downloaded from central: https://repo.maven.apache.org/maven2/org/springframework/boot/spring-boot-sql/4.0.7/spring-boot-sql-4.0.7.pom (2.0 kB at 72 kB/s)
#10 43.50 [INFO] Downloading from central: https://repo.maven.apache.org/maven2/org/springframework/boot/spring-boot-transaction/4.0.7/spring-boot-transaction-4.0.7.pom
#10 43.53 [INFO] Downloaded from central: https://repo.maven.apache.org/maven2/org/springframework/boot/spring-boot-transaction/4.0.7/spring-boot-transaction-4.0.7.pom (2.4 kB at 84 kB/s)
#10 43.53 [INFO] Downloading from central: https://repo.maven.apache.org/maven2/org/springframework/boot/spring-boot-persistence/4.0.7/spring-boot-persistence-4.0.7.pom
#10 43.57 [INFO] Downloaded from central: https://repo.maven.apache.org/maven2/org/springframework/boot/spring-boot-persistence/4.0.7/spring-boot-persistence-4.0.7.pom (2.2 kB at 66 kB/s)
#10 43.57 [INFO] Downloading from central: https://repo.maven.apache.org/maven2/org/springframework/spring-tx/7.0.8/spring-tx-7.0.8.pom
#10 43.60 [INFO] Downloaded from central: https://repo.maven.apache.org/maven2/org/springframework/spring-tx/7.0.8/spring-tx-7.0.8.pom (2.2 kB at 72 kB/s)
#10 43.60 [INFO] Downloading from central: https://repo.maven.apache.org/maven2/org/springframework/spring-jdbc/7.0.8/spring-jdbc-7.0.8.pom
#10 43.63 [INFO] Downloaded from central: https://repo.maven.apache.org/maven2/org/springframework/spring-jdbc/7.0.8/spring-jdbc-7.0.8.pom (2.4 kB at 80 kB/s)
#10 43.64 [INFO] Downloading from central: https://repo.maven.apache.org/maven2/com/zaxxer/HikariCP/7.0.2/HikariCP-7.0.2.pom
#10 43.67 [INFO] Downloaded from central: https://repo.maven.apache.org/maven2/com/zaxxer/HikariCP/7.0.2/HikariCP-7.0.2.pom (29 kB at 894 kB/s)
#10 43.68 [INFO] Downloading from central: https://repo.maven.apache.org/maven2/org/springframework/boot/spring-boot-data-jpa/4.0.7/spring-boot-data-jpa-4.0.7.pom
#10 43.71 [INFO] Downloaded from central: https://repo.maven.apache.org/maven2/org/springframework/boot/spring-boot-data-jpa/4.0.7/spring-boot-data-jpa-4.0.7.pom (2.6 kB at 98 kB/s)
#10 43.71 [INFO] Downloading from central: https://repo.maven.apache.org/maven2/org/springframework/boot/spring-boot-data-commons/4.0.7/spring-boot-data-commons-4.0.7.pom
#10 43.74 [INFO] Downloaded from central: https://repo.maven.apache.org/maven2/org/springframework/boot/spring-boot-data-commons/4.0.7/spring-boot-data-commons-4.0.7.pom (2.5 kB at 88 kB/s)
#10 43.74 [INFO] Downloading from central: https://repo.maven.apache.org/maven2/org/springframework/data/spring-data-commons/4.0.6/spring-data-commons-4.0.6.pom
#10 43.78 [INFO] Downloaded from central: https://repo.maven.apache.org/maven2/org/springframework/data/spring-data-commons/4.0.6/spring-data-commons-4.0.6.pom (10 kB at 308 kB/s)
#10 43.78 [INFO] Downloading from central: https://repo.maven.apache.org/maven2/org/springframework/data/build/spring-data-parent/4.0.6/spring-data-parent-4.0.6.pom
#10 43.82 [INFO] Downloaded from central: https://repo.maven.apache.org/maven2/org/springframework/data/build/spring-data-parent/4.0.6/spring-data-parent-4.0.6.pom (49 kB at 1.2 MB/s)
#10 43.83 [INFO] Downloading from central: https://repo.maven.apache.org/maven2/org/springframework/data/build/spring-data-build/4.0.6/spring-data-build-4.0.6.pom
#10 43.85 [INFO] Downloaded from central: https://repo.maven.apache.org/maven2/org/springframework/data/build/spring-data-build/4.0.6/spring-data-build-4.0.6.pom (6.0 kB at 208 kB/s)
#10 43.86 [INFO] Downloading from central: https://repo.maven.apache.org/maven2/io/micrometer/micrometer-tracing-bom/1.6.6/micrometer-tracing-bom-1.6.6.pom
#10 43.89 [INFO] Downloaded from central: https://repo.maven.apache.org/maven2/io/micrometer/micrometer-tracing-bom/1.6.6/micrometer-tracing-bom-1.6.6.pom (4.4 kB at 146 kB/s)
#10 43.89 [INFO] Downloading from central: https://repo.maven.apache.org/maven2/org/jmolecules/jmolecules-bom/2025.0.2/jmolecules-bom-2025.0.2.pom
#10 43.92 [INFO] Downloaded from central: https://repo.maven.apache.org/maven2/org/jmolecules/jmolecules-bom/2025.0.2/jmolecules-bom-2025.0.2.pom (4.9 kB at 177 kB/s)
#10 43.92 [INFO] Downloading from central: https://repo.maven.apache.org/maven2/org/springframework/boot/spring-boot-hibernate/4.0.7/spring-boot-hibernate-4.0.7.pom
#10 43.95 [INFO] Downloaded from central: https://repo.maven.apache.org/maven2/org/springframework/boot/spring-boot-hibernate/4.0.7/spring-boot-hibernate-4.0.7.pom (2.4 kB at 90 kB/s)
#10 43.95 [INFO] Downloading from central: https://repo.maven.apache.org/maven2/org/springframework/boot/spring-boot-jpa/4.0.7/spring-boot-jpa-4.0.7.pom
#10 43.98 [INFO] Downloaded from central: https://repo.maven.apache.org/maven2/org/springframework/boot/spring-boot-jpa/4.0.7/spring-boot-jpa-4.0.7.pom (2.6 kB at 93 kB/s)
#10 43.98 [INFO] Downloading from central: https://repo.maven.apache.org/maven2/jakarta/persistence/jakarta.persistence-api/3.2.0/jakarta.persistence-api-3.2.0.pom
#10 44.01 [INFO] Downloaded from central: https://repo.maven.apache.org/maven2/jakarta/persistence/jakarta.persistence-api/3.2.0/jakarta.persistence-api-3.2.0.pom (16 kB at 529 kB/s)
#10 44.01 [INFO] Downloading from central: https://repo.maven.apache.org/maven2/org/springframework/spring-orm/7.0.8/spring-orm-7.0.8.pom
#10 44.05 [INFO] Downloaded from central: https://repo.maven.apache.org/maven2/org/springframework/spring-orm/7.0.8/spring-orm-7.0.8.pom (2.6 kB at 73 kB/s)
#10 44.05 [INFO] Downloading from central: https://repo.maven.apache.org/maven2/org/hibernate/orm/hibernate-core/7.2.19.Final/hibernate-core-7.2.19.Final.pom
#10 44.08 [INFO] Downloaded from central: https://repo.maven.apache.org/maven2/org/hibernate/orm/hibernate-core/7.2.19.Final/hibernate-core-7.2.19.Final.pom (5.4 kB at 192 kB/s)
#10 44.08 [INFO] Downloading from central: https://repo.maven.apache.org/maven2/jakarta/transaction/jakarta.transaction-api/2.0.1/jakarta.transaction-api-2.0.1.pom
#10 44.11 [INFO] Downloaded from central: https://repo.maven.apache.org/maven2/jakarta/transaction/jakarta.transaction-api/2.0.1/jakarta.transaction-api-2.0.1.pom (14 kB at 440 kB/s)
#10 44.12 [INFO] Downloading from central: https://repo.maven.apache.org/maven2/org/eclipse/ee4j/project/1.0.6/project-1.0.6.pom
#10 44.15 [INFO] Downloaded from central: https://repo.maven.apache.org/maven2/org/eclipse/ee4j/project/1.0.6/project-1.0.6.pom (13 kB at 444 kB/s)
#10 44.15 [INFO] Downloading from central: https://repo.maven.apache.org/maven2/org/jboss/logging/jboss-logging/3.6.3.Final/jboss-logging-3.6.3.Final.pom
#10 44.18 [INFO] Downloaded from central: https://repo.maven.apache.org/maven2/org/jboss/logging/jboss-logging/3.6.3.Final/jboss-logging-3.6.3.Final.pom (23 kB at 708 kB/s)
#10 44.18 [INFO] Downloading from central: https://repo.maven.apache.org/maven2/org/jboss/jboss-parent/52/jboss-parent-52.pom
#10 44.23 [INFO] Downloaded from central: https://repo.maven.apache.org/maven2/org/jboss/jboss-parent/52/jboss-parent-52.pom (102 kB at 2.4 MB/s)
#10 44.23 [INFO] Downloading from central: https://repo.maven.apache.org/maven2/org/hibernate/models/hibernate-models/1.0.1/hibernate-models-1.0.1.pom
#10 44.26 [INFO] Downloaded from central: https://repo.maven.apache.org/maven2/org/hibernate/models/hibernate-models/1.0.1/hibernate-models-1.0.1.pom (2.1 kB at 71 kB/s)
#10 44.27 [INFO] Downloading from central: https://repo.maven.apache.org/maven2/com/fasterxml/classmate/1.7.3/classmate-1.7.3.pom
#10 44.30 [INFO] Downloaded from central: https://repo.maven.apache.org/maven2/com/fasterxml/classmate/1.7.3/classmate-1.7.3.pom (6.5 kB at 197 kB/s)
#10 44.30 [INFO] Downloading from central: https://repo.maven.apache.org/maven2/com/fasterxml/oss-parent/74/oss-parent-74.pom
#10 44.34 [INFO] Downloaded from central: https://repo.maven.apache.org/maven2/com/fasterxml/oss-parent/74/oss-parent-74.pom (24 kB at 559 kB/s)
#10 44.35 [INFO] Downloading from central: https://repo.maven.apache.org/maven2/net/bytebuddy/byte-buddy/1.17.8/byte-buddy-1.17.8.pom
#10 44.38 [INFO] Downloaded from central: https://repo.maven.apache.org/maven2/net/bytebuddy/byte-buddy/1.17.8/byte-buddy-1.17.8.pom (19 kB at 646 kB/s)
#10 44.38 [INFO] Downloading from central: https://repo.maven.apache.org/maven2/net/bytebuddy/byte-buddy-parent/1.17.8/byte-buddy-parent-1.17.8.pom
#10 44.41 [INFO] Downloaded from central: https://repo.maven.apache.org/maven2/net/bytebuddy/byte-buddy-parent/1.17.8/byte-buddy-parent-1.17.8.pom (66 kB at 2.1 MB/s)
#10 44.42 [INFO] Downloading from central: https://repo.maven.apache.org/maven2/jakarta/xml/bind/jakarta.xml.bind-api/4.0.5/jakarta.xml.bind-api-4.0.5.pom
#10 44.45 [INFO] Downloaded from central: https://repo.maven.apache.org/maven2/jakarta/xml/bind/jakarta.xml.bind-api/4.0.5/jakarta.xml.bind-api-4.0.5.pom (13 kB at 363 kB/s)
#10 44.46 [INFO] Downloading from central: https://repo.maven.apache.org/maven2/jakarta/xml/bind/jakarta.xml.bind-api-parent/4.0.5/jakarta.xml.bind-api-parent-4.0.5.pom
#10 44.49 [INFO] Downloaded from central: https://repo.maven.apache.org/maven2/jakarta/xml/bind/jakarta.xml.bind-api-parent/4.0.5/jakarta.xml.bind-api-parent-4.0.5.pom (9.1 kB at 277 kB/s)
#10 44.49 [INFO] Downloading from central: https://repo.maven.apache.org/maven2/jakarta/activation/jakarta.activation-api/2.1.4/jakarta.activation-api-2.1.4.pom
#10 44.53 [INFO] Downloaded from central: https://repo.maven.apache.org/maven2/jakarta/activation/jakarta.activation-api/2.1.4/jakarta.activation-api-2.1.4.pom (19 kB at 487 kB/s)
#10 44.53 [INFO] Downloading from central: https://repo.maven.apache.org/maven2/org/glassfish/jaxb/jaxb-runtime/4.0.9/jaxb-runtime-4.0.9.pom
#10 44.56 [INFO] Downloaded from central: https://repo.maven.apache.org/maven2/org/glassfish/jaxb/jaxb-runtime/4.0.9/jaxb-runtime-4.0.9.pom (11 kB at 364 kB/s)
#10 44.57 [INFO] Downloading from central: https://repo.maven.apache.org/maven2/org/glassfish/jaxb/jaxb-runtime-parent/4.0.9/jaxb-runtime-parent-4.0.9.pom
#10 44.60 [INFO] Downloaded from central: https://repo.maven.apache.org/maven2/org/glassfish/jaxb/jaxb-runtime-parent/4.0.9/jaxb-runtime-parent-4.0.9.pom (1.3 kB at 44 kB/s)
#10 44.60 [INFO] Downloading from central: https://repo.maven.apache.org/maven2/org/glassfish/jaxb/jaxb-parent/4.0.9/jaxb-parent-4.0.9.pom
#10 44.63 [INFO] Downloaded from central: https://repo.maven.apache.org/maven2/org/glassfish/jaxb/jaxb-parent/4.0.9/jaxb-parent-4.0.9.pom (35 kB at 975 kB/s)
#10 44.64 [INFO] Downloading from central: https://repo.maven.apache.org/maven2/org/glassfish/jaxb/jaxb-bom-ext/4.0.9/jaxb-bom-ext-4.0.9.pom
#10 44.67 [INFO] Downloaded from central: https://repo.maven.apache.org/maven2/org/glassfish/jaxb/jaxb-bom-ext/4.0.9/jaxb-bom-ext-4.0.9.pom (3.6 kB at 111 kB/s)
#10 44.67 [INFO] Downloading from central: https://repo.maven.apache.org/maven2/org/glassfish/jaxb/jaxb-bom/4.0.9/jaxb-bom-4.0.9.pom
#10 44.70 [INFO] Downloaded from central: https://repo.maven.apache.org/maven2/org/glassfish/jaxb/jaxb-bom/4.0.9/jaxb-bom-4.0.9.pom (13 kB at 441 kB/s)
#10 44.70 [INFO] Downloading from central: https://repo.maven.apache.org/maven2/org/eclipse/ee4j/project/2.0.4/project-2.0.4.pom
#10 44.74 [INFO] Downloaded from central: https://repo.maven.apache.org/maven2/org/eclipse/ee4j/project/2.0.4/project-2.0.4.pom (27 kB at 826 kB/s)
#10 44.74 [INFO] Downloading from central: https://repo.maven.apache.org/maven2/org/glassfish/jaxb/jaxb-core/4.0.9/jaxb-core-4.0.9.pom
#10 44.77 [INFO] Downloaded from central: https://repo.maven.apache.org/maven2/org/glassfish/jaxb/jaxb-core/4.0.9/jaxb-core-4.0.9.pom (3.8 kB at 132 kB/s)
#10 44.78 [INFO] Downloading from central: https://repo.maven.apache.org/maven2/org/eclipse/angus/angus-activation/2.0.3/angus-activation-2.0.3.pom
#10 44.83 [INFO] Downloaded from central: https://repo.maven.apache.org/maven2/org/eclipse/angus/angus-activation/2.0.3/angus-activation-2.0.3.pom (4.0 kB at 78 kB/s)
#10 44.83 [INFO] Downloading from central: https://repo.maven.apache.org/maven2/org/eclipse/angus/angus-activation-project/2.0.3/angus-activation-project-2.0.3.pom
#10 44.86 [INFO] Downloaded from central: https://repo.maven.apache.org/maven2/org/eclipse/angus/angus-activation-project/2.0.3/angus-activation-project-2.0.3.pom (21 kB at 633 kB/s)
#10 44.87 [INFO] Downloading from central: https://repo.maven.apache.org/maven2/org/glassfish/jaxb/txw2/4.0.9/txw2-4.0.9.pom
#10 44.89 [INFO] Downloaded from central: https://repo.maven.apache.org/maven2/org/glassfish/jaxb/txw2/4.0.9/txw2-4.0.9.pom (1.9 kB at 67 kB/s)
#10 44.90 [INFO] Downloading from central: https://repo.maven.apache.org/maven2/org/glassfish/jaxb/jaxb-txw-parent/4.0.9/jaxb-txw-parent-4.0.9.pom
#10 44.93 [INFO] Downloaded from central: https://repo.maven.apache.org/maven2/org/glassfish/jaxb/jaxb-txw-parent/4.0.9/jaxb-txw-parent-4.0.9.pom (1.3 kB at 36 kB/s)
#10 44.94 [INFO] Downloading from central: https://repo.maven.apache.org/maven2/com/sun/istack/istack-commons-runtime/4.1.2/istack-commons-runtime-4.1.2.pom
#10 44.97 [INFO] Downloaded from central: https://repo.maven.apache.org/maven2/com/sun/istack/istack-commons-runtime/4.1.2/istack-commons-runtime-4.1.2.pom (1.6 kB at 47 kB/s)
#10 44.97 [INFO] Downloading from central: https://repo.maven.apache.org/maven2/com/sun/istack/istack-commons/4.1.2/istack-commons-4.1.2.pom
#10 45.01 [INFO] Downloaded from central: https://repo.maven.apache.org/maven2/com/sun/istack/istack-commons/4.1.2/istack-commons-4.1.2.pom (26 kB at 797 kB/s)
#10 45.01 [INFO] Downloading from central: https://repo.maven.apache.org/maven2/jakarta/inject/jakarta.inject-api/2.0.1/jakarta.inject-api-2.0.1.pom
#10 45.04 [INFO] Downloaded from central: https://repo.maven.apache.org/maven2/jakarta/inject/jakarta.inject-api/2.0.1/jakarta.inject-api-2.0.1.pom (5.9 kB at 169 kB/s)
#10 45.04 [INFO] Downloading from central: https://repo.maven.apache.org/maven2/org/antlr/antlr4-runtime/4.13.2/antlr4-runtime-4.13.2.pom
#10 45.08 [INFO] Downloaded from central: https://repo.maven.apache.org/maven2/org/antlr/antlr4-runtime/4.13.2/antlr4-runtime-4.13.2.pom (3.6 kB at 104 kB/s)
#10 45.08 [INFO] Downloading from central: https://repo.maven.apache.org/maven2/org/antlr/antlr4-master/4.13.2/antlr4-master-4.13.2.pom
#10 45.12 [INFO] Downloaded from central: https://repo.maven.apache.org/maven2/org/antlr/antlr4-master/4.13.2/antlr4-master-4.13.2.pom (4.8 kB at 115 kB/s)
#10 45.12 [INFO] Downloading from central: https://repo.maven.apache.org/maven2/org/springframework/data/spring-data-jpa/4.0.6/spring-data-jpa-4.0.6.pom
#10 45.15 [INFO] Downloaded from central: https://repo.maven.apache.org/maven2/org/springframework/data/spring-data-jpa/4.0.6/spring-data-jpa-4.0.6.pom (13 kB at 412 kB/s)
#10 45.16 [INFO] Downloading from central: https://repo.maven.apache.org/maven2/org/springframework/data/spring-data-jpa-parent/4.0.6/spring-data-jpa-parent-4.0.6.pom
#10 45.19 [INFO] Downloaded from central: https://repo.maven.apache.org/maven2/org/springframework/data/spring-data-jpa-parent/4.0.6/spring-data-jpa-parent-4.0.6.pom (5.5 kB at 163 kB/s)
#10 45.19 [INFO] Downloading from central: https://repo.maven.apache.org/maven2/org/springframework/spring-aspects/7.0.8/spring-aspects-7.0.8.pom
#10 45.22 [INFO] Downloaded from central: https://repo.maven.apache.org/maven2/org/springframework/spring-aspects/7.0.8/spring-aspects-7.0.8.pom (2.0 kB at 73 kB/s)
#10 45.22 [INFO] Downloading from central: https://repo.maven.apache.org/maven2/org/aspectj/aspectjweaver/1.9.25.1/aspectjweaver-1.9.25.1.pom
#10 45.26 [INFO] Downloaded from central: https://repo.maven.apache.org/maven2/org/aspectj/aspectjweaver/1.9.25.1/aspectjweaver-1.9.25.1.pom (1.7 kB at 54 kB/s)
#10 45.26 [INFO] Downloading from central: https://repo.maven.apache.org/maven2/org/springframework/boot/spring-boot-starter-validation/4.0.7/spring-boot-starter-validation-4.0.7.pom
#10 45.29 [INFO] Downloaded from central: https://repo.maven.apache.org/maven2/org/springframework/boot/spring-boot-starter-validation/4.0.7/spring-boot-starter-validation-4.0.7.pom (2.3 kB at 75 kB/s)
#10 45.29 [INFO] Downloading from central: https://repo.maven.apache.org/maven2/org/springframework/boot/spring-boot-validation/4.0.7/spring-boot-validation-4.0.7.pom
#10 45.33 [INFO] Downloaded from central: https://repo.maven.apache.org/maven2/org/springframework/boot/spring-boot-validation/4.0.7/spring-boot-validation-4.0.7.pom (2.4 kB at 76 kB/s)
#10 45.34 [INFO] Downloading from central: https://repo.maven.apache.org/maven2/org/hibernate/validator/hibernate-validator/9.0.1.Final/hibernate-validator-9.0.1.Final.pom
#10 45.37 [INFO] Downloaded from central: https://repo.maven.apache.org/maven2/org/hibernate/validator/hibernate-validator/9.0.1.Final/hibernate-validator-9.0.1.Final.pom (5.0 kB at 158 kB/s)
#10 45.37 [INFO] Downloading from central: https://repo.maven.apache.org/maven2/jakarta/validation/jakarta.validation-api/3.1.1/jakarta.validation-api-3.1.1.pom
#10 45.41 [INFO] Downloaded from central: https://repo.maven.apache.org/maven2/jakarta/validation/jakarta.validation-api/3.1.1/jakarta.validation-api-3.1.1.pom (11 kB at 314 kB/s)
#10 45.41 [INFO] Downloading from central: https://repo.maven.apache.org/maven2/com/mysql/mysql-connector-j/9.7.0/mysql-connector-j-9.7.0.pom
#10 45.44 [INFO] Downloaded from central: https://repo.maven.apache.org/maven2/com/mysql/mysql-connector-j/9.7.0/mysql-connector-j-9.7.0.pom (3.2 kB at 109 kB/s)
#10 45.44 [INFO] Downloading from central: https://repo.maven.apache.org/maven2/org/springframework/boot/spring-boot-devtools/4.0.7/spring-boot-devtools-4.0.7.pom
#10 45.47 [INFO] Downloaded from central: https://repo.maven.apache.org/maven2/org/springframework/boot/spring-boot-devtools/4.0.7/spring-boot-devtools-4.0.7.pom (2.3 kB at 80 kB/s)
#10 45.47 [INFO] Downloading from central: https://repo.maven.apache.org/maven2/org/springframework/boot/spring-boot-starter-validation-test/4.0.7/spring-boot-starter-validation-test-4.0.7.pom
#10 45.51 [INFO] Downloaded from central: https://repo.maven.apache.org/maven2/org/springframework/boot/spring-boot-starter-validation-test/4.0.7/spring-boot-starter-validation-test-4.0.7.pom (2.3 kB at 67 kB/s)
#10 45.51 [INFO] Downloading from central: https://repo.maven.apache.org/maven2/org/springframework/boot/spring-boot-starter-test/4.0.7/spring-boot-starter-test-4.0.7.pom
#10 45.54 [INFO] Downloaded from central: https://repo.maven.apache.org/maven2/org/springframework/boot/spring-boot-starter-test/4.0.7/spring-boot-starter-test-4.0.7.pom (4.9 kB at 174 kB/s)
#10 45.54 [INFO] Downloading from central: https://repo.maven.apache.org/maven2/org/springframework/boot/spring-boot-test/4.0.7/spring-boot-test-4.0.7.pom
#10 45.57 [INFO] Downloaded from central: https://repo.maven.apache.org/maven2/org/springframework/boot/spring-boot-test/4.0.7/spring-boot-test-4.0.7.pom (2.2 kB at 82 kB/s)
#10 45.57 [INFO] Downloading from central: https://repo.maven.apache.org/maven2/org/springframework/spring-test/7.0.8/spring-test-7.0.8.pom
#10 45.60 [INFO] Downloaded from central: https://repo.maven.apache.org/maven2/org/springframework/spring-test/7.0.8/spring-test-7.0.8.pom (2.1 kB at 74 kB/s)
#10 45.60 [INFO] Downloading from central: https://repo.maven.apache.org/maven2/org/springframework/boot/spring-boot-test-autoconfigure/4.0.7/spring-boot-test-autoconfigure-4.0.7.pom
#10 45.63 [INFO] Downloaded from central: https://repo.maven.apache.org/maven2/org/springframework/boot/spring-boot-test-autoconfigure/4.0.7/spring-boot-test-autoconfigure-4.0.7.pom (2.1 kB at 67 kB/s)
#10 45.64 [INFO] Downloading from central: https://repo.maven.apache.org/maven2/com/jayway/jsonpath/json-path/2.10.0/json-path-2.10.0.pom
#10 45.67 [INFO] Downloaded from central: https://repo.maven.apache.org/maven2/com/jayway/jsonpath/json-path/2.10.0/json-path-2.10.0.pom (1.9 kB at 66 kB/s)
#10 45.67 [INFO] Downloading from central: https://repo.maven.apache.org/maven2/net/minidev/json-smart/2.6.0/json-smart-2.6.0.pom
#10 45.72 [INFO] Downloaded from central: https://repo.maven.apache.org/maven2/net/minidev/json-smart/2.6.0/json-smart-2.6.0.pom (12 kB at 209 kB/s)
#10 45.73 [INFO] Downloading from central: https://repo.maven.apache.org/maven2/net/minidev/accessors-smart/2.6.0/accessors-smart-2.6.0.pom
#10 45.78 [INFO] Downloaded from central: https://repo.maven.apache.org/maven2/net/minidev/accessors-smart/2.6.0/accessors-smart-2.6.0.pom (14 kB at 283 kB/s)
#10 45.78 [INFO] Downloading from central: https://repo.maven.apache.org/maven2/org/ow2/asm/asm/9.7.1/asm-9.7.1.pom
#10 45.81 [INFO] Downloaded from central: https://repo.maven.apache.org/maven2/org/ow2/asm/asm/9.7.1/asm-9.7.1.pom (2.4 kB at 72 kB/s)
#10 45.82 [INFO] Downloading from central: https://repo.maven.apache.org/maven2/org/assertj/assertj-core/3.27.7/assertj-core-3.27.7.pom
#10 45.85 [INFO] Downloaded from central: https://repo.maven.apache.org/maven2/org/assertj/assertj-core/3.27.7/assertj-core-3.27.7.pom (3.8 kB at 131 kB/s)
#10 45.85 [INFO] Downloading from central: https://repo.maven.apache.org/maven2/org/awaitility/awaitility/4.3.0/awaitility-4.3.0.pom
#10 45.88 [INFO] Downloaded from central: https://repo.maven.apache.org/maven2/org/awaitility/awaitility/4.3.0/awaitility-4.3.0.pom (3.7 kB at 116 kB/s)
#10 45.88 [INFO] Downloading from central: https://repo.maven.apache.org/maven2/org/awaitility/awaitility-parent/4.3.0/awaitility-parent-4.3.0.pom
#10 45.93 [INFO] Downloaded from central: https://repo.maven.apache.org/maven2/org/awaitility/awaitility-parent/4.3.0/awaitility-parent-4.3.0.pom (11 kB at 217 kB/s)
#10 45.94 [INFO] Downloading from central: https://repo.maven.apache.org/maven2/org/hamcrest/hamcrest/3.0/hamcrest-3.0.pom
#10 45.97 [INFO] Downloaded from central: https://repo.maven.apache.org/maven2/org/hamcrest/hamcrest/3.0/hamcrest-3.0.pom (1.6 kB at 51 kB/s)
#10 45.97 [INFO] Downloading from central: https://repo.maven.apache.org/maven2/org/junit/jupiter/junit-jupiter/6.0.3/junit-jupiter-6.0.3.pom
#10 46.00 [INFO] Downloaded from central: https://repo.maven.apache.org/maven2/org/junit/jupiter/junit-jupiter/6.0.3/junit-jupiter-6.0.3.pom (3.2 kB at 97 kB/s)
#10 46.01 [INFO] Downloading from central: https://repo.maven.apache.org/maven2/org/junit/jupiter/junit-jupiter-api/6.0.3/junit-jupiter-api-6.0.3.pom
#10 46.04 [INFO] Downloaded from central: https://repo.maven.apache.org/maven2/org/junit/jupiter/junit-jupiter-api/6.0.3/junit-jupiter-api-6.0.3.pom (3.4 kB at 112 kB/s)
#10 46.04 [INFO] Downloading from central: https://repo.maven.apache.org/maven2/org/opentest4j/opentest4j/1.3.0/opentest4j-1.3.0.pom
#10 46.07 [INFO] Downloaded from central: https://repo.maven.apache.org/maven2/org/opentest4j/opentest4j/1.3.0/opentest4j-1.3.0.pom (2.0 kB at 68 kB/s)
#10 46.07 [INFO] Downloading from central: https://repo.maven.apache.org/maven2/org/junit/platform/junit-platform-commons/6.0.3/junit-platform-commons-6.0.3.pom
#10 46.10 [INFO] Downloaded from central: https://repo.maven.apache.org/maven2/org/junit/platform/junit-platform-commons/6.0.3/junit-platform-commons-6.0.3.pom (3.0 kB at 108 kB/s)
#10 46.10 [INFO] Downloading from central: https://repo.maven.apache.org/maven2/org/apiguardian/apiguardian-api/1.1.2/apiguardian-api-1.1.2.pom
#10 46.13 [INFO] Downloaded from central: https://repo.maven.apache.org/maven2/org/apiguardian/apiguardian-api/1.1.2/apiguardian-api-1.1.2.pom (1.5 kB at 51 kB/s)
#10 46.13 [INFO] Downloading from central: https://repo.maven.apache.org/maven2/org/junit/jupiter/junit-jupiter-params/6.0.3/junit-jupiter-params-6.0.3.pom
#10 46.16 [INFO] Downloaded from central: https://repo.maven.apache.org/maven2/org/junit/jupiter/junit-jupiter-params/6.0.3/junit-jupiter-params-6.0.3.pom (3.2 kB at 114 kB/s)
#10 46.16 [INFO] Downloading from central: https://repo.maven.apache.org/maven2/org/junit/jupiter/junit-jupiter-engine/6.0.3/junit-jupiter-engine-6.0.3.pom
#10 46.18 [INFO] Downloaded from central: https://repo.maven.apache.org/maven2/org/junit/jupiter/junit-jupiter-engine/6.0.3/junit-jupiter-engine-6.0.3.pom (3.4 kB at 126 kB/s)
#10 46.18 [INFO] Downloading from central: https://repo.maven.apache.org/maven2/org/junit/platform/junit-platform-engine/6.0.3/junit-platform-engine-6.0.3.pom
#10 46.21 [INFO] Downloaded from central: https://repo.maven.apache.org/maven2/org/junit/platform/junit-platform-engine/6.0.3/junit-platform-engine-6.0.3.pom (3.4 kB at 121 kB/s)
#10 46.21 [INFO] Downloading from central: https://repo.maven.apache.org/maven2/org/mockito/mockito-core/5.20.0/mockito-core-5.20.0.pom
#10 46.24 [INFO] Downloaded from central: https://repo.maven.apache.org/maven2/org/mockito/mockito-core/5.20.0/mockito-core-5.20.0.pom (2.5 kB at 91 kB/s)
#10 46.24 [INFO] Downloading from central: https://repo.maven.apache.org/maven2/net/bytebuddy/byte-buddy-agent/1.17.8/byte-buddy-agent-1.17.8.pom
#10 46.27 [INFO] Downloaded from central: https://repo.maven.apache.org/maven2/net/bytebuddy/byte-buddy-agent/1.17.8/byte-buddy-agent-1.17.8.pom (14 kB at 513 kB/s)
#10 46.27 [INFO] Downloading from central: https://repo.maven.apache.org/maven2/org/objenesis/objenesis/3.3/objenesis-3.3.pom
#10 46.32 [INFO] Downloaded from central: https://repo.maven.apache.org/maven2/org/objenesis/objenesis/3.3/objenesis-3.3.pom (3.0 kB at 65 kB/s)
#10 46.32 [INFO] Downloading from central: https://repo.maven.apache.org/maven2/org/objenesis/objenesis-parent/3.3/objenesis-parent-3.3.pom
#10 46.35 [INFO] Downloaded from central: https://repo.maven.apache.org/maven2/org/objenesis/objenesis-parent/3.3/objenesis-parent-3.3.pom (19 kB at 661 kB/s)
#10 46.35 [INFO] Downloading from central: https://repo.maven.apache.org/maven2/org/mockito/mockito-junit-jupiter/5.20.0/mockito-junit-jupiter-5.20.0.pom
#10 46.38 [INFO] Downloaded from central: https://repo.maven.apache.org/maven2/org/mockito/mockito-junit-jupiter/5.20.0/mockito-junit-jupiter-5.20.0.pom (2.3 kB at 69 kB/s)
#10 46.39 [INFO] Downloading from central: https://repo.maven.apache.org/maven2/org/skyscreamer/jsonassert/1.5.3/jsonassert-1.5.3.pom
#10 46.42 [INFO] Downloaded from central: https://repo.maven.apache.org/maven2/org/skyscreamer/jsonassert/1.5.3/jsonassert-1.5.3.pom (7.0 kB at 218 kB/s)
#10 46.42 [INFO] Downloading from central: https://repo.maven.apache.org/maven2/com/vaadin/external/google/android-json/0.0.20131108.vaadin1/android-json-0.0.20131108.vaadin1.pom
#10 46.45 [INFO] Downloaded from central: https://repo.maven.apache.org/maven2/com/vaadin/external/google/android-json/0.0.20131108.vaadin1/android-json-0.0.20131108.vaadin1.pom (2.8 kB at 90 kB/s)
#10 46.45 [INFO] Downloading from central: https://repo.maven.apache.org/maven2/org/xmlunit/xmlunit-core/2.10.4/xmlunit-core-2.10.4.pom
#10 46.48 [INFO] Downloaded from central: https://repo.maven.apache.org/maven2/org/xmlunit/xmlunit-core/2.10.4/xmlunit-core-2.10.4.pom (2.8 kB at 97 kB/s)
#10 46.49 [INFO] Downloading from central: https://repo.maven.apache.org/maven2/org/xmlunit/xmlunit-parent/2.10.4/xmlunit-parent-2.10.4.pom
#10 46.52 [INFO] Downloaded from central: https://repo.maven.apache.org/maven2/org/xmlunit/xmlunit-parent/2.10.4/xmlunit-parent-2.10.4.pom (23 kB at 666 kB/s)
#10 46.53 [INFO] Downloading from central: https://repo.maven.apache.org/maven2/org/springframework/boot/spring-boot-starter-webmvc-test/4.0.7/spring-boot-starter-webmvc-test-4.0.7.pom
#10 46.55 [INFO] Downloaded from central: https://repo.maven.apache.org/maven2/org/springframework/boot/spring-boot-starter-webmvc-test/4.0.7/spring-boot-starter-webmvc-test-4.0.7.pom (2.9 kB at 101 kB/s)
#10 46.56 [INFO] Downloading from central: https://repo.maven.apache.org/maven2/org/springframework/boot/spring-boot-starter-jackson-test/4.0.7/spring-boot-starter-jackson-test-4.0.7.pom
#10 46.59 [INFO] Downloaded from central: https://repo.maven.apache.org/maven2/org/springframework/boot/spring-boot-starter-jackson-test/4.0.7/spring-boot-starter-jackson-test-4.0.7.pom (2.3 kB at 82 kB/s)
#10 46.59 [INFO] Downloading from central: https://repo.maven.apache.org/maven2/org/springframework/boot/spring-boot-webmvc-test/4.0.7/spring-boot-webmvc-test-4.0.7.pom
#10 46.62 [INFO] Downloaded from central: https://repo.maven.apache.org/maven2/org/springframework/boot/spring-boot-webmvc-test/4.0.7/spring-boot-webmvc-test-4.0.7.pom (2.7 kB at 92 kB/s)
#10 46.62 [INFO] Downloading from central: https://repo.maven.apache.org/maven2/org/springframework/boot/spring-boot-resttestclient/4.0.7/spring-boot-resttestclient-4.0.7.pom
#10 46.65 [INFO] Downloaded from central: https://repo.maven.apache.org/maven2/org/springframework/boot/spring-boot-resttestclient/4.0.7/spring-boot-resttestclient-4.0.7.pom (2.4 kB at 84 kB/s)
#10 46.65 [INFO] Downloading from central: https://repo.maven.apache.org/maven2/org/springdoc/springdoc-openapi-starter-webmvc-api/2.8.17/springdoc-openapi-starter-webmvc-api-2.8.17.pom
#10 46.84 [INFO] Downloaded from central: https://repo.maven.apache.org/maven2/org/springdoc/springdoc-openapi-starter-webmvc-api/2.8.17/springdoc-openapi-starter-webmvc-api-2.8.17.pom (1.9 kB at 10 kB/s)
#10 46.85 [INFO] Downloading from central: https://repo.maven.apache.org/maven2/org/springdoc/springdoc-openapi/2.8.17/springdoc-openapi-2.8.17.pom
#10 46.87 [INFO] Downloaded from central: https://repo.maven.apache.org/maven2/org/springdoc/springdoc-openapi/2.8.17/springdoc-openapi-2.8.17.pom (8.8 kB at 303 kB/s)
#10 46.88 [INFO] Downloading from central: https://repo.maven.apache.org/maven2/org/springframework/boot/spring-boot-starter-parent/3.5.13/spring-boot-starter-parent-3.5.13.pom
#10 46.92 [INFO] Downloaded from central: https://repo.maven.apache.org/maven2/org/springframework/boot/spring-boot-starter-parent/3.5.13/spring-boot-starter-parent-3.5.13.pom (13 kB at 309 kB/s)
#10 46.92 [INFO] Downloading from central: https://repo.maven.apache.org/maven2/org/springframework/boot/spring-boot-dependencies/3.5.13/spring-boot-dependencies-3.5.13.pom
#10 46.98 [INFO] Downloaded from central: https://repo.maven.apache.org/maven2/org/springframework/boot/spring-boot-dependencies/3.5.13/spring-boot-dependencies-3.5.13.pom (98 kB at 1.7 MB/s)
#10 46.98 [INFO] Downloading from central: https://repo.maven.apache.org/maven2/org/springframework/cloud/spring-cloud-function-dependencies/4.2.2/spring-cloud-function-dependencies-4.2.2.pom
#10 47.02 [INFO] Downloaded from central: https://repo.maven.apache.org/maven2/org/springframework/cloud/spring-cloud-function-dependencies/4.2.2/spring-cloud-function-dependencies-4.2.2.pom (6.8 kB at 219 kB/s)
#10 47.02 [INFO] Downloading from central: https://repo.maven.apache.org/maven2/org/springframework/cloud/spring-cloud-dependencies-parent/4.2.1/spring-cloud-dependencies-parent-4.2.1.pom
#10 47.05 [INFO] Downloaded from central: https://repo.maven.apache.org/maven2/org/springframework/cloud/spring-cloud-dependencies-parent/4.2.1/spring-cloud-dependencies-parent-4.2.1.pom (7.6 kB at 236 kB/s)
#10 47.05 [INFO] Downloading from central: https://repo.maven.apache.org/maven2/org/apache/activemq/artemis-bom/2.40.0/artemis-bom-2.40.0.pom
#10 47.08 [INFO] Downloaded from central: https://repo.maven.apache.org/maven2/org/apache/activemq/artemis-bom/2.40.0/artemis-bom-2.40.0.pom (9.6 kB at 344 kB/s)
#10 47.08 [INFO] Downloading from central: https://repo.maven.apache.org/maven2/org/apache/activemq/artemis-project/2.40.0/artemis-project-2.40.0.pom
#10 47.12 [INFO] Downloaded from central: https://repo.maven.apache.org/maven2/org/apache/activemq/artemis-project/2.40.0/artemis-project-2.40.0.pom (56 kB at 1.5 MB/s)
#10 47.12 [INFO] Downloading from central: https://repo.maven.apache.org/maven2/io/zipkin/brave/brave-bom/6.1.0/brave-bom-6.1.0.pom
#10 47.15 [INFO] Downloaded from central: https://repo.maven.apache.org/maven2/io/zipkin/brave/brave-bom/6.1.0/brave-bom-6.1.0.pom (11 kB at 366 kB/s)
#10 47.15 [INFO] Downloading from central: https://repo.maven.apache.org/maven2/org/apache/cassandra/java-driver-bom/4.19.2/java-driver-bom-4.19.2.pom
#10 47.18 [INFO] Downloaded from central: https://repo.maven.apache.org/maven2/org/apache/cassandra/java-driver-bom/4.19.2/java-driver-bom-4.19.2.pom (5.5 kB at 182 kB/s)
#10 47.19 [INFO] Downloading from central: https://repo.maven.apache.org/maven2/org/glassfish/jaxb/jaxb-bom/4.0.6/jaxb-bom-4.0.6.pom
#10 47.24 [INFO] Downloaded from central: https://repo.maven.apache.org/maven2/org/glassfish/jaxb/jaxb-bom/4.0.6/jaxb-bom-4.0.6.pom (12 kB at 233 kB/s)
#10 47.24 [INFO] Downloading from central: https://repo.maven.apache.org/maven2/org/apache/groovy/groovy-bom/4.0.30/groovy-bom-4.0.30.pom
#10 47.26 [INFO] Downloaded from central: https://repo.maven.apache.org/maven2/org/apache/groovy/groovy-bom/4.0.30/groovy-bom-4.0.30.pom (27 kB at 974 kB/s)
#10 47.27 [INFO] Downloading from central: https://repo.maven.apache.org/maven2/com/fasterxml/jackson/jackson-bom/2.21.2/jackson-bom-2.21.2.pom
#10 47.30 [INFO] Downloaded from central: https://repo.maven.apache.org/maven2/com/fasterxml/jackson/jackson-bom/2.21.2/jackson-bom-2.21.2.pom (20 kB at 632 kB/s)
#10 47.30 [INFO] Downloading from central: https://repo.maven.apache.org/maven2/org/glassfish/jersey/jersey-bom/3.1.11/jersey-bom-3.1.11.pom
#10 47.33 [INFO] Downloaded from central: https://repo.maven.apache.org/maven2/org/glassfish/jersey/jersey-bom/3.1.11/jersey-bom-3.1.11.pom (21 kB at 717 kB/s)
#10 47.33 [INFO] Downloading from central: https://repo.maven.apache.org/maven2/org/eclipse/jetty/ee10/jetty-ee10-bom/12.0.33/jetty-ee10-bom-12.0.33.pom
#10 47.36 [INFO] Downloaded from central: https://repo.maven.apache.org/maven2/org/eclipse/jetty/ee10/jetty-ee10-bom/12.0.33/jetty-ee10-bom-12.0.33.pom (9.6 kB at 330 kB/s)
#10 47.37 [INFO] Downloading from central: https://repo.maven.apache.org/maven2/org/eclipse/jetty/jetty-bom/12.0.33/jetty-bom-12.0.33.pom
#10 47.40 [INFO] Downloaded from central: https://repo.maven.apache.org/maven2/org/eclipse/jetty/jetty-bom/12.0.33/jetty-bom-12.0.33.pom (15 kB at 457 kB/s)
#10 47.41 [INFO] Downloading from central: https://repo.maven.apache.org/maven2/org/jetbrains/kotlin/kotlin-bom/1.9.25/kotlin-bom-1.9.25.pom
#10 47.44 [INFO] Downloaded from central: https://repo.maven.apache.org/maven2/org/jetbrains/kotlin/kotlin-bom/1.9.25/kotlin-bom-1.9.25.pom (9.1 kB at 304 kB/s)
#10 47.44 [INFO] Downloading from central: https://repo.maven.apache.org/maven2/org/jetbrains/kotlinx/kotlinx-coroutines-bom/1.8.1/kotlinx-coroutines-bom-1.8.1.pom
#10 47.47 [INFO] Downloaded from central: https://repo.maven.apache.org/maven2/org/jetbrains/kotlinx/kotlinx-coroutines-bom/1.8.1/kotlinx-coroutines-bom-1.8.1.pom (4.3 kB at 138 kB/s)
#10 47.48 [INFO] Downloading from central: https://repo.maven.apache.org/maven2/org/jetbrains/kotlinx/kotlinx-serialization-bom/1.6.3/kotlinx-serialization-bom-1.6.3.pom
#10 47.52 [INFO] Downloaded from central: https://repo.maven.apache.org/maven2/org/jetbrains/kotlinx/kotlinx-serialization-bom/1.6.3/kotlinx-serialization-bom-1.6.3.pom (3.7 kB at 85 kB/s)
#10 47.52 [INFO] Downloading from central: https://repo.maven.apache.org/maven2/org/apache/logging/log4j/log4j-bom/2.24.3/log4j-bom-2.24.3.pom
#10 47.55 [INFO] Downloaded from central: https://repo.maven.apache.org/maven2/org/apache/logging/log4j/log4j-bom/2.24.3/log4j-bom-2.24.3.pom (12 kB at 423 kB/s)
#10 47.55 [INFO] Downloading from central: https://repo.maven.apache.org/maven2/org/apache/logging/logging-parent/11.3.0/logging-parent-11.3.0.pom
#10 47.59 [INFO] Downloaded from central: https://repo.maven.apache.org/maven2/org/apache/logging/logging-parent/11.3.0/logging-parent-11.3.0.pom (53 kB at 1.5 MB/s)
#10 47.59 [INFO] Downloading from central: https://repo.maven.apache.org/maven2/io/micrometer/micrometer-bom/1.15.10/micrometer-bom-1.15.10.pom
#10 47.63 [INFO] Downloaded from central: https://repo.maven.apache.org/maven2/io/micrometer/micrometer-bom/1.15.10/micrometer-bom-1.15.10.pom (8.6 kB at 261 kB/s)
#10 47.63 [INFO] Downloading from central: https://repo.maven.apache.org/maven2/org/mockito/mockito-bom/5.17.0/mockito-bom-5.17.0.pom
#10 47.66 [INFO] Downloaded from central: https://repo.maven.apache.org/maven2/org/mockito/mockito-bom/5.17.0/mockito-bom-5.17.0.pom (3.0 kB at 114 kB/s)
#10 47.66 [INFO] Downloading from central: https://repo.maven.apache.org/maven2/org/mongodb/mongodb-driver-bom/5.5.2/mongodb-driver-bom-5.5.2.pom
#10 47.68 [INFO] Downloaded from central: https://repo.maven.apache.org/maven2/org/mongodb/mongodb-driver-bom/5.5.2/mongodb-driver-bom-5.5.2.pom (4.2 kB at 160 kB/s)
#10 47.69 [INFO] Downloading from central: https://repo.maven.apache.org/maven2/io/netty/netty-bom/4.1.132.Final/netty-bom-4.1.132.Final.pom
#10 47.72 [INFO] Downloaded from central: https://repo.maven.apache.org/maven2/io/netty/netty-bom/4.1.132.Final/netty-bom-4.1.132.Final.pom (15 kB at 508 kB/s)
#10 47.72 [INFO] Downloading from central: https://repo.maven.apache.org/maven2/io/opentelemetry/opentelemetry-bom/1.49.0/opentelemetry-bom-1.49.0.pom
#10 47.75 [INFO] Downloaded from central: https://repo.maven.apache.org/maven2/io/opentelemetry/opentelemetry-bom/1.49.0/opentelemetry-bom-1.49.0.pom (5.9 kB at 202 kB/s)
#10 47.75 [INFO] Downloading from central: https://repo.maven.apache.org/maven2/io/prometheus/prometheus-metrics-bom/1.3.10/prometheus-metrics-bom-1.3.10.pom
#10 47.78 [INFO] Downloaded from central: https://repo.maven.apache.org/maven2/io/prometheus/prometheus-metrics-bom/1.3.10/prometheus-metrics-bom-1.3.10.pom (5.8 kB at 195 kB/s)
#10 47.78 [INFO] Downloading from central: https://repo.maven.apache.org/maven2/io/prometheus/client_java_parent/1.3.10/client_java_parent-1.3.10.pom
#10 47.82 [INFO] Downloaded from central: https://repo.maven.apache.org/maven2/io/prometheus/client_java_parent/1.3.10/client_java_parent-1.3.10.pom (4.4 kB at 106 kB/s)
#10 47.82 [INFO] Downloading from central: https://repo.maven.apache.org/maven2/org/apache/pulsar/pulsar-bom/4.0.9/pulsar-bom-4.0.9.pom
#10 47.86 [INFO] Downloaded from central: https://repo.maven.apache.org/maven2/org/apache/pulsar/pulsar-bom/4.0.9/pulsar-bom-4.0.9.pom (25 kB at 788 kB/s)
#10 47.86 [INFO] Downloading from central: https://repo.maven.apache.org/maven2/org/apache/pulsar/pulsar-client-reactive-bom/0.6.0/pulsar-client-reactive-bom-0.6.0.pom
#10 47.89 [INFO] Downloaded from central: https://repo.maven.apache.org/maven2/org/apache/pulsar/pulsar-client-reactive-bom/0.6.0/pulsar-client-reactive-bom-0.6.0.pom (2.8 kB at 83 kB/s)
#10 47.89 [INFO] Downloading from central: https://repo.maven.apache.org/maven2/io/projectreactor/reactor-bom/2024.0.16/reactor-bom-2024.0.16.pom
#10 47.92 [INFO] Downloaded from central: https://repo.maven.apache.org/maven2/io/projectreactor/reactor-bom/2024.0.16/reactor-bom-2024.0.16.pom (4.8 kB at 177 kB/s)
#10 47.92 [INFO] Downloading from central: https://repo.maven.apache.org/maven2/io/rest-assured/rest-assured-bom/5.5.7/rest-assured-bom-5.5.7.pom
#10 47.95 [INFO] Downloaded from central: https://repo.maven.apache.org/maven2/io/rest-assured/rest-assured-bom/5.5.7/rest-assured-bom-5.5.7.pom (4.7 kB at 156 kB/s)
#10 47.96 [INFO] Downloading from central: https://repo.maven.apache.org/maven2/org/seleniumhq/selenium/selenium-bom/4.31.0/selenium-bom-4.31.0.pom
#10 47.99 [INFO] Downloaded from central: https://repo.maven.apache.org/maven2/org/seleniumhq/selenium/selenium-bom/4.31.0/selenium-bom-4.31.0.pom (5.8 kB at 158 kB/s)
#10 48.00 [INFO] Downloading from central: https://repo.maven.apache.org/maven2/org/springframework/amqp/spring-amqp-bom/3.2.9/spring-amqp-bom-3.2.9.pom
#10 48.03 [INFO] Downloaded from central: https://repo.maven.apache.org/maven2/org/springframework/amqp/spring-amqp-bom/3.2.9/spring-amqp-bom-3.2.9.pom (3.9 kB at 107 kB/s)
#10 48.03 [INFO] Downloading from central: https://repo.maven.apache.org/maven2/org/springframework/batch/spring-batch-bom/5.2.5/spring-batch-bom-5.2.5.pom
#10 48.07 [INFO] Downloaded from central: https://repo.maven.apache.org/maven2/org/springframework/batch/spring-batch-bom/5.2.5/spring-batch-bom-5.2.5.pom (3.2 kB at 105 kB/s)
#10 48.07 [INFO] Downloading from central: https://repo.maven.apache.org/maven2/org/springframework/data/spring-data-bom/2025.0.10/spring-data-bom-2025.0.10.pom
#10 48.11 [INFO] Downloaded from central: https://repo.maven.apache.org/maven2/org/springframework/data/spring-data-bom/2025.0.10/spring-data-bom-2025.0.10.pom (5.5 kB at 153 kB/s)
#10 48.11 [INFO] Downloading from central: https://repo.maven.apache.org/maven2/org/springframework/spring-framework-bom/6.2.17/spring-framework-bom-6.2.17.pom
#10 48.14 [INFO] Downloaded from central: https://repo.maven.apache.org/maven2/org/springframework/spring-framework-bom/6.2.17/spring-framework-bom-6.2.17.pom (5.8 kB at 195 kB/s)
#10 48.14 [INFO] Downloading from central: https://repo.maven.apache.org/maven2/org/springframework/integration/spring-integration-bom/6.5.8/spring-integration-bom-6.5.8.pom
#10 48.18 [INFO] Downloaded from central: https://repo.maven.apache.org/maven2/org/springframework/integration/spring-integration-bom/6.5.8/spring-integration-bom-6.5.8.pom (10 kB at 302 kB/s)
#10 48.18 [INFO] Downloading from central: https://repo.maven.apache.org/maven2/org/springframework/pulsar/spring-pulsar-bom/1.2.16/spring-pulsar-bom-1.2.16.pom
#10 48.21 [INFO] Downloaded from central: https://repo.maven.apache.org/maven2/org/springframework/pulsar/spring-pulsar-bom/1.2.16/spring-pulsar-bom-1.2.16.pom (2.9 kB at 94 kB/s)
#10 48.21 [INFO] Downloading from central: https://repo.maven.apache.org/maven2/org/springframework/restdocs/spring-restdocs-bom/3.0.5/spring-restdocs-bom-3.0.5.pom
#10 48.24 [INFO] Downloaded from central: https://repo.maven.apache.org/maven2/org/springframework/restdocs/spring-restdocs-bom/3.0.5/spring-restdocs-bom-3.0.5.pom (2.6 kB at 83 kB/s)
#10 48.25 [INFO] Downloading from central: https://repo.maven.apache.org/maven2/org/springframework/security/spring-security-bom/6.5.9/spring-security-bom-6.5.9.pom
#10 48.28 [INFO] Downloaded from central: https://repo.maven.apache.org/maven2/org/springframework/security/spring-security-bom/6.5.9/spring-security-bom-6.5.9.pom (5.3 kB at 172 kB/s)
#10 48.28 [INFO] Downloading from central: https://repo.maven.apache.org/maven2/org/springframework/session/spring-session-bom/3.5.5/spring-session-bom-3.5.5.pom
#10 48.31 [INFO] Downloaded from central: https://repo.maven.apache.org/maven2/org/springframework/session/spring-session-bom/3.5.5/spring-session-bom-3.5.5.pom (2.9 kB at 96 kB/s)
#10 48.31 [INFO] Downloading from central: https://repo.maven.apache.org/maven2/org/springframework/ws/spring-ws-bom/4.1.3/spring-ws-bom-4.1.3.pom
#10 48.34 [INFO] Downloaded from central: https://repo.maven.apache.org/maven2/org/springframework/ws/spring-ws-bom/4.1.3/spring-ws-bom-4.1.3.pom (2.3 kB at 74 kB/s)
#10 48.35 [INFO] Downloading from central: https://repo.maven.apache.org/maven2/org/testcontainers/testcontainers-bom/1.21.4/testcontainers-bom-1.21.4.pom
#10 48.39 [INFO] Downloaded from central: https://repo.maven.apache.org/maven2/org/testcontainers/testcontainers-bom/1.21.4/testcontainers-bom-1.21.4.pom (12 kB at 296 kB/s)
#10 48.39 [INFO] Downloading from central: https://repo.maven.apache.org/maven2/org/springdoc/springdoc-openapi-starter-common/2.8.17/springdoc-openapi-starter-common-2.8.17.pom
#10 48.44 [INFO] Downloaded from central: https://repo.maven.apache.org/maven2/org/springdoc/springdoc-openapi-starter-common/2.8.17/springdoc-openapi-starter-common-2.8.17.pom (5.1 kB at 108 kB/s)
#10 48.45 [INFO] Downloading from central: https://repo.maven.apache.org/maven2/io/swagger/core/v3/swagger-core-jakarta/2.2.47/swagger-core-jakarta-2.2.47.pom
#10 48.48 [INFO] Downloaded from central: https://repo.maven.apache.org/maven2/io/swagger/core/v3/swagger-core-jakarta/2.2.47/swagger-core-jakarta-2.2.47.pom (5.6 kB at 169 kB/s)
#10 48.48 [INFO] Downloading from central: https://repo.maven.apache.org/maven2/io/swagger/core/v3/swagger-project-jakarta/2.2.47/swagger-project-jakarta-2.2.47.pom
#10 48.51 [INFO] Downloaded from central: https://repo.maven.apache.org/maven2/io/swagger/core/v3/swagger-project-jakarta/2.2.47/swagger-project-jakarta-2.2.47.pom (22 kB at 737 kB/s)
#10 48.52 [INFO] Downloading from central: https://repo.maven.apache.org/maven2/io/swagger/core/v3/swagger-annotations-jakarta/2.2.47/swagger-annotations-jakarta-2.2.47.pom
#10 48.55 [INFO] Downloaded from central: https://repo.maven.apache.org/maven2/io/swagger/core/v3/swagger-annotations-jakarta/2.2.47/swagger-annotations-jakarta-2.2.47.pom (3.3 kB at 89 kB/s)
#10 48.56 [INFO] Downloading from central: https://repo.maven.apache.org/maven2/io/swagger/core/v3/swagger-models-jakarta/2.2.47/swagger-models-jakarta-2.2.47.pom
#10 48.59 [INFO] Downloaded from central: https://repo.maven.apache.org/maven2/io/swagger/core/v3/swagger-models-jakarta/2.2.47/swagger-models-jakarta-2.2.47.pom (3.4 kB at 114 kB/s)
#10 48.59 [INFO] Downloading from central: https://repo.maven.apache.org/maven2/com/fasterxml/jackson/core/jackson-databind/2.21.4/jackson-databind-2.21.4.pom
#10 48.63 [INFO] Downloaded from central: https://repo.maven.apache.org/maven2/com/fasterxml/jackson/core/jackson-databind/2.21.4/jackson-databind-2.21.4.pom (23 kB at 606 kB/s)
#10 48.63 [INFO] Downloading from central: https://repo.maven.apache.org/maven2/com/fasterxml/jackson/jackson-base/2.21.4/jackson-base-2.21.4.pom
#10 48.66 [INFO] Downloaded from central: https://repo.maven.apache.org/maven2/com/fasterxml/jackson/jackson-base/2.21.4/jackson-base-2.21.4.pom (13 kB at 431 kB/s)
#10 48.67 [INFO] Downloading from central: https://repo.maven.apache.org/maven2/org/junit/junit-bom/5.14.1/junit-bom-5.14.1.pom
#10 48.70 [INFO] Downloaded from central: https://repo.maven.apache.org/maven2/org/junit/junit-bom/5.14.1/junit-bom-5.14.1.pom (5.7 kB at 162 kB/s)
#10 48.71 [INFO] Downloading from central: https://repo.maven.apache.org/maven2/com/fasterxml/jackson/core/jackson-core/2.21.4/jackson-core-2.21.4.pom
#10 48.74 [INFO] Downloaded from central: https://repo.maven.apache.org/maven2/com/fasterxml/jackson/core/jackson-core/2.21.4/jackson-core-2.21.4.pom (9.7 kB at 313 kB/s)
#10 48.74 [INFO] Downloading from central: https://repo.maven.apache.org/maven2/com/fasterxml/jackson/dataformat/jackson-dataformat-yaml/2.21.4/jackson-dataformat-yaml-2.21.4.pom
#10 48.78 [INFO] Downloaded from central: https://repo.maven.apache.org/maven2/com/fasterxml/jackson/dataformat/jackson-dataformat-yaml/2.21.4/jackson-dataformat-yaml-2.21.4.pom (3.0 kB at 93 kB/s)
#10 48.78 [INFO] Downloading from central: https://repo.maven.apache.org/maven2/com/fasterxml/jackson/dataformat/jackson-dataformats-text/2.21.4/jackson-dataformats-text-2.21.4.pom
#10 48.81 [INFO] Downloaded from central: https://repo.maven.apache.org/maven2/com/fasterxml/jackson/dataformat/jackson-dataformats-text/2.21.4/jackson-dataformats-text-2.21.4.pom (3.5 kB at 124 kB/s)
#10 48.81 [INFO] Downloading from central: https://repo.maven.apache.org/maven2/com/fasterxml/jackson/datatype/jackson-datatype-jsr310/2.21.4/jackson-datatype-jsr310-2.21.4.pom
#10 48.84 [INFO] Downloaded from central: https://repo.maven.apache.org/maven2/com/fasterxml/jackson/datatype/jackson-datatype-jsr310/2.21.4/jackson-datatype-jsr310-2.21.4.pom (5.3 kB at 178 kB/s)
#10 48.84 [INFO] Downloading from central: https://repo.maven.apache.org/maven2/com/fasterxml/jackson/module/jackson-modules-java8/2.21.4/jackson-modules-java8-2.21.4.pom
#10 48.87 [INFO] Downloaded from central: https://repo.maven.apache.org/maven2/com/fasterxml/jackson/module/jackson-modules-java8/2.21.4/jackson-modules-java8-2.21.4.pom (3.1 kB at 106 kB/s)
#10 48.87 [INFO] Downloading from central: https://repo.maven.apache.org/maven2/org/springframework/boot/spring-boot-starter-data-jpa-test/4.0.7/spring-boot-starter-data-jpa-test-4.0.7.pom
#10 48.90 [INFO] Downloaded from central: https://repo.maven.apache.org/maven2/org/springframework/boot/spring-boot-starter-data-jpa-test/4.0.7/spring-boot-starter-data-jpa-test-4.0.7.pom (2.7 kB at 101 kB/s)
#10 48.90 [INFO] Downloading from central: https://repo.maven.apache.org/maven2/org/springframework/boot/spring-boot-starter-jdbc-test/4.0.7/spring-boot-starter-jdbc-test-4.0.7.pom
#10 48.93 [INFO] Downloaded from central: https://repo.maven.apache.org/maven2/org/springframework/boot/spring-boot-starter-jdbc-test/4.0.7/spring-boot-starter-jdbc-test-4.0.7.pom (2.5 kB at 81 kB/s)
#10 48.95 [INFO] Downloading from central: https://repo.maven.apache.org/maven2/org/springframework/boot/spring-boot-jdbc-test/4.0.7/spring-boot-jdbc-test-4.0.7.pom
#10 48.98 [INFO] Downloaded from central: https://repo.maven.apache.org/maven2/org/springframework/boot/spring-boot-jdbc-test/4.0.7/spring-boot-jdbc-test-4.0.7.pom (2.3 kB at 78 kB/s)
#10 48.98 [INFO] Downloading from central: https://repo.maven.apache.org/maven2/org/springframework/boot/spring-boot-data-jpa-test/4.0.7/spring-boot-data-jpa-test-4.0.7.pom
#10 49.02 [INFO] Downloaded from central: https://repo.maven.apache.org/maven2/org/springframework/boot/spring-boot-data-jpa-test/4.0.7/spring-boot-data-jpa-test-4.0.7.pom (2.5 kB at 63 kB/s)
#10 49.02 [INFO] Downloading from central: https://repo.maven.apache.org/maven2/org/springframework/boot/spring-boot-jpa-test/4.0.7/spring-boot-jpa-test-4.0.7.pom
#10 49.05 [INFO] Downloaded from central: https://repo.maven.apache.org/maven2/org/springframework/boot/spring-boot-jpa-test/4.0.7/spring-boot-jpa-test-4.0.7.pom (2.5 kB at 88 kB/s)
#10 49.07 [INFO] Downloading from central: https://repo.maven.apache.org/maven2/org/springframework/boot/spring-boot-starter-webmvc/4.0.7/spring-boot-starter-webmvc-4.0.7.jar
#10 49.11 [INFO] Downloaded from central: https://repo.maven.apache.org/maven2/org/springframework/boot/spring-boot-starter-webmvc/4.0.7/spring-boot-starter-webmvc-4.0.7.jar (4.7 kB at 128 kB/s)
#10 49.11 [INFO] Downloading from central: https://repo.maven.apache.org/maven2/org/springframework/boot/spring-boot-starter/4.0.7/spring-boot-starter-4.0.7.jar
#10 49.11 [INFO] Downloading from central: https://repo.maven.apache.org/maven2/org/springframework/boot/spring-boot-starter-logging/4.0.7/spring-boot-starter-logging-4.0.7.jar
#10 49.11 [INFO] Downloading from central: https://repo.maven.apache.org/maven2/ch/qos/logback/logback-classic/1.5.34/logback-classic-1.5.34.jar
#10 49.11 [INFO] Downloading from central: https://repo.maven.apache.org/maven2/ch/qos/logback/logback-core/1.5.34/logback-core-1.5.34.jar
#10 49.11 [INFO] Downloading from central: https://repo.maven.apache.org/maven2/org/apache/logging/log4j/log4j-to-slf4j/2.25.4/log4j-to-slf4j-2.25.4.jar
#10 49.13 [INFO] Downloaded from central: https://repo.maven.apache.org/maven2/org/springframework/boot/spring-boot-starter-logging/4.0.7/spring-boot-starter-logging-4.0.7.jar (4.7 kB at 206 kB/s)
#10 49.13 [INFO] Downloading from central: https://repo.maven.apache.org/maven2/org/apache/logging/log4j/log4j-api/2.25.4/log4j-api-2.25.4.jar
#10 49.14 [INFO] Downloaded from central: https://repo.maven.apache.org/maven2/org/springframework/boot/spring-boot-starter/4.0.7/spring-boot-starter-4.0.7.jar (4.8 kB at 154 kB/s)
#10 49.14 [INFO] Downloading from central: https://repo.maven.apache.org/maven2/org/slf4j/jul-to-slf4j/2.0.18/jul-to-slf4j-2.0.18.jar
#10 49.15 [INFO] Downloaded from central: https://repo.maven.apache.org/maven2/org/apache/logging/log4j/log4j-to-slf4j/2.25.4/log4j-to-slf4j-2.25.4.jar (24 kB at 653 kB/s)
#10 49.15 [INFO] Downloading from central: https://repo.maven.apache.org/maven2/jakarta/annotation/jakarta.annotation-api/3.0.0/jakarta.annotation-api-3.0.0.jar
#10 49.18 [INFO] Downloaded from central: https://repo.maven.apache.org/maven2/org/slf4j/jul-to-slf4j/2.0.18/jul-to-slf4j-2.0.18.jar (6.3 kB at 92 kB/s)
#10 49.18 [INFO] Downloading from central: https://repo.maven.apache.org/maven2/org/yaml/snakeyaml/2.5/snakeyaml-2.5.jar
#10 49.18 [INFO] Downloaded from central: https://repo.maven.apache.org/maven2/jakarta/annotation/jakarta.annotation-api/3.0.0/jakarta.annotation-api-3.0.0.jar (26 kB at 361 kB/s)
#10 49.18 [INFO] Downloading from central: https://repo.maven.apache.org/maven2/org/springframework/boot/spring-boot-starter-jackson/4.0.7/spring-boot-starter-jackson-4.0.7.jar
#10 49.21 [INFO] Downloaded from central: https://repo.maven.apache.org/maven2/org/springframework/boot/spring-boot-starter-jackson/4.0.7/spring-boot-starter-jackson-4.0.7.jar (4.7 kB at 47 kB/s)
#10 49.21 [INFO] Downloading from central: https://repo.maven.apache.org/maven2/org/springframework/boot/spring-boot-jackson/4.0.7/spring-boot-jackson-4.0.7.jar
#10 49.31 [INFO] Downloaded from central: https://repo.maven.apache.org/maven2/org/springframework/boot/spring-boot-jackson/4.0.7/spring-boot-jackson-4.0.7.jar (68 kB at 342 kB/s)
#10 49.31 [INFO] Downloading from central: https://repo.maven.apache.org/maven2/org/springframework/boot/spring-boot-starter-tomcat/4.0.7/spring-boot-starter-tomcat-4.0.7.jar
#10 49.32 [INFO] Downloaded from central: https://repo.maven.apache.org/maven2/ch/qos/logback/logback-classic/1.5.34/logback-classic-1.5.34.jar (287 kB at 1.4 MB/s)
#10 49.32 [INFO] Downloading from central: https://repo.maven.apache.org/maven2/org/springframework/boot/spring-boot-starter-tomcat-runtime/4.0.7/spring-boot-starter-tomcat-runtime-4.0.7.jar
#10 49.34 [INFO] Downloaded from central: https://repo.maven.apache.org/maven2/org/apache/logging/log4j/log4j-api/2.25.4/log4j-api-2.25.4.jar (351 kB at 1.5 MB/s)
#10 49.34 [INFO] Downloading from central: https://repo.maven.apache.org/maven2/org/apache/tomcat/embed/tomcat-embed-core/11.0.22/tomcat-embed-core-11.0.22.jar
#10 49.35 [INFO] Downloaded from central: https://repo.maven.apache.org/maven2/org/springframework/boot/spring-boot-starter-tomcat/4.0.7/spring-boot-starter-tomcat-4.0.7.jar (4.8 kB at 20 kB/s)
#10 49.35 [INFO] Downloading from central: https://repo.maven.apache.org/maven2/org/apache/tomcat/embed/tomcat-embed-websocket/11.0.22/tomcat-embed-websocket-11.0.22.jar
#10 49.36 [INFO] Downloaded from central: https://repo.maven.apache.org/maven2/org/springframework/boot/spring-boot-starter-tomcat-runtime/4.0.7/spring-boot-starter-tomcat-runtime-4.0.7.jar (4.7 kB at 19 kB/s)
#10 49.36 [INFO] Downloading from central: https://repo.maven.apache.org/maven2/org/springframework/boot/spring-boot-tomcat/4.0.7/spring-boot-tomcat-4.0.7.jar
#10 49.49 [INFO] Downloaded from central: https://repo.maven.apache.org/maven2/org/springframework/boot/spring-boot-tomcat/4.0.7/spring-boot-tomcat-4.0.7.jar (124 kB at 329 kB/s)
#10 49.49 [INFO] Downloading from central: https://repo.maven.apache.org/maven2/org/springframework/boot/spring-boot-http-converter/4.0.7/spring-boot-http-converter-4.0.7.jar
#10 49.64 [INFO] Downloaded from central: https://repo.maven.apache.org/maven2/org/apache/tomcat/embed/tomcat-embed-websocket/11.0.22/tomcat-embed-websocket-11.0.22.jar (287 kB at 538 kB/s)
#10 49.64 [INFO] Downloading from central: https://repo.maven.apache.org/maven2/org/springframework/spring-web/7.0.8/spring-web-7.0.8.jar
#10 49.68 [INFO] Downloaded from central: https://repo.maven.apache.org/maven2/org/springframework/boot/spring-boot-http-converter/4.0.7/spring-boot-http-converter-4.0.7.jar (54 kB at 96 kB/s)
#10 49.68 [INFO] Downloading from central: https://repo.maven.apache.org/maven2/org/springframework/boot/spring-boot-webmvc/4.0.7/spring-boot-webmvc-4.0.7.jar
#10 49.74 [INFO] Downloaded from central: https://repo.maven.apache.org/maven2/ch/qos/logback/logback-core/1.5.34/logback-core-1.5.34.jar (645 kB at 1.0 MB/s)
#10 49.74 [INFO] Downloading from central: https://repo.maven.apache.org/maven2/org/springframework/boot/spring-boot-servlet/4.0.7/spring-boot-servlet-4.0.7.jar
#10 49.86 [INFO] Downloaded from central: https://repo.maven.apache.org/maven2/org/springframework/boot/spring-boot-servlet/4.0.7/spring-boot-servlet-4.0.7.jar (47 kB at 63 kB/s)
#10 49.86 [INFO] Downloading from central: https://repo.maven.apache.org/maven2/org/postgresql/postgresql/42.7.11/postgresql-42.7.11.jar
#10 49.90 [INFO] Downloaded from central: https://repo.maven.apache.org/maven2/org/springframework/boot/spring-boot-webmvc/4.0.7/spring-boot-webmvc-4.0.7.jar (174 kB at 221 kB/s)
#10 49.90 [INFO] Downloading from central: https://repo.maven.apache.org/maven2/org/springframework/boot/spring-boot-h2console/4.0.7/spring-boot-h2console-4.0.7.jar
#10 49.98 [INFO] Downloaded from central: https://repo.maven.apache.org/maven2/org/yaml/snakeyaml/2.5/snakeyaml-2.5.jar (340 kB at 390 kB/s)
#10 49.98 [INFO] Downloading from central: https://repo.maven.apache.org/maven2/org/springframework/boot/spring-boot/4.0.7/spring-boot-4.0.7.jar
#10 49.98 [INFO] Downloaded from central: https://repo.maven.apache.org/maven2/org/springframework/boot/spring-boot-h2console/4.0.7/spring-boot-h2console-4.0.7.jar (14 kB at 16 kB/s)
#10 49.98 [INFO] Downloading from central: https://repo.maven.apache.org/maven2/commons-logging/commons-logging/1.3.6/commons-logging-1.3.6.jar
#10 50.09 [INFO] Downloaded from central: https://repo.maven.apache.org/maven2/commons-logging/commons-logging/1.3.6/commons-logging-1.3.6.jar (74 kB at 76 kB/s)
#10 50.09 [INFO] Downloading from central: https://repo.maven.apache.org/maven2/jakarta/servlet/jakarta.servlet-api/6.1.0/jakarta.servlet-api-6.1.0.jar
#10 50.53 [INFO] Downloaded from central: https://repo.maven.apache.org/maven2/jakarta/servlet/jakarta.servlet-api/6.1.0/jakarta.servlet-api-6.1.0.jar (398 kB at 281 kB/s)
#10 50.53 [INFO] Downloading from central: https://repo.maven.apache.org/maven2/org/springframework/boot/spring-boot-starter-data-jpa/4.0.7/spring-boot-starter-data-jpa-4.0.7.jar
#10 50.61 [INFO] Downloaded from central: https://repo.maven.apache.org/maven2/org/springframework/boot/spring-boot-starter-data-jpa/4.0.7/spring-boot-starter-data-jpa-4.0.7.jar (4.8 kB at 3.2 kB/s)
#10 50.61 [INFO] Downloading from central: https://repo.maven.apache.org/maven2/org/springframework/boot/spring-boot-starter-jdbc/4.0.7/spring-boot-starter-jdbc-4.0.7.jar
#10 50.67 [INFO] Downloaded from central: https://repo.maven.apache.org/maven2/org/springframework/boot/spring-boot-starter-jdbc/4.0.7/spring-boot-starter-jdbc-4.0.7.jar (4.8 kB at 3.1 kB/s)
#10 50.67 [INFO] Downloading from central: https://repo.maven.apache.org/maven2/com/zaxxer/HikariCP/7.0.2/HikariCP-7.0.2.jar
#10 50.82 [INFO] Downloaded from central: https://repo.maven.apache.org/maven2/org/postgresql/postgresql/42.7.11/postgresql-42.7.11.jar (1.1 MB at 667 kB/s)
#10 50.82 [INFO] Downloading from central: https://repo.maven.apache.org/maven2/org/slf4j/slf4j-api/2.0.18/slf4j-api-2.0.18.jar
#10 50.90 [INFO] Downloaded from central: https://repo.maven.apache.org/maven2/com/zaxxer/HikariCP/7.0.2/HikariCP-7.0.2.jar (172 kB at 96 kB/s)
#10 50.90 [INFO] Downloading from central: https://repo.maven.apache.org/maven2/org/springframework/boot/spring-boot-data-jpa/4.0.7/spring-boot-data-jpa-4.0.7.jar
#10 50.96 [INFO] Downloaded from central: https://repo.maven.apache.org/maven2/org/slf4j/slf4j-api/2.0.18/slf4j-api-2.0.18.jar (70 kB at 38 kB/s)
#10 50.96 [INFO] Downloading from central: https://repo.maven.apache.org/maven2/org/springframework/boot/spring-boot-data-commons/4.0.7/spring-boot-data-commons-4.0.7.jar
#10 50.97 [INFO] Downloaded from central: https://repo.maven.apache.org/maven2/org/springframework/boot/spring-boot-data-jpa/4.0.7/spring-boot-data-jpa-4.0.7.jar (16 kB at 8.8 kB/s)
#10 50.97 [INFO] Downloading from central: https://repo.maven.apache.org/maven2/org/springframework/boot/spring-boot-persistence/4.0.7/spring-boot-persistence-4.0.7.jar
#10 51.01 [INFO] Downloaded from central: https://repo.maven.apache.org/maven2/org/springframework/boot/spring-boot-data-commons/4.0.7/spring-boot-data-commons-4.0.7.jar (30 kB at 16 kB/s)
#10 51.01 [INFO] Downloading from central: https://repo.maven.apache.org/maven2/org/springframework/data/spring-data-commons/4.0.6/spring-data-commons-4.0.6.jar
#10 51.08 [INFO] Downloaded from central: https://repo.maven.apache.org/maven2/org/springframework/boot/spring-boot-persistence/4.0.7/spring-boot-persistence-4.0.7.jar (16 kB at 8.1 kB/s)
#10 51.08 [INFO] Downloading from central: https://repo.maven.apache.org/maven2/org/springframework/boot/spring-boot-hibernate/4.0.7/spring-boot-hibernate-4.0.7.jar
#10 51.21 [INFO] Downloaded from central: https://repo.maven.apache.org/maven2/org/apache/tomcat/embed/tomcat-embed-core/11.0.22/tomcat-embed-core-11.0.22.jar (3.6 MB at 1.7 MB/s)
#10 51.21 [INFO] Downloading from central: https://repo.maven.apache.org/maven2/org/springframework/boot/spring-boot-jpa/4.0.7/spring-boot-jpa-4.0.7.jar
#10 51.22 [INFO] Downloaded from central: https://repo.maven.apache.org/maven2/org/springframework/boot/spring-boot-hibernate/4.0.7/spring-boot-hibernate-4.0.7.jar (29 kB at 14 kB/s)
#10 51.22 [INFO] Downloading from central: https://repo.maven.apache.org/maven2/jakarta/persistence/jakarta.persistence-api/3.2.0/jakarta.persistence-api-3.2.0.jar
#10 51.31 [INFO] Downloaded from central: https://repo.maven.apache.org/maven2/org/springframework/spring-web/7.0.8/spring-web-7.0.8.jar (2.2 MB at 1.0 MB/s)
#10 51.31 [INFO] Downloaded from central: https://repo.maven.apache.org/maven2/org/springframework/boot/spring-boot-jpa/4.0.7/spring-boot-jpa-4.0.7.jar (24 kB at 11 kB/s)
#10 51.31 [INFO] Downloading from central: https://repo.maven.apache.org/maven2/org/hibernate/orm/hibernate-core/7.2.19.Final/hibernate-core-7.2.19.Final.jar
#10 51.31 [INFO] Downloading from central: https://repo.maven.apache.org/maven2/jakarta/transaction/jakarta.transaction-api/2.0.1/jakarta.transaction-api-2.0.1.jar
#10 51.39 [INFO] Downloaded from central: https://repo.maven.apache.org/maven2/jakarta/transaction/jakarta.transaction-api/2.0.1/jakarta.transaction-api-2.0.1.jar (29 kB at 13 kB/s)
#10 51.39 [INFO] Downloading from central: https://repo.maven.apache.org/maven2/org/hibernate/models/hibernate-models/1.0.1/hibernate-models-1.0.1.jar
#10 51.42 [INFO] Downloaded from central: https://repo.maven.apache.org/maven2/jakarta/persistence/jakarta.persistence-api/3.2.0/jakarta.persistence-api-3.2.0.jar (196 kB at 85 kB/s)
#10 51.42 [INFO] Downloading from central: https://repo.maven.apache.org/maven2/org/glassfish/jaxb/jaxb-runtime/4.0.9/jaxb-runtime-4.0.9.jar
#10 51.69 [INFO] Downloaded from central: https://repo.maven.apache.org/maven2/org/hibernate/models/hibernate-models/1.0.1/hibernate-models-1.0.1.jar (218 kB at 84 kB/s)
#10 51.69 [INFO] Downloading from central: https://repo.maven.apache.org/maven2/org/glassfish/jaxb/jaxb-core/4.0.9/jaxb-core-4.0.9.jar
#10 51.88 [INFO] Downloaded from central: https://repo.maven.apache.org/maven2/org/glassfish/jaxb/jaxb-core/4.0.9/jaxb-core-4.0.9.jar (139 kB at 50 kB/s)
#10 51.88 [INFO] Downloading from central: https://repo.maven.apache.org/maven2/org/eclipse/angus/angus-activation/2.0.3/angus-activation-2.0.3.jar
#10 51.95 [INFO] Downloaded from central: https://repo.maven.apache.org/maven2/org/eclipse/angus/angus-activation/2.0.3/angus-activation-2.0.3.jar (27 kB at 9.4 kB/s)
#10 51.95 [INFO] Downloading from central: https://repo.maven.apache.org/maven2/org/glassfish/jaxb/txw2/4.0.9/txw2-4.0.9.jar
#10 52.04 [INFO] Downloaded from central: https://repo.maven.apache.org/maven2/org/glassfish/jaxb/txw2/4.0.9/txw2-4.0.9.jar (73 kB at 25 kB/s)
#10 52.04 [INFO] Downloading from central: https://repo.maven.apache.org/maven2/com/sun/istack/istack-commons-runtime/4.1.2/istack-commons-runtime-4.1.2.jar
#10 52.12 [INFO] Downloaded from central: https://repo.maven.apache.org/maven2/com/sun/istack/istack-commons-runtime/4.1.2/istack-commons-runtime-4.1.2.jar (26 kB at 8.6 kB/s)
#10 52.12 [INFO] Downloading from central: https://repo.maven.apache.org/maven2/jakarta/inject/jakarta.inject-api/2.0.1/jakarta.inject-api-2.0.1.jar
#10 52.16 [INFO] Downloaded from central: https://repo.maven.apache.org/maven2/jakarta/inject/jakarta.inject-api/2.0.1/jakarta.inject-api-2.0.1.jar (11 kB at 3.5 kB/s)
#10 52.16 [INFO] Downloading from central: https://repo.maven.apache.org/maven2/org/springframework/spring-orm/7.0.8/spring-orm-7.0.8.jar
#10 52.21 [INFO] Downloaded from central: https://repo.maven.apache.org/maven2/org/glassfish/jaxb/jaxb-runtime/4.0.9/jaxb-runtime-4.0.9.jar (922 kB at 298 kB/s)
#10 52.21 [INFO] Downloading from central: https://repo.maven.apache.org/maven2/org/springframework/data/spring-data-jpa/4.0.6/spring-data-jpa-4.0.6.jar
#10 52.34 [INFO] Downloaded from central: https://repo.maven.apache.org/maven2/org/springframework/spring-orm/7.0.8/spring-orm-7.0.8.jar (226 kB at 70 kB/s)
#10 52.34 [INFO] Downloading from central: https://repo.maven.apache.org/maven2/org/springframework/spring-tx/7.0.8/spring-tx-7.0.8.jar
#10 52.34 [INFO] Downloaded from central: https://repo.maven.apache.org/maven2/org/springframework/data/spring-data-commons/4.0.6/spring-data-commons-4.0.6.jar (1.7 MB at 525 kB/s)
#10 52.34 [INFO] Downloading from central: https://repo.maven.apache.org/maven2/org/antlr/antlr4-runtime/4.13.2/antlr4-runtime-4.13.2.jar
#10 52.59 [INFO] Downloaded from central: https://repo.maven.apache.org/maven2/org/springframework/spring-tx/7.0.8/spring-tx-7.0.8.jar (292 kB at 84 kB/s)
#10 52.59 [INFO] Downloading from central: https://repo.maven.apache.org/maven2/org/springframework/spring-aspects/7.0.8/spring-aspects-7.0.8.jar
#10 52.62 [INFO] Downloaded from central: https://repo.maven.apache.org/maven2/org/antlr/antlr4-runtime/4.13.2/antlr4-runtime-4.13.2.jar (326 kB at 93 kB/s)
#10 52.62 [INFO] Downloading from central: https://repo.maven.apache.org/maven2/org/aspectj/aspectjweaver/1.9.25.1/aspectjweaver-1.9.25.1.jar
#10 52.67 [INFO] Downloaded from central: https://repo.maven.apache.org/maven2/org/springframework/spring-aspects/7.0.8/spring-aspects-7.0.8.jar (50 kB at 14 kB/s)
#10 52.67 [INFO] Downloading from central: https://repo.maven.apache.org/maven2/org/springframework/boot/spring-boot-jdbc/4.0.7/spring-boot-jdbc-4.0.7.jar
#10 52.77 [INFO] Downloaded from central: https://repo.maven.apache.org/maven2/org/springframework/boot/spring-boot/4.0.7/spring-boot-4.0.7.jar (1.4 MB at 375 kB/s)
#10 52.77 [INFO] Downloading from central: https://repo.maven.apache.org/maven2/org/springframework/boot/spring-boot-sql/4.0.7/spring-boot-sql-4.0.7.jar
#10 52.90 [INFO] Downloaded from central: https://repo.maven.apache.org/maven2/org/springframework/boot/spring-boot-jdbc/4.0.7/spring-boot-jdbc-4.0.7.jar (201 kB at 53 kB/s)
#10 52.90 [INFO] Downloading from central: https://repo.maven.apache.org/maven2/org/springframework/boot/spring-boot-transaction/4.0.7/spring-boot-transaction-4.0.7.jar
#10 52.90 [INFO] Downloaded from central: https://repo.maven.apache.org/maven2/org/springframework/boot/spring-boot-sql/4.0.7/spring-boot-sql-4.0.7.jar (36 kB at 9.5 kB/s)
#10 52.90 [INFO] Downloading from central: https://repo.maven.apache.org/maven2/org/springframework/spring-jdbc/7.0.8/spring-jdbc-7.0.8.jar
#10 52.97 [INFO] Downloaded from central: https://repo.maven.apache.org/maven2/org/springframework/boot/spring-boot-transaction/4.0.7/spring-boot-transaction-4.0.7.jar (21 kB at 5.5 kB/s)
#10 52.97 [INFO] Downloading from central: https://repo.maven.apache.org/maven2/org/springframework/boot/spring-boot-starter-validation/4.0.7/spring-boot-starter-validation-4.0.7.jar
#10 53.07 [INFO] Downloaded from central: https://repo.maven.apache.org/maven2/org/springframework/boot/spring-boot-starter-validation/4.0.7/spring-boot-starter-validation-4.0.7.jar (4.8 kB at 1.2 kB/s)
#10 53.07 [INFO] Downloading from central: https://repo.maven.apache.org/maven2/org/springframework/boot/spring-boot-validation/4.0.7/spring-boot-validation-4.0.7.jar
#10 53.17 [INFO] Downloaded from central: https://repo.maven.apache.org/maven2/org/springframework/boot/spring-boot-validation/4.0.7/spring-boot-validation-4.0.7.jar (15 kB at 3.8 kB/s)
#10 53.17 [INFO] Downloading from central: https://repo.maven.apache.org/maven2/org/apache/tomcat/embed/tomcat-embed-el/11.0.22/tomcat-embed-el-11.0.22.jar
#10 53.78 [INFO] Downloaded from central: https://repo.maven.apache.org/maven2/org/apache/tomcat/embed/tomcat-embed-el/11.0.22/tomcat-embed-el-11.0.22.jar (270 kB at 58 kB/s)
#10 53.78 [INFO] Downloading from central: https://repo.maven.apache.org/maven2/org/hibernate/validator/hibernate-validator/9.0.1.Final/hibernate-validator-9.0.1.Final.jar
#10 53.94 [INFO] Downloaded from central: https://repo.maven.apache.org/maven2/org/springframework/data/spring-data-jpa/4.0.6/spring-data-jpa-4.0.6.jar (2.2 MB at 450 kB/s)
#10 53.94 [INFO] Downloading from central: https://repo.maven.apache.org/maven2/jakarta/validation/jakarta.validation-api/3.1.1/jakarta.validation-api-3.1.1.jar
#10 54.08 [INFO] Downloaded from central: https://repo.maven.apache.org/maven2/jakarta/validation/jakarta.validation-api/3.1.1/jakarta.validation-api-3.1.1.jar (106 kB at 21 kB/s)
#10 54.08 [INFO] Downloading from central: https://repo.maven.apache.org/maven2/org/jboss/logging/jboss-logging/3.6.3.Final/jboss-logging-3.6.3.Final.jar
#10 54.08 [INFO] Downloaded from central: https://repo.maven.apache.org/maven2/org/springframework/spring-jdbc/7.0.8/spring-jdbc-7.0.8.jar (481 kB at 97 kB/s)
#10 54.08 [INFO] Downloading from central: https://repo.maven.apache.org/maven2/com/fasterxml/classmate/1.7.3/classmate-1.7.3.jar
#10 54.20 [INFO] Downloaded from central: https://repo.maven.apache.org/maven2/org/jboss/logging/jboss-logging/3.6.3.Final/jboss-logging-3.6.3.Final.jar (63 kB at 12 kB/s)
#10 54.20 [INFO] Downloading from central: https://repo.maven.apache.org/maven2/com/mysql/mysql-connector-j/9.7.0/mysql-connector-j-9.7.0.jar
#10 54.26 [INFO] Downloaded from central: https://repo.maven.apache.org/maven2/org/aspectj/aspectjweaver/1.9.25.1/aspectjweaver-1.9.25.1.jar (2.2 MB at 425 kB/s)
#10 54.26 [INFO] Downloading from central: https://repo.maven.apache.org/maven2/org/springframework/boot/spring-boot-devtools/4.0.7/spring-boot-devtools-4.0.7.jar
#10 54.28 [INFO] Downloaded from central: https://repo.maven.apache.org/maven2/com/fasterxml/classmate/1.7.3/classmate-1.7.3.jar (68 kB at 13 kB/s)
#10 54.28 [INFO] Downloading from central: https://repo.maven.apache.org/maven2/org/springframework/boot/spring-boot-autoconfigure/4.0.7/spring-boot-autoconfigure-4.0.7.jar
#10 54.45 [INFO] Downloaded from central: https://repo.maven.apache.org/maven2/org/springframework/boot/spring-boot-devtools/4.0.7/spring-boot-devtools-4.0.7.jar (215 kB at 40 kB/s)
#10 54.45 [INFO] Downloading from central: https://repo.maven.apache.org/maven2/org/springframework/boot/spring-boot-starter-validation-test/4.0.7/spring-boot-starter-validation-test-4.0.7.jar
#10 54.49 [INFO] Downloaded from central: https://repo.maven.apache.org/maven2/org/springframework/boot/spring-boot-starter-validation-test/4.0.7/spring-boot-starter-validation-test-4.0.7.jar (4.8 kB at 887 B/s)
#10 54.49 [INFO] Downloading from central: https://repo.maven.apache.org/maven2/org/springframework/boot/spring-boot-starter-test/4.0.7/spring-boot-starter-test-4.0.7.jar
#10 54.51 [INFO] Downloaded from central: https://repo.maven.apache.org/maven2/org/springframework/boot/spring-boot-starter-test/4.0.7/spring-boot-starter-test-4.0.7.jar (4.8 kB at 886 B/s)
#10 54.51 [INFO] Downloading from central: https://repo.maven.apache.org/maven2/org/springframework/boot/spring-boot-test/4.0.7/spring-boot-test-4.0.7.jar
#10 54.69 [INFO] Downloaded from central: https://repo.maven.apache.org/maven2/org/springframework/boot/spring-boot-test/4.0.7/spring-boot-test-4.0.7.jar (210 kB at 38 kB/s)
#10 54.69 [INFO] Downloading from central: https://repo.maven.apache.org/maven2/org/springframework/boot/spring-boot-test-autoconfigure/4.0.7/spring-boot-test-autoconfigure-4.0.7.jar
#10 54.79 [INFO] Downloaded from central: https://repo.maven.apache.org/maven2/org/springframework/boot/spring-boot-test-autoconfigure/4.0.7/spring-boot-test-autoconfigure-4.0.7.jar (28 kB at 4.9 kB/s)
#10 54.79 [INFO] Downloading from central: https://repo.maven.apache.org/maven2/com/jayway/jsonpath/json-path/2.10.0/json-path-2.10.0.jar
#10 54.80 [INFO] Downloaded from central: https://repo.maven.apache.org/maven2/org/hibernate/validator/hibernate-validator/9.0.1.Final/hibernate-validator-9.0.1.Final.jar (1.4 MB at 239 kB/s)
#10 54.80 [INFO] Downloading from central: https://repo.maven.apache.org/maven2/jakarta/xml/bind/jakarta.xml.bind-api/4.0.5/jakarta.xml.bind-api-4.0.5.jar
#10 54.86 [INFO] Downloaded from central: https://repo.maven.apache.org/maven2/org/springframework/boot/spring-boot-autoconfigure/4.0.7/spring-boot-autoconfigure-4.0.7.jar (371 kB at 64 kB/s)
#10 54.86 [INFO] Downloading from central: https://repo.maven.apache.org/maven2/jakarta/activation/jakarta.activation-api/2.1.4/jakarta.activation-api-2.1.4.jar
#10 54.96 [INFO] Downloaded from central: https://repo.maven.apache.org/maven2/jakarta/xml/bind/jakarta.xml.bind-api/4.0.5/jakarta.xml.bind-api-4.0.5.jar (131 kB at 22 kB/s)
#10 54.96 [INFO] Downloading from central: https://repo.maven.apache.org/maven2/net/minidev/json-smart/2.6.0/json-smart-2.6.0.jar
#10 55.01 [INFO] Downloaded from central: https://repo.maven.apache.org/maven2/jakarta/activation/jakarta.activation-api/2.1.4/jakarta.activation-api-2.1.4.jar (67 kB at 11 kB/s)
#10 55.01 [INFO] Downloading from central: https://repo.maven.apache.org/maven2/net/minidev/accessors-smart/2.6.0/accessors-smart-2.6.0.jar
#10 55.08 [INFO] Downloaded from central: https://repo.maven.apache.org/maven2/com/jayway/jsonpath/json-path/2.10.0/json-path-2.10.0.jar (279 kB at 47 kB/s)
#10 55.08 [INFO] Downloading from central: https://repo.maven.apache.org/maven2/org/ow2/asm/asm/9.7.1/asm-9.7.1.jar
#10 55.11 [INFO] Downloaded from central: https://repo.maven.apache.org/maven2/net/minidev/accessors-smart/2.6.0/accessors-smart-2.6.0.jar (30 kB at 5.0 kB/s)
#10 55.11 [INFO] Downloading from central: https://repo.maven.apache.org/maven2/org/assertj/assertj-core/3.27.7/assertj-core-3.27.7.jar
#10 55.13 [INFO] Downloaded from central: https://repo.maven.apache.org/maven2/net/minidev/json-smart/2.6.0/json-smart-2.6.0.jar (123 kB at 20 kB/s)
#10 55.13 [INFO] Downloading from central: https://repo.maven.apache.org/maven2/net/bytebuddy/byte-buddy/1.17.8/byte-buddy-1.17.8.jar
#10 55.20 [INFO] Downloaded from central: https://repo.maven.apache.org/maven2/org/ow2/asm/asm/9.7.1/asm-9.7.1.jar (126 kB at 21 kB/s)
#10 55.20 [INFO] Downloading from central: https://repo.maven.apache.org/maven2/org/awaitility/awaitility/4.3.0/awaitility-4.3.0.jar
#10 55.33 [INFO] Downloaded from central: https://repo.maven.apache.org/maven2/org/awaitility/awaitility/4.3.0/awaitility-4.3.0.jar (98 kB at 16 kB/s)
#10 55.33 [INFO] Downloading from central: https://repo.maven.apache.org/maven2/org/hamcrest/hamcrest/3.0/hamcrest-3.0.jar
#10 55.54 [INFO] Downloaded from central: https://repo.maven.apache.org/maven2/org/hamcrest/hamcrest/3.0/hamcrest-3.0.jar (126 kB at 20 kB/s)
#10 55.54 [INFO] Downloading from central: https://repo.maven.apache.org/maven2/org/junit/jupiter/junit-jupiter/6.0.3/junit-jupiter-6.0.3.jar
#10 55.62 [INFO] Downloaded from central: https://repo.maven.apache.org/maven2/org/junit/jupiter/junit-jupiter/6.0.3/junit-jupiter-6.0.3.jar (6.4 kB at 979 B/s)
#10 55.62 [INFO] Downloading from central: https://repo.maven.apache.org/maven2/org/junit/jupiter/junit-jupiter-api/6.0.3/junit-jupiter-api-6.0.3.jar
#10 55.85 [INFO] Downloaded from central: https://repo.maven.apache.org/maven2/org/junit/jupiter/junit-jupiter-api/6.0.3/junit-jupiter-api-6.0.3.jar (251 kB at 37 kB/s)
#10 55.85 [INFO] Downloading from central: https://repo.maven.apache.org/maven2/org/opentest4j/opentest4j/1.3.0/opentest4j-1.3.0.jar
#10 55.98 [INFO] Downloaded from central: https://repo.maven.apache.org/maven2/org/opentest4j/opentest4j/1.3.0/opentest4j-1.3.0.jar (14 kB at 2.1 kB/s)
#10 55.98 [INFO] Downloading from central: https://repo.maven.apache.org/maven2/org/junit/platform/junit-platform-commons/6.0.3/junit-platform-commons-6.0.3.jar
#10 56.18 [INFO] Downloaded from central: https://repo.maven.apache.org/maven2/org/junit/platform/junit-platform-commons/6.0.3/junit-platform-commons-6.0.3.jar (171 kB at 24 kB/s)
#10 56.18 [INFO] Downloading from central: https://repo.maven.apache.org/maven2/org/apiguardian/apiguardian-api/1.1.2/apiguardian-api-1.1.2.jar
#10 56.28 [INFO] Downloaded from central: https://repo.maven.apache.org/maven2/org/apiguardian/apiguardian-api/1.1.2/apiguardian-api-1.1.2.jar (6.8 kB at 948 B/s)
#10 56.28 [INFO] Downloading from central: https://repo.maven.apache.org/maven2/org/junit/jupiter/junit-jupiter-params/6.0.3/junit-jupiter-params-6.0.3.jar
#10 56.33 [INFO] Downloaded from central: https://repo.maven.apache.org/maven2/com/mysql/mysql-connector-j/9.7.0/mysql-connector-j-9.7.0.jar (2.6 MB at 361 kB/s)
#10 56.33 [INFO] Downloading from central: https://repo.maven.apache.org/maven2/org/junit/jupiter/junit-jupiter-engine/6.0.3/junit-jupiter-engine-6.0.3.jar
#10 56.66 [INFO] Downloaded from central: https://repo.maven.apache.org/maven2/org/junit/jupiter/junit-jupiter-params/6.0.3/junit-jupiter-params-6.0.3.jar (297 kB at 39 kB/s)
#10 56.66 [INFO] Downloading from central: https://repo.maven.apache.org/maven2/org/junit/platform/junit-platform-engine/6.0.3/junit-platform-engine-6.0.3.jar
#10 56.81 [INFO] Downloaded from central: https://repo.maven.apache.org/maven2/org/junit/jupiter/junit-jupiter-engine/6.0.3/junit-jupiter-engine-6.0.3.jar (356 kB at 46 kB/s)
#10 56.81 [INFO] Downloading from central: https://repo.maven.apache.org/maven2/org/mockito/mockito-core/5.20.0/mockito-core-5.20.0.jar
#10 57.04 [INFO] Downloaded from central: https://repo.maven.apache.org/maven2/org/junit/platform/junit-platform-engine/6.0.3/junit-platform-engine-6.0.3.jar (280 kB at 35 kB/s)
#10 57.04 [INFO] Downloading from central: https://repo.maven.apache.org/maven2/net/bytebuddy/byte-buddy-agent/1.17.8/byte-buddy-agent-1.17.8.jar
#10 57.24 [INFO] Downloaded from central: https://repo.maven.apache.org/maven2/org/assertj/assertj-core/3.27.7/assertj-core-3.27.7.jar (1.4 MB at 172 kB/s)
#10 57.24 [INFO] Downloading from central: https://repo.maven.apache.org/maven2/org/objenesis/objenesis/3.3/objenesis-3.3.jar
#10 57.44 [INFO] Downloaded from central: https://repo.maven.apache.org/maven2/org/objenesis/objenesis/3.3/objenesis-3.3.jar (49 kB at 5.9 kB/s)
#10 57.44 [INFO] Downloading from central: https://repo.maven.apache.org/maven2/org/mockito/mockito-junit-jupiter/5.20.0/mockito-junit-jupiter-5.20.0.jar
#10 57.49 [INFO] Downloaded from central: https://repo.maven.apache.org/maven2/net/bytebuddy/byte-buddy-agent/1.17.8/byte-buddy-agent-1.17.8.jar (367 kB at 44 kB/s)
#10 57.49 [INFO] Downloading from central: https://repo.maven.apache.org/maven2/org/skyscreamer/jsonassert/1.5.3/jsonassert-1.5.3.jar
#10 57.51 [INFO] Downloaded from central: https://repo.maven.apache.org/maven2/org/mockito/mockito-junit-jupiter/5.20.0/mockito-junit-jupiter-5.20.0.jar (9.4 kB at 1.1 kB/s)
#10 57.51 [INFO] Downloading from central: https://repo.maven.apache.org/maven2/com/vaadin/external/google/android-json/0.0.20131108.vaadin1/android-json-0.0.20131108.vaadin1.jar
#10 57.55 [INFO] Downloaded from central: https://repo.maven.apache.org/maven2/org/mockito/mockito-core/5.20.0/mockito-core-5.20.0.jar (711 kB at 84 kB/s)
#10 57.55 [INFO] Downloading from central: https://repo.maven.apache.org/maven2/org/springframework/spring-test/7.0.8/spring-test-7.0.8.jar
#10 57.57 [INFO] Downloaded from central: https://repo.maven.apache.org/maven2/org/skyscreamer/jsonassert/1.5.3/jsonassert-1.5.3.jar (31 kB at 3.7 kB/s)
#10 57.57 [INFO] Downloading from central: https://repo.maven.apache.org/maven2/org/xmlunit/xmlunit-core/2.10.4/xmlunit-core-2.10.4.jar
#10 57.59 [INFO] Downloaded from central: https://repo.maven.apache.org/maven2/com/vaadin/external/google/android-json/0.0.20131108.vaadin1/android-json-0.0.20131108.vaadin1.jar (18 kB at 2.2 kB/s)
#10 57.59 [INFO] Downloading from central: https://repo.maven.apache.org/maven2/org/springframework/boot/spring-boot-starter-webmvc-test/4.0.7/spring-boot-starter-webmvc-test-4.0.7.jar
#10 57.68 [INFO] Downloaded from central: https://repo.maven.apache.org/maven2/org/springframework/boot/spring-boot-starter-webmvc-test/4.0.7/spring-boot-starter-webmvc-test-4.0.7.jar (4.8 kB at 554 B/s)
#10 57.68 [INFO] Downloading from central: https://repo.maven.apache.org/maven2/org/springframework/boot/spring-boot-starter-jackson-test/4.0.7/spring-boot-starter-jackson-test-4.0.7.jar
#10 57.81 [INFO] Downloaded from central: https://repo.maven.apache.org/maven2/org/springframework/boot/spring-boot-starter-jackson-test/4.0.7/spring-boot-starter-jackson-test-4.0.7.jar (4.7 kB at 545 B/s)
#10 57.81 [INFO] Downloading from central: https://repo.maven.apache.org/maven2/org/springframework/boot/spring-boot-webmvc-test/4.0.7/spring-boot-webmvc-test-4.0.7.jar
#10 57.82 [INFO] Downloaded from central: https://repo.maven.apache.org/maven2/org/xmlunit/xmlunit-core/2.10.4/xmlunit-core-2.10.4.jar (178 kB at 20 kB/s)
#10 57.82 [INFO] Downloading from central: https://repo.maven.apache.org/maven2/org/springframework/boot/spring-boot-web-server/4.0.7/spring-boot-web-server-4.0.7.jar
#10 57.96 [INFO] Downloaded from central: https://repo.maven.apache.org/maven2/org/springframework/boot/spring-boot-webmvc-test/4.0.7/spring-boot-webmvc-test-4.0.7.jar (46 kB at 5.2 kB/s)
#10 57.96 [INFO] Downloading from central: https://repo.maven.apache.org/maven2/org/springframework/boot/spring-boot-resttestclient/4.0.7/spring-boot-resttestclient-4.0.7.jar
#10 58.07 [INFO] Downloaded from central: https://repo.maven.apache.org/maven2/org/springframework/boot/spring-boot-resttestclient/4.0.7/spring-boot-resttestclient-4.0.7.jar (33 kB at 3.7 kB/s)
#10 58.07 [INFO] Downloading from central: https://repo.maven.apache.org/maven2/org/springdoc/springdoc-openapi-starter-webmvc-api/2.8.17/springdoc-openapi-starter-webmvc-api-2.8.17.jar
#10 58.09 [INFO] Downloaded from central: https://repo.maven.apache.org/maven2/org/springframework/boot/spring-boot-web-server/4.0.7/spring-boot-web-server-4.0.7.jar (169 kB at 19 kB/s)
#10 58.09 [INFO] Downloading from central: https://repo.maven.apache.org/maven2/org/springdoc/springdoc-openapi-starter-common/2.8.17/springdoc-openapi-starter-common-2.8.17.jar
#10 58.23 [INFO] Downloaded from central: https://repo.maven.apache.org/maven2/org/springdoc/springdoc-openapi-starter-webmvc-api/2.8.17/springdoc-openapi-starter-webmvc-api-2.8.17.jar (41 kB at 4.5 kB/s)
#10 58.23 [INFO] Downloading from central: https://repo.maven.apache.org/maven2/io/swagger/core/v3/swagger-core-jakarta/2.2.47/swagger-core-jakarta-2.2.47.jar
#10 58.73 [INFO] Downloaded from central: https://repo.maven.apache.org/maven2/io/swagger/core/v3/swagger-core-jakarta/2.2.47/swagger-core-jakarta-2.2.47.jar (262 kB at 27 kB/s)
#10 58.73 [INFO] Downloading from central: https://repo.maven.apache.org/maven2/io/swagger/core/v3/swagger-annotations-jakarta/2.2.47/swagger-annotations-jakarta-2.2.47.jar
#10 58.74 [INFO] Downloaded from central: https://repo.maven.apache.org/maven2/org/hibernate/orm/hibernate-core/7.2.19.Final/hibernate-core-7.2.19.Final.jar (14 MB at 1.5 MB/s)
#10 58.74 [INFO] Downloading from central: https://repo.maven.apache.org/maven2/io/swagger/core/v3/swagger-models-jakarta/2.2.47/swagger-models-jakarta-2.2.47.jar
#10 58.79 [INFO] Downloaded from central: https://repo.maven.apache.org/maven2/org/springframework/spring-test/7.0.8/spring-test-7.0.8.jar (1.1 MB at 115 kB/s)
#10 58.79 [INFO] Downloading from central: https://repo.maven.apache.org/maven2/com/fasterxml/jackson/core/jackson-databind/2.21.4/jackson-databind-2.21.4.jar
#10 58.84 [INFO] Downloaded from central: https://repo.maven.apache.org/maven2/io/swagger/core/v3/swagger-models-jakarta/2.2.47/swagger-models-jakarta-2.2.47.jar (142 kB at 15 kB/s)
#10 58.84 [INFO] Downloading from central: https://repo.maven.apache.org/maven2/com/fasterxml/jackson/core/jackson-core/2.21.4/jackson-core-2.21.4.jar
#10 58.87 [INFO] Downloaded from central: https://repo.maven.apache.org/maven2/io/swagger/core/v3/swagger-annotations-jakarta/2.2.47/swagger-annotations-jakarta-2.2.47.jar (51 kB at 5.2 kB/s)
#10 58.87 [INFO] Downloading from central: https://repo.maven.apache.org/maven2/com/fasterxml/jackson/dataformat/jackson-dataformat-yaml/2.21.4/jackson-dataformat-yaml-2.21.4.jar
#10 58.88 [INFO] Downloaded from central: https://repo.maven.apache.org/maven2/org/springdoc/springdoc-openapi-starter-common/2.8.17/springdoc-openapi-starter-common-2.8.17.jar (559 kB at 57 kB/s)
#10 58.88 [INFO] Downloading from central: https://repo.maven.apache.org/maven2/com/fasterxml/jackson/datatype/jackson-datatype-jsr310/2.21.4/jackson-datatype-jsr310-2.21.4.jar
#10 59.05 [INFO] Downloaded from central: https://repo.maven.apache.org/maven2/com/fasterxml/jackson/dataformat/jackson-dataformat-yaml/2.21.4/jackson-dataformat-yaml-2.21.4.jar (61 kB at 6.1 kB/s)
#10 59.05 [INFO] Downloading from central: https://repo.maven.apache.org/maven2/org/springframework/spring-webmvc/7.0.8/spring-webmvc-7.0.8.jar
#10 59.09 [INFO] Downloaded from central: https://repo.maven.apache.org/maven2/com/fasterxml/jackson/datatype/jackson-datatype-jsr310/2.21.4/jackson-datatype-jsr310-2.21.4.jar (137 kB at 14 kB/s)
#10 59.09 [INFO] Downloading from central: https://repo.maven.apache.org/maven2/org/springframework/boot/spring-boot-starter-data-jpa-test/4.0.7/spring-boot-starter-data-jpa-test-4.0.7.jar
#10 59.15 [INFO] Downloaded from central: https://repo.maven.apache.org/maven2/org/springframework/boot/spring-boot-starter-data-jpa-test/4.0.7/spring-boot-starter-data-jpa-test-4.0.7.jar (4.8 kB at 474 B/s)
#10 59.15 [INFO] Downloading from central: https://repo.maven.apache.org/maven2/org/springframework/boot/spring-boot-starter-jdbc-test/4.0.7/spring-boot-starter-jdbc-test-4.0.7.jar
#10 59.18 [INFO] Downloaded from central: https://repo.maven.apache.org/maven2/com/fasterxml/jackson/core/jackson-core/2.21.4/jackson-core-2.21.4.jar (594 kB at 59 kB/s)
#10 59.18 [INFO] Downloading from central: https://repo.maven.apache.org/maven2/org/springframework/boot/spring-boot-jdbc-test/4.0.7/spring-boot-jdbc-test-4.0.7.jar
#10 59.19 [INFO] Downloaded from central: https://repo.maven.apache.org/maven2/org/springframework/boot/spring-boot-starter-jdbc-test/4.0.7/spring-boot-starter-jdbc-test-4.0.7.jar (4.8 kB at 473 B/s)
#10 59.19 [INFO] Downloading from central: https://repo.maven.apache.org/maven2/org/springframework/boot/spring-boot-data-jpa-test/4.0.7/spring-boot-data-jpa-test-4.0.7.jar
#10 59.24 [INFO] Downloaded from central: https://repo.maven.apache.org/maven2/org/springframework/boot/spring-boot-jdbc-test/4.0.7/spring-boot-jdbc-test-4.0.7.jar (21 kB at 2.1 kB/s)
#10 59.24 [INFO] Downloading from central: https://repo.maven.apache.org/maven2/org/springframework/boot/spring-boot-jpa-test/4.0.7/spring-boot-jpa-test-4.0.7.jar
#10 59.24 [INFO] Downloaded from central: https://repo.maven.apache.org/maven2/org/springframework/boot/spring-boot-data-jpa-test/4.0.7/spring-boot-data-jpa-test-4.0.7.jar (9.4 kB at 931 B/s)
#10 59.24 [INFO] Downloading from central: https://repo.maven.apache.org/maven2/com/h2database/h2/2.4.240/h2-2.4.240.jar
#10 59.29 [INFO] Downloaded from central: https://repo.maven.apache.org/maven2/org/springframework/boot/spring-boot-jpa-test/4.0.7/spring-boot-jpa-test-4.0.7.jar (9.5 kB at 936 B/s)
#10 60.24 [INFO] Downloaded from central: https://repo.maven.apache.org/maven2/net/bytebuddy/byte-buddy/1.17.8/byte-buddy-1.17.8.jar (9.0 MB at 810 kB/s)
#10 60.39 [INFO] Downloaded from central: https://repo.maven.apache.org/maven2/org/springframework/spring-webmvc/7.0.8/spring-webmvc-7.0.8.jar (1.1 MB at 98 kB/s)
#10 60.49 [INFO] Downloaded from central: https://repo.maven.apache.org/maven2/com/h2database/h2/2.4.240/h2-2.4.240.jar (2.7 MB at 236 kB/s)
#10 60.56 [INFO] Downloaded from central: https://repo.maven.apache.org/maven2/com/fasterxml/jackson/core/jackson-databind/2.21.4/jackson-databind-2.21.4.jar (1.7 MB at 149 kB/s)
#10 60.64 [INFO] Resolved dependency: spring-boot-starter-webmvc-4.0.7.jar
#10 60.64 [INFO] Resolved dependency: spring-boot-starter-4.0.7.jar
#10 60.64 [INFO] Resolved dependency: spring-boot-starter-logging-4.0.7.jar
#10 60.64 [INFO] Resolved dependency: logback-classic-1.5.34.jar
#10 60.64 [INFO] Resolved dependency: logback-core-1.5.34.jar
#10 60.64 [INFO] Resolved dependency: log4j-to-slf4j-2.25.4.jar
#10 60.64 [INFO] Resolved dependency: log4j-api-2.25.4.jar
#10 60.64 [INFO] Resolved dependency: jul-to-slf4j-2.0.18.jar
#10 60.64 [INFO] Resolved dependency: jakarta.annotation-api-3.0.0.jar
#10 60.64 [INFO] Resolved dependency: snakeyaml-2.5.jar
#10 60.64 [INFO] Resolved dependency: spring-boot-starter-jackson-4.0.7.jar
#10 60.64 [INFO] Resolved dependency: spring-boot-jackson-4.0.7.jar
#10 60.64 [INFO] Resolved dependency: jackson-databind-3.1.4.jar
#10 60.64 [INFO] Resolved dependency: jackson-core-3.1.4.jar
#10 60.64 [INFO] Resolved dependency: spring-boot-starter-tomcat-4.0.7.jar
#10 60.64 [INFO] Resolved dependency: spring-boot-starter-tomcat-runtime-4.0.7.jar
#10 60.64 [INFO] Resolved dependency: tomcat-embed-core-11.0.22.jar
#10 60.64 [INFO] Resolved dependency: tomcat-embed-websocket-11.0.22.jar
#10 60.64 [INFO] Resolved dependency: spring-boot-tomcat-4.0.7.jar
#10 60.64 [INFO] Resolved dependency: spring-boot-http-converter-4.0.7.jar
#10 60.64 [INFO] Resolved dependency: spring-web-7.0.8.jar
#10 60.64 [INFO] Resolved dependency: micrometer-observation-1.16.6.jar
#10 60.64 [INFO] Resolved dependency: micrometer-commons-1.16.6.jar
#10 60.64 [INFO] Resolved dependency: spring-boot-webmvc-4.0.7.jar
#10 60.64 [INFO] Resolved dependency: spring-boot-servlet-4.0.7.jar
#10 60.64 [INFO] Resolved dependency: postgresql-42.7.11.jar
#10 60.64 [INFO] Resolved dependency: spring-boot-h2console-4.0.7.jar
#10 60.64 [INFO] Resolved dependency: spring-boot-4.0.7.jar
#10 60.64 [INFO] Resolved dependency: spring-core-7.0.8.jar
#10 60.64 [INFO] Resolved dependency: commons-logging-1.3.6.jar
#10 60.64 [INFO] Resolved dependency: jspecify-1.0.0.jar
#10 60.64 [INFO] Resolved dependency: spring-context-7.0.8.jar
#10 60.64 [INFO] Resolved dependency: jakarta.servlet-api-6.1.0.jar
#10 60.64 [INFO] Resolved dependency: spring-boot-starter-data-jpa-4.0.7.jar
#10 60.64 [INFO] Resolved dependency: spring-boot-starter-jdbc-4.0.7.jar
#10 60.64 [INFO] Resolved dependency: HikariCP-7.0.2.jar
#10 60.64 [INFO] Resolved dependency: slf4j-api-2.0.18.jar
#10 60.64 [INFO] Resolved dependency: spring-boot-data-jpa-4.0.7.jar
#10 60.64 [INFO] Resolved dependency: spring-boot-data-commons-4.0.7.jar
#10 60.64 [INFO] Resolved dependency: spring-boot-persistence-4.0.7.jar
#10 60.64 [INFO] Resolved dependency: spring-data-commons-4.0.6.jar
#10 60.64 [INFO] Resolved dependency: spring-boot-hibernate-4.0.7.jar
#10 60.64 [INFO] Resolved dependency: spring-boot-jpa-4.0.7.jar
#10 60.64 [INFO] Resolved dependency: jakarta.persistence-api-3.2.0.jar
#10 60.64 [INFO] Resolved dependency: hibernate-core-7.2.19.Final.jar
#10 60.64 [INFO] Resolved dependency: jakarta.transaction-api-2.0.1.jar
#10 60.64 [INFO] Resolved dependency: hibernate-models-1.0.1.jar
#10 60.64 [INFO] Resolved dependency: jaxb-runtime-4.0.9.jar
#10 60.64 [INFO] Resolved dependency: jaxb-core-4.0.9.jar
#10 60.64 [INFO] Resolved dependency: angus-activation-2.0.3.jar
#10 60.64 [INFO] Resolved dependency: txw2-4.0.9.jar
#10 60.64 [INFO] Resolved dependency: istack-commons-runtime-4.1.2.jar
#10 60.64 [INFO] Resolved dependency: jakarta.inject-api-2.0.1.jar
#10 60.64 [INFO] Resolved dependency: spring-orm-7.0.8.jar
#10 60.64 [INFO] Resolved dependency: spring-data-jpa-4.0.6.jar
#10 60.65 [INFO] Resolved dependency: spring-tx-7.0.8.jar
#10 60.65 [INFO] Resolved dependency: antlr4-runtime-4.13.2.jar
#10 60.65 [INFO] Resolved dependency: spring-aspects-7.0.8.jar
#10 60.65 [INFO] Resolved dependency: aspectjweaver-1.9.25.1.jar
#10 60.65 [INFO] Resolved dependency: spring-boot-jdbc-4.0.7.jar
#10 60.65 [INFO] Resolved dependency: spring-boot-sql-4.0.7.jar
#10 60.65 [INFO] Resolved dependency: spring-boot-transaction-4.0.7.jar
#10 60.65 [INFO] Resolved dependency: spring-jdbc-7.0.8.jar
#10 60.65 [INFO] Resolved dependency: spring-boot-starter-validation-4.0.7.jar
#10 60.65 [INFO] Resolved dependency: spring-boot-validation-4.0.7.jar
#10 60.65 [INFO] Resolved dependency: tomcat-embed-el-11.0.22.jar
#10 60.65 [INFO] Resolved dependency: hibernate-validator-9.0.1.Final.jar
#10 60.65 [INFO] Resolved dependency: jakarta.validation-api-3.1.1.jar
#10 60.65 [INFO] Resolved dependency: jboss-logging-3.6.3.Final.jar
#10 60.65 [INFO] Resolved dependency: classmate-1.7.3.jar
#10 60.65 [INFO] Resolved dependency: mysql-connector-j-9.7.0.jar
#10 60.65 [INFO] Resolved dependency: spring-boot-devtools-4.0.7.jar
#10 60.65 [INFO] Resolved dependency: spring-boot-autoconfigure-4.0.7.jar
#10 60.65 [INFO] Resolved dependency: spring-boot-starter-validation-test-4.0.7.jar
#10 60.65 [INFO] Resolved dependency: spring-boot-starter-test-4.0.7.jar
#10 60.65 [INFO] Resolved dependency: spring-boot-test-4.0.7.jar
#10 60.65 [INFO] Resolved dependency: spring-boot-test-autoconfigure-4.0.7.jar
#10 60.65 [INFO] Resolved dependency: json-path-2.10.0.jar
#10 60.65 [INFO] Resolved dependency: jakarta.xml.bind-api-4.0.5.jar
#10 60.65 [INFO] Resolved dependency: jakarta.activation-api-2.1.4.jar
#10 60.65 [INFO] Resolved dependency: json-smart-2.6.0.jar
#10 60.65 [INFO] Resolved dependency: accessors-smart-2.6.0.jar
#10 60.65 [INFO] Resolved dependency: asm-9.7.1.jar
#10 60.65 [INFO] Resolved dependency: assertj-core-3.27.7.jar
#10 60.65 [INFO] Resolved dependency: byte-buddy-1.17.8.jar
#10 60.65 [INFO] Resolved dependency: awaitility-4.3.0.jar
#10 60.65 [INFO] Resolved dependency: hamcrest-3.0.jar
#10 60.65 [INFO] Resolved dependency: junit-jupiter-6.0.3.jar
#10 60.65 [INFO] Resolved dependency: junit-jupiter-api-6.0.3.jar
#10 60.65 [INFO] Resolved dependency: opentest4j-1.3.0.jar
#10 60.65 [INFO] Resolved dependency: junit-platform-commons-6.0.3.jar
#10 60.65 [INFO] Resolved dependency: apiguardian-api-1.1.2.jar
#10 60.65 [INFO] Resolved dependency: junit-jupiter-params-6.0.3.jar
#10 60.65 [INFO] Resolved dependency: junit-jupiter-engine-6.0.3.jar
#10 60.65 [INFO] Resolved dependency: junit-platform-engine-6.0.3.jar
#10 60.65 [INFO] Resolved dependency: mockito-core-5.20.0.jar
#10 60.65 [INFO] Resolved dependency: byte-buddy-agent-1.17.8.jar
#10 60.65 [INFO] Resolved dependency: objenesis-3.3.jar
#10 60.65 [INFO] Resolved dependency: mockito-junit-jupiter-5.20.0.jar
#10 60.65 [INFO] Resolved dependency: jsonassert-1.5.3.jar
#10 60.65 [INFO] Resolved dependency: android-json-0.0.20131108.vaadin1.jar
#10 60.65 [INFO] Resolved dependency: spring-test-7.0.8.jar
#10 60.65 [INFO] Resolved dependency: xmlunit-core-2.10.4.jar
#10 60.65 [INFO] Resolved dependency: spring-boot-starter-webmvc-test-4.0.7.jar
#10 60.65 [INFO] Resolved dependency: spring-boot-starter-jackson-test-4.0.7.jar
#10 60.65 [INFO] Resolved dependency: spring-boot-webmvc-test-4.0.7.jar
#10 60.65 [INFO] Resolved dependency: spring-boot-web-server-4.0.7.jar
#10 60.65 [INFO] Resolved dependency: spring-boot-resttestclient-4.0.7.jar
#10 60.65 [INFO] Resolved dependency: springdoc-openapi-starter-webmvc-api-2.8.17.jar
#10 60.65 [INFO] Resolved dependency: springdoc-openapi-starter-common-2.8.17.jar
#10 60.65 [INFO] Resolved dependency: swagger-core-jakarta-2.2.47.jar
#10 60.65 [INFO] Resolved dependency: commons-lang3-3.19.0.jar
#10 60.65 [INFO] Resolved dependency: swagger-annotations-jakarta-2.2.47.jar
#10 60.65 [INFO] Resolved dependency: swagger-models-jakarta-2.2.47.jar
#10 60.65 [INFO] Resolved dependency: jackson-annotations-2.21.jar
#10 60.65 [INFO] Resolved dependency: jackson-databind-2.21.4.jar
#10 60.65 [INFO] Resolved dependency: jackson-core-2.21.4.jar
#10 60.65 [INFO] Resolved dependency: jackson-dataformat-yaml-2.21.4.jar
#10 60.65 [INFO] Resolved dependency: jackson-datatype-jsr310-2.21.4.jar
#10 60.65 [INFO] Resolved dependency: spring-webmvc-7.0.8.jar
#10 60.65 [INFO] Resolved dependency: spring-aop-7.0.8.jar
#10 60.65 [INFO] Resolved dependency: spring-beans-7.0.8.jar
#10 60.65 [INFO] Resolved dependency: spring-expression-7.0.8.jar
#10 60.65 [INFO] Resolved dependency: spring-boot-starter-data-jpa-test-4.0.7.jar
#10 60.65 [INFO] Resolved dependency: spring-boot-starter-jdbc-test-4.0.7.jar
#10 60.65 [INFO] Resolved dependency: spring-boot-jdbc-test-4.0.7.jar
#10 60.65 [INFO] Resolved dependency: spring-boot-data-jpa-test-4.0.7.jar
#10 60.65 [INFO] Resolved dependency: spring-boot-jpa-test-4.0.7.jar
#10 60.65 [INFO] Resolved dependency: h2-2.4.240.jar
#10 60.65 [INFO] ------------------------------------------------------------------------
#10 60.65 [INFO] BUILD SUCCESS
#10 60.65 [INFO] ------------------------------------------------------------------------
#10 60.65 [INFO] Total time:  59.207 s
#10 60.65 [INFO] Finished at: 2026-07-17T10:05:10Z
#10 60.65 [INFO] ------------------------------------------------------------------------
#10 DONE 61.2s

#12 [builder 5/6] COPY src ./src
#12 DONE 0.0s

#13 [builder 6/6] RUN mvn clean package -DskipTests
#13 0.763 [INFO] Scanning for projects...
#13 0.889 [INFO] 
#13 0.889 [INFO] -----------------------< com.pm:patient-service >-----------------------
#13 0.889 [INFO] Building patient-service 0.0.1-SNAPSHOT
#13 0.889 [INFO]   from pom.xml
#13 0.889 [INFO] --------------------------------[ jar ]---------------------------------
#13 1.204 [INFO] 
#13 1.204 [INFO] --- clean:3.5.0:clean (default-clean) @ patient-service ---
#13 1.249 [INFO] 
#13 1.249 [INFO] --- resources:3.3.1:resources (default-resources) @ patient-service ---
#13 1.318 [INFO] Copying 1 resource from src/main/resources to target/classes
#13 1.326 [INFO] Copying 1 resource from src/main/resources to target/classes
#13 1.328 [INFO] 
#13 1.328 [INFO] --- compiler:3.14.1:compile (default-compile) @ patient-service ---
#13 1.398 [INFO] Recompiling the module because of changed source code.
#13 1.404 [INFO] Compiling 12 source files with javac [debug parameters release 21] to target/classes
#13 2.041 [INFO] 
#13 2.041 [INFO] --- resources:3.3.1:testResources (default-testResources) @ patient-service ---
#13 2.045 [INFO] skip non existing resourceDirectory /app/src/test/resources
#13 2.045 [INFO] 
#13 2.045 [INFO] --- compiler:3.14.1:testCompile (default-testCompile) @ patient-service ---
#13 2.050 [INFO] Recompiling the module because of changed dependency.
#13 2.050 [INFO] Compiling 1 source file with javac [debug parameters release 21] to target/test-classes
#13 2.206 [INFO] 
#13 2.206 [INFO] --- surefire:3.5.6:test (default-test) @ patient-service ---
#13 2.273 [INFO] Tests are skipped.
#13 2.273 [INFO] 
#13 2.273 [INFO] --- jar:3.4.2:jar (default-jar) @ patient-service ---
#13 2.393 [INFO] Building jar: /app/target/patient-service-0.0.1-SNAPSHOT.jar
#13 2.423 [INFO] 
#13 2.423 [INFO] --- spring-boot:4.0.7:repackage (repackage) @ patient-service ---
#13 2.688 [INFO] Replacing main artifact /app/target/patient-service-0.0.1-SNAPSHOT.jar with repackaged archive, adding nested dependencies in BOOT-INF/.
#13 2.688 [INFO] The original artifact has been renamed to /app/target/patient-service-0.0.1-SNAPSHOT.jar.original
#13 2.689 [INFO] ------------------------------------------------------------------------
#13 2.689 [INFO] BUILD SUCCESS
#13 2.689 [INFO] ------------------------------------------------------------------------
#13 2.690 [INFO] Total time:  1.939 s
#13 2.690 [INFO] Finished at: 2026-07-17T10:05:14Z
#13 2.690 [INFO] ------------------------------------------------------------------------
#13 DONE 3.0s

#14 [stage-1 3/3] COPY --from=builder /app/target/*.jar app.jar
#14 DONE 0.3s

#15 exporting to image
#15 exporting layers 0.1s done
#15 writing image sha256:da9ff4dac6ac0296c483b12850f1028c3d539a6740e4615bca89d5be0aef0b33 done
#15 naming to docker.io/library/patient-service done
#15 DONE 0.1s

View build details: docker-desktop://dashboard/build/desktop-linux/desktop-linux/5sv58rbzs8b2wb1h6kq0w7wki
